Loaded 14996 stations from database
INFO:     127.0.0.1:60686 - "GET /api/stations/search?q=ber&limit=20 HTTP/1.1" 200 OK
INFO:     127.0.0.1:60686 - "GET /api/stations/search?q=berl&limit=20 HTTP/1.1" 200 OK
INFO:     127.0.0.1:60686 - "GET /api/stations/search?q=berlin+&limit=20 HTTP/1.1" 200 OK
INFO:     127.0.0.1:60686 - "GET /api/stations/search?q=berlin+ost&limit=20 HTTP/1.1" 200 OK

=== FETCHING DEPARTURES FROM Berlin Ostbahnhof ===
Origin station has 2 related platforms/sections:
  - 8089185: Berlin Ostbahnhof (S)
  - 8010255: Berlin Ostbahnhof
INFO:     127.0.0.1:48822 - "GET /api/stations/search?q=Berlin+Ostbahnhof&limit=20 HTTP/1.1" 200 OK
  Fetched 457 departures from Berlin Ostbahnhof (S)
  Fetched 179 departures from Berlin Ostbahnhof
Total departures from all platforms: 636

=== EARLY FILTERING: Train Type ===
  Train categories: [<TrainCategory.REGIONAL: 'regional'>, <TrainCategory.INTERCITY: 'intercity'>, <TrainCategory.OTHER: 'other'>]
  Train type filter: 636/636 departures kept
After train type filtering: 636 departures kept

Origin-connected stations: 241 (from departure paths)

=== FIRST SWEEP: Building neighbor graph ===
Analyzing 636 departure paths...
Built neighbor graph: 241 stations
  Hubs (3+ neighbors): 56 stations
  Endpoints (1 neighbor): 22 stations
  Pass-through (2 neighbors): 163 stations

=== SECOND SWEEP: Enhancing graph ===
Fetching departures for 78 stations (hubs + endpoints)...
  Train type filter: 992/992 departures kept
  [1/78] Berlin Ostkreuz (S) (from 2 platforms): 992 departures → 992 after filter
  Train type filter: 131/131 departures kept
  [2/78] Berlin-Friedrichsfelde Ost: 131 departures → 131 after filter
  Train type filter: 642/642 departures kept
  [3/78] Berlin Westkreuz: 642 departures → 642 after filter
  Train type filter: 158/158 departures kept
  [4/78] Berlin Messe Süd (Eichkamp): 158 departures → 158 after filter
  Train type filter: 142/142 departures kept
  [5/78] Berlin Olympiastadion: 142 departures → 142 after filter
  Train type filter: 141/141 departures kept
  [6/78] Berlin-Karlshorst (S): 141 departures → 141 after filter
  Train type filter: 790/790 departures kept
  [7/78] Berlin Hbf (from 4 platforms): 790 departures → 790 after filter
  Train type filter: 565/565 departures kept
  [8/78] Berlin Zoologischer Garten (from 2 platforms): 565 departures → 565 after filter
  Train type filter: 497/497 departures kept
  [9/78] Berlin-Charlottenburg (from 2 platforms): 497 departures → 497 after filter
  Train type filter: 992/992 departures kept
  [10/78] Berlin Ostkreuz (from 2 platforms): 992 departures → 992 after filter
  Train type filter: 268/268 departures kept
  [11/78] Berlin-Spandau (from 2 platforms): 268 departures → 268 after filter
  Train type filter: 382/382 departures kept
  [12/78] Hannover Hbf (from 2 platforms): 382 departures → 382 after filter
  Train type filter: 284/284 departures kept
  [13/78] Wuppertal Hbf (from 2 platforms): 284 departures → 284 after filter
  Train type filter: 673/673 departures kept
  [14/78] Köln Hbf (from 2 platforms): 673 departures → 673 after filter
  Train type filter: 114/114 departures kept
  [15/78] Stendal Hbf: 114 departures → 114 after filter

⚠️  UNRESOLVED STATIONS: 1 unique station names couldn't be matched
  'Wendestelle, Schönhausen (Elbe)': 12 occurrences
  Train type filter: 88/88 departures kept
  [16/78] Wolfsburg Hbf: 88 departures → 88 after filter
  Train type filter: 75/75 departures kept
  [17/78] Minden(Westf): 75 departures → 75 after filter
  Train type filter: 102/102 departures kept
  [18/78] Herford: 102 departures → 102 after filter
  Train type filter: 163/163 departures kept
  [19/78] Bielefeld Hbf: 163 departures → 163 after filter
  Train type filter: 189/189 departures kept
  [20/78] Hamm(Westf)Hbf: 189 departures → 189 after filter
  Train type filter: 355/355 departures kept
  [21/78] Dortmund Hbf: 355 departures → 355 after filter
  Train type filter: 453/453 departures kept
  [22/78] Essen Hbf (from 2 platforms): 453 departures → 453 after filter
  Train type filter: 588/588 departures kept
  [23/78] Düsseldorf Hbf: 588 departures → 588 after filter
  Train type filter: 289/289 departures kept
  [24/78] Berlin Wannsee (from 3 platforms): 289 departures → 289 after filter
  Train type filter: 189/189 departures kept
  [25/78] Potsdam Hbf (from 5 platforms): 189 departures → 189 after filter

⚠️  UNRESOLVED STATIONS: 1 unique station names couldn't be matched
  'Science Park/Universität, Potsdam': 4 occurrences
  Train type filter: 51/51 departures kept
  [26/78] Werder(Havel) (from 2 platforms): 51 departures → 51 after filter
  Train type filter: 48/48 departures kept
  [27/78] Brandenburg Hbf (from 2 platforms): 48 departures → 48 after filter
  Train type filter: 41/41 departures kept
  [28/78] Fangschleuse: 41 departures → 41 after filter
  Train type filter: 42/42 departures kept
  [29/78] Fürstenwalde(Spree): 42 departures → 42 after filter
  Train type filter: 165/165 departures kept
  [30/78] Braunschweig Hbf (from 2 platforms): 165 departures → 165 after filter
  Train type filter: 229/229 departures kept
  [31/78] Kassel-Wilhelmshöhe (from 2 platforms): 229 departures → 229 after filter
  Train type filter: 118/118 departures kept
  [32/78] Fulda (from 2 platforms): 118 departures → 118 after filter
  Train type filter: 830/830 departures kept
  [33/78] Frankfurt(Main)Hbf (from 3 platforms): 830 departures → 830 after filter
  Train type filter: 303/303 departures kept
  [34/78] Mannheim Hbf (from 2 platforms): 303 departures → 303 after filter
  Train type filter: 463/463 departures kept
  [35/78] Karlsruhe Hbf (from 4 platforms): 463 departures → 463 after filter
  Train type filter: 123/123 departures kept
  [36/78] Offenburg (from 3 platforms): 123 departures → 123 after filter
  Train type filter: 104/104 departures kept
  [37/78] Königs Wusterhausen: 104 departures → 104 after filter
  Train type filter: 24/24 departures kept
  [38/78] Groß Köris: 24 departures → 24 after filter
  Train type filter: 42/42 departures kept
  [39/78] Brand Tropical Islands: 42 departures → 42 after filter
  Train type filter: 51/51 departures kept
  [40/78] Lübben(Spreewald): 51 departures → 51 after filter
  Train type filter: 51/51 departures kept
  [41/78] Lübbenau(Spreewald): 51 departures → 51 after filter
  Train type filter: 140/140 departures kept
  [42/78] Osnabrück Hbf (from 2 platforms): 140 departures → 140 after filter
  Train type filter: 62/62 departures kept
  [43/78] Potsdam-Rehbrücke: 62 departures → 62 after filter
  Train type filter: 62/62 departures kept
  [44/78] Michendorf: 62 departures → 62 after filter
  Train type filter: 42/42 departures kept
  [45/78] Brück(Mark): 42 departures → 42 after filter
  Train type filter: 33/33 departures kept
  [46/78] Bad Belzig: 33 departures → 33 after filter
  Train type filter: 19/19 departures kept
  [47/78] Wiesenburg(Mark): 19 departures → 19 after filter
  Train type filter: 22/22 departures kept
  [48/78] Jeber-Bergfrieden: 22 departures → 22 after filter
  Train type filter: 193/193 departures kept
  [49/78] Hagen Hbf (from 2 platforms): 193 departures → 193 after filter
  Train type filter: 26/26 departures kept
  [50/78] Vetschau: 26 departures → 26 after filter
  Train type filter: 14/14 departures kept
  [51/78] Kunersdorf: 14 departures → 14 after filter
  Train type filter: 14/14 departures kept
  [52/78] Kolkwitz: 14 departures → 14 after filter
  Train type filter: 83/83 departures kept
  [53/78] Cottbus Hbf (from 3 platforms): 83 departures → 83 after filter
  Train type filter: 221/221 departures kept
  [54/78] Bremen Hbf (from 2 platforms): 221 departures → 221 after filter
  Train type filter: 170/170 departures kept
  [55/78] Darmstadt Hbf (from 2 platforms): 170 departures → 170 after filter
  Train type filter: 340/340 departures kept
  [56/78] Frankfurt(Main)Süd (from 2 platforms): 340 departures → 340 after filter

⚠️  UNRESOLVED STATIONS: 2 unique station names couldn't be matched
  'Stresemannallee/Mörfelder Landstraße, Frankfurt a.': 4 occurrences
  'Frankfurt(M) Flughafen Fernbahnhof, Frankfurt a.M.': 4 occurrences
  Train type filter: 124/124 departures kept
  [57/78] Flughafen BER - Terminal 1-2 (S-Bahn) (from 3 platforms): 124 departures → 124 after filter
  Train type filter: 34/34 departures kept
  [58/78] Strausberg Nord: 34 departures → 34 after filter
  Train type filter: 427/427 departures kept
  [59/78] Berlin Jannowitzbrücke: 427 departures → 427 after filter
  Train type filter: 268/268 departures kept
  [60/78] Berlin-Spandau (S) (from 2 platforms): 268 departures → 268 after filter
  Train type filter: 120/120 departures kept
  [61/78] Erkner (S) (from 2 platforms): 120 departures → 120 after filter
  Train type filter: 187/187 departures kept
  [62/78] Potsdam Hbf (S) (from 4 platforms): 187 departures → 187 after filter
  Train type filter: 69/69 departures kept
  [63/78] Ahrensfelde (S) (from 3 platforms): 69 departures → 69 after filter
  Train type filter: 556/556 departures kept
  [64/78] Berlin Alexanderplatz (from 2 platforms): 556 departures → 556 after filter
  Train type filter: 124/124 departures kept
  [65/78] Flughafen BER - Terminal 1-2 (from 3 platforms): 124 departures → 124 after filter
  Train type filter: 54/54 departures kept
  [66/78] Wustermark: 54 departures → 54 after filter
  Train type filter: 12/12 departures kept
  [67/78] Pillgram: 12 departures → 12 after filter
  Train type filter: 4/4 departures kept
  [68/78] Interlaken Ost: 4 departures → 4 after filter
  Train type filter: 43/43 departures kept
  [69/78] Möser: 43 departures → 43 after filter
  Train type filter: 47/47 departures kept
  [70/78] Senftenberg: 47 departures → 47 after filter
  Train type filter: 10/10 departures kept
  [71/78] Amsterdam Centraal (from 2 platforms): 10 departures → 10 after filter
  Train type filter: 81/81 departures kept
  [72/78] Dessau Hbf: 81 departures → 81 after filter
  Train type filter: 42/42 departures kept
  [73/78] Norddeich Mole (from 3 platforms): 42 departures → 42 after filter
  Train type filter: 285/285 departures kept
  [74/78] Saarbrücken Hbf (from 2 platforms): 285 departures → 285 after filter
  Train type filter: 275/275 departures kept
  [75/78] Dresden-Neustadt: 275 departures → 275 after filter
  Train type filter: 13/13 departures kept
  [76/78] Budapest-Nyugati (from 2 platforms): 13 departures → 13 after filter
  Train type filter: 14/14 departures kept
  [77/78] Paris Est (from 3 platforms): 14 departures → 14 after filter
  Train type filter: 169/169 departures kept
  [78/78] Koblenz Hbf (from 4 platforms): 169 departures → 169 after filter

⚠️  UNRESOLVED STATIONS: 17 unique station names couldn't be matched
  'Bahnhof, Treis-Karden': 72 occurrences
  'Bahnhof, Kobern-Gondorf': 50 occurrences
  'Bahnhof, Cochem': 36 occurrences
  'Güls Moselbrücke, Koblenz': 28 occurrences
  'Am Moselufer, Winningen (Mosel)': 28 occurrences
  'Bahnübergang, Lehmen': 28 occurrences
  'Kattenes Bürgerhaus, Löf': 28 occurrences
  'Bahnhof Alte Moselstraße, Löf': 28 occurrences
  'Bahnhof, Hatzenport': 28 occurrences
  'Seilerstraße, Moselkern': 28 occurrences
  ... and 7 more

Second sweep cache performance: 11 hits, 127 API calls

Enhanced neighbor graph: 2860 stations
  Hubs (3+ neighbors): 741 stations (↑685)
  Endpoints (1 neighbor): 164 stations (↑142)

=== FINAL FILTER: Hubs + Endpoints (origin-connected only) ===
Destinations to fetch: 138 stations
  (Filtered to only stations reachable from Berlin Ostbahnhof)

Filtering breakdown:
  Total in graph: 2860
  Pass-through (2 neighbors): 1955 (excluded)
  Not origin-connected: 767 (excluded)
  Kept (hubs + endpoints, origin-connected): 138

=== FETCHING PLANS FOR 138 DESTINATIONS ===
Expanded to 215 EVAs (including related platforms/sections)
Fetching hours: [3, 4, 5, 6, 7, 8, 9, 10, 11, 12, 13, 14, 15]

Destination plans cache performance:
  Cache hits: 123
  API fetches: 92
  Errors: 0
  Successfully loaded plans for 138/138 destinations
  (Aggregated from 215 platform/section EVAs)

✓ Verified arrival aggregation for 30 multi-platform stations:
  Flughafen BER - Terminal 1-2 (S-Bahn): 0 total arrivals from 2 platforms
    - Flughafen BER - Terminal 1-2: 0 arrivals, 59 departures
    - Flughafen BER - Terminal 1-2 (S-Bahn): 0 arrivals, 65 departures
  Berlin Ostkreuz (S): 0 total arrivals from 2 platforms
    - Berlin Ostkreuz: 0 arrivals, 258 departures
    - Berlin Ostkreuz (S): 0 arrivals, 740 departures
  Berlin Friedrichstraße (S): 884 total arrivals from 2 platforms
    - Berlin Friedrichstraße: 142 arrivals, 142 departures
    - Berlin Friedrichstraße (S): 742 arrivals, 742 departures
  Berlin-Spandau (S): 0 total arrivals from 2 platforms
    - Berlin-Spandau: 0 arrivals, 225 departures
    - Berlin-Spandau (S): 0 arrivals, 64 departures
  Erkner (S): 0 total arrivals from 2 platforms
    - Erkner (S): 0 arrivals, 66 departures
    - Erkner: 0 arrivals, 54 departures
  ... and 25 more multi-platform stations

=== BUILDING CONNECTIONS FROM REAL DATA ===
    🔍 Looking for train S 9027 at Berlin Warschauer Straße
       Departing at: 2025-10-20 03:57
       Checking 530 arrivals (aggregated from all related platforms/sections)
       ✗ Time diff out of range: 2min
       ✗ No matching arrival found
       Sample of available trains:
         - S 9027 at 2510200359
         - S 9025 at 2510200339
         - S 9023 at 2510200326
    🔍 Looking for train S 9027 at Berlin Treptower Park
       Departing at: 2025-10-20 03:57
       Checking 463 arrivals (aggregated from all related platforms/sections)
       ✓ Found match! Arrives at: 2025-10-20 04:02 (travel: 5min)
    🔍 Looking for train S 9027 at Berlin Baumschulenweg
       Departing at: 2025-10-20 03:57
       Checking 421 arrivals (aggregated from all related platforms/sections)
       ✓ Found match! Arrives at: 2025-10-20 04:07 (travel: 10min)
    🔍 Looking for train S 9027 at Berlin-Adlershof
       Departing at: 2025-10-20 03:57
       Checking 370 arrivals (aggregated from all related platforms/sections)
       ✓ Found match! Arrives at: 2025-10-20 04:18 (travel: 21min)
    🔍 Looking for train S 9027 at Schönefeld(bei Berlin)
       Departing at: 2025-10-20 03:57
       Checking 168 arrivals (aggregated from all related platforms/sections)
       ✓ Found match! Arrives at: 2025-10-20 04:28 (travel: 31min)
    🔍 Looking for train S 9025 at Berlin Warschauer Straße
       Departing at: 2025-10-20 03:37
       Checking 530 arrivals (aggregated from all related platforms/sections)
       ✗ Time diff out of range: 2min
       ✗ No matching arrival found
       Sample of available trains:
         - S 9027 at 2510200359
         - S 9025 at 2510200339
         - S 9023 at 2510200326
    🔍 Looking for train S 9025 at Berlin Treptower Park
       Departing at: 2025-10-20 03:37
       Checking 463 arrivals (aggregated from all related platforms/sections)
       ✓ Found match! Arrives at: 2025-10-20 03:42 (travel: 5min)
    🔍 Looking for train S 9025 at Berlin Baumschulenweg
       Departing at: 2025-10-20 03:37
       Checking 421 arrivals (aggregated from all related platforms/sections)
       ✓ Found match! Arrives at: 2025-10-20 03:47 (travel: 10min)
    🔍 Looking for train S 9025 at Berlin-Adlershof
       Departing at: 2025-10-20 03:37
       Checking 370 arrivals (aggregated from all related platforms/sections)
       ✓ Found match! Arrives at: 2025-10-20 03:58 (travel: 21min)
    🔍 Looking for train S 9025 at Schönefeld(bei Berlin)
       Departing at: 2025-10-20 03:37
       Checking 168 arrivals (aggregated from all related platforms/sections)
       ✓ Found match! Arrives at: 2025-10-20 04:08 (travel: 31min)
    🔍 Looking for train S 9023 at Berlin Warschauer Straße
       Departing at: 2025-10-20 03:24
       Checking 530 arrivals (aggregated from all related platforms/sections)
       ✗ Time diff out of range: 2min
       ✗ No matching arrival found
       Sample of available trains:
         - S 9027 at 2510200359
         - S 9025 at 2510200339
         - S 9023 at 2510200326
    🔍 Looking for train S 9023 at Berlin Treptower Park
       Departing at: 2025-10-20 03:24
       Checking 463 arrivals (aggregated from all related platforms/sections)
       ✓ Found match! Arrives at: 2025-10-20 03:29 (travel: 5min)
    🔍 Looking for train S 9023 at Berlin Baumschulenweg
       Departing at: 2025-10-20 03:24
       Checking 421 arrivals (aggregated from all related platforms/sections)
       ✓ Found match! Arrives at: 2025-10-20 03:34 (travel: 10min)
    🔍 Looking for train S 9023 at Berlin-Adlershof
       Departing at: 2025-10-20 03:24
       Checking 370 arrivals (aggregated from all related platforms/sections)
       ✓ Found match! Arrives at: 2025-10-20 03:42 (travel: 18min)
    🔍 Looking for train S 9023 at Schönefeld(bei Berlin)
       Departing at: 2025-10-20 03:24
       Checking 168 arrivals (aggregated from all related platforms/sections)
       ✓ Found match! Arrives at: 2025-10-20 03:52 (travel: 28min)
    🔍 Looking for train S 5025 at Berlin Warschauer Straße
       Departing at: 2025-10-20 03:52
       Checking 530 arrivals (aggregated from all related platforms/sections)
       ✗ Time diff out of range: 2min
       ✗ No matching arrival found
       Sample of available trains:
         - S 9027 at 2510200359
         - S 9025 at 2510200339
         - S 9023 at 2510200326
    🔍 Looking for train S 5025 at Berlin Ostkreuz (S)
       Departing at: 2025-10-20 03:52
       Checking 0 arrivals (aggregated from all related platforms/sections)
       ✗ No matching arrival found
       ⚠️  NO S-Bahn arrivals found within 30 minutes of departure
    🔍 Looking for train S 5025 at Berlin-Friedrichsfelde Ost
       Departing at: 2025-10-20 03:52
       Checking 0 arrivals (aggregated from all related platforms/sections)
       ✗ No matching arrival found
    🔍 Looking for train S 9021 at Berlin Warschauer Straße
       Departing at: 2025-10-20 03:09
       Checking 530 arrivals (aggregated from all related platforms/sections)
       ✗ Time diff out of range: 2min
       ✗ No matching arrival found
       Sample of available trains:
         - S 9027 at 2510200359
         - S 9025 at 2510200339
         - S 9023 at 2510200326
    🔍 Looking for train S 9021 at Berlin Treptower Park
       Departing at: 2025-10-20 03:09
       Checking 463 arrivals (aggregated from all related platforms/sections)
       ✓ Found match! Arrives at: 2025-10-20 03:14 (travel: 5min)
    🔍 Looking for train S 9021 at Berlin Baumschulenweg
       Departing at: 2025-10-20 03:09
       Checking 421 arrivals (aggregated from all related platforms/sections)
       ✓ Found match! Arrives at: 2025-10-20 03:19 (travel: 10min)
    🔍 Looking for train S 9021 at Berlin-Adlershof
       Departing at: 2025-10-20 03:09
       Checking 370 arrivals (aggregated from all related platforms/sections)
       ✓ Found match! Arrives at: 2025-10-20 03:27 (travel: 18min)
    🔍 Looking for train S 9021 at Schönefeld(bei Berlin)
       Departing at: 2025-10-20 03:09
       Checking 168 arrivals (aggregated from all related platforms/sections)
       ✓ Found match! Arrives at: 2025-10-20 03:37 (travel: 28min)
    🔍 Looking for train S 9026 at Berlin Friedrichstraße (S)
       Departing at: 2025-10-20 03:48
       Checking 884 arrivals (aggregated from all related platforms/sections)
       ✓ Found match! Arrives at: 2025-10-20 03:56 (travel: 8min)
    🔍 Looking for train S 9026 at Berlin Westkreuz
       Departing at: 2025-10-20 03:48
       Checking 0 arrivals (aggregated from all related platforms/sections)
       ✗ No matching arrival found
       ⚠️  NO S-Bahn arrivals found within 30 minutes of departure
    🔍 Looking for train S 9026 at Berlin Messe Süd (Eichkamp)
       Departing at: 2025-10-20 03:48
       Checking 0 arrivals (aggregated from all related platforms/sections)
       ✗ No matching arrival found
    🔍 Looking for train S 9026 at Berlin Olympiastadion
       Departing at: 2025-10-20 03:48
       Checking 0 arrivals (aggregated from all related platforms/sections)
       ✗ No matching arrival found
    🔍 Looking for train S 9026 at Berlin-Spandau (S)
       Departing at: 2025-10-20 03:48
       Checking 0 arrivals (aggregated from all related platforms/sections)
       ✗ No matching arrival found
    🔍 Looking for train S 3044 at Berlin Friedrichstraße (S)
       Departing at: 2025-10-20 03:58
       Checking 884 arrivals (aggregated from all related platforms/sections)
       ✓ Found match! Arrives at: 2025-10-20 04:06 (travel: 8min)
    🔍 Looking for train S 3044 at Berlin Westkreuz
       Departing at: 2025-10-20 03:58
       Checking 0 arrivals (aggregated from all related platforms/sections)
       ✗ No matching arrival found
       ⚠️  NO S-Bahn arrivals found within 30 minutes of departure
    🔍 Looking for train S 5024 at Berlin Friedrichstraße (S)
       Departing at: 2025-10-20 04:23
       Checking 884 arrivals (aggregated from all related platforms/sections)
       ✓ Found match! Arrives at: 2025-10-20 04:31 (travel: 8min)
    🔍 Looking for train S 5024 at Berlin Westkreuz
       Departing at: 2025-10-20 04:23
       Checking 0 arrivals (aggregated from all related platforms/sections)
       ✗ No matching arrival found
       ⚠️  NO S-Bahn arrivals found within 30 minutes of departure
    🔍 Looking for train S 3048 at Berlin Friedrichstraße (S)
       Departing at: 2025-10-20 04:38
       Checking 884 arrivals (aggregated from all related platforms/sections)
       ✓ Found match! Arrives at: 2025-10-20 04:46 (travel: 8min)
    🔍 Looking for train S 3048 at Berlin Westkreuz
       Departing at: 2025-10-20 04:38
       Checking 0 arrivals (aggregated from all related platforms/sections)
       ✗ No matching arrival found
       ⚠️  NO S-Bahn arrivals found within 30 minutes of departure
    🔍 Looking for train S 3048 at Berlin Messe Süd (Eichkamp)
       Departing at: 2025-10-20 04:38
       Checking 0 arrivals (aggregated from all related platforms/sections)
       ✗ No matching arrival found
    🔍 Looking for train S 3048 at Berlin Olympiastadion
       Departing at: 2025-10-20 04:38
       Checking 0 arrivals (aggregated from all related platforms/sections)
       ✗ No matching arrival found
    🔍 Looking for train S 3048 at Berlin-Spandau (S)
       Departing at: 2025-10-20 04:38
       Checking 0 arrivals (aggregated from all related platforms/sections)
       ✗ No matching arrival found
    🔍 Looking for train S 3049 at Berlin Warschauer Straße
       Departing at: 2025-10-20 04:47
       Checking 530 arrivals (aggregated from all related platforms/sections)
       ✗ Time diff out of range: 2min
       ✗ No matching arrival found
       Sample of available trains:
         - S 9027 at 2510200359
         - S 9025 at 2510200339
         - S 9023 at 2510200326
    🔍 Looking for train S 3049 at Berlin Ostkreuz (S)
       Departing at: 2025-10-20 04:47
       Checking 0 arrivals (aggregated from all related platforms/sections)
       ✗ No matching arrival found
       ⚠️  NO S-Bahn arrivals found within 30 minutes of departure
    🔍 Looking for train S 3049 at Berlin-Karlshorst (S)
       Departing at: 2025-10-20 04:47
       Checking 0 arrivals (aggregated from all related platforms/sections)
       ✗ No matching arrival found
    🔍 Looking for train S 3049 at Berlin-Köpenick
       Departing at: 2025-10-20 04:47
       Checking 139 arrivals (aggregated from all related platforms/sections)
       ✓ Found match! Arrives at: 2025-10-20 05:04 (travel: 17min)
    🔍 Looking for train S 3049 at Berlin-Friedrichshagen
       Departing at: 2025-10-20 04:47
       Checking 139 arrivals (aggregated from all related platforms/sections)
       ✓ Found match! Arrives at: 2025-10-20 05:09 (travel: 22min)
    🔍 Looking for train S 9031 at Berlin Warschauer Straße
       Departing at: 2025-10-20 04:37
       Checking 530 arrivals (aggregated from all related platforms/sections)
       ✗ Time diff out of range: 2min
       ✗ No matching arrival found
       Sample of available trains:
         - S 9027 at 2510200359
         - S 9025 at 2510200339
         - S 9023 at 2510200326
    🔍 Looking for train S 9031 at Berlin Treptower Park
       Departing at: 2025-10-20 04:37
       Checking 463 arrivals (aggregated from all related platforms/sections)
       ✓ Found match! Arrives at: 2025-10-20 04:42 (travel: 5min)
    🔍 Looking for train S 9031 at Berlin Baumschulenweg
       Departing at: 2025-10-20 04:37
       Checking 421 arrivals (aggregated from all related platforms/sections)
       ✓ Found match! Arrives at: 2025-10-20 04:47 (travel: 10min)
    🔍 Looking for train S 9031 at Berlin-Adlershof
       Departing at: 2025-10-20 04:37
       Checking 370 arrivals (aggregated from all related platforms/sections)
       ✓ Found match! Arrives at: 2025-10-20 04:58 (travel: 21min)
    🔍 Looking for train S 9031 at Schönefeld(bei Berlin)
       Departing at: 2025-10-20 04:37
       Checking 168 arrivals (aggregated from all related platforms/sections)
       ✓ Found match! Arrives at: 2025-10-20 05:08 (travel: 31min)
    🔍 Looking for train S 5029 at Berlin Warschauer Straße
       Departing at: 2025-10-20 04:32
       Checking 530 arrivals (aggregated from all related platforms/sections)
       ✗ Time diff out of range: 2min
       ✗ No matching arrival found
       Sample of available trains:
         - S 9027 at 2510200359
         - S 9025 at 2510200339
         - S 9023 at 2510200326
    🔍 Looking for train S 5029 at Berlin Ostkreuz (S)
       Departing at: 2025-10-20 04:32
       Checking 0 arrivals (aggregated from all related platforms/sections)
       ✗ No matching arrival found
       ⚠️  NO S-Bahn arrivals found within 30 minutes of departure
    🔍 Looking for train S 5029 at Berlin-Friedrichsfelde Ost
       Departing at: 2025-10-20 04:32
       Checking 0 arrivals (aggregated from all related platforms/sections)
       ✗ No matching arrival found
    🔍 Looking for train S 7042 at Berlin Friedrichstraße (S)
       Departing at: 2025-10-20 04:26
       Checking 884 arrivals (aggregated from all related platforms/sections)
       ✓ Found match! Arrives at: 2025-10-20 04:33 (travel: 7min)
    🔍 Looking for train S 7042 at Berlin Westkreuz
       Departing at: 2025-10-20 04:26
       Checking 0 arrivals (aggregated from all related platforms/sections)
       ✗ No matching arrival found
       ⚠️  NO S-Bahn arrivals found within 30 minutes of departure
    🔍 Looking for train S 7042 at Berlin-Nikolassee
       Departing at: 2025-10-20 04:26
       Checking 274 arrivals (aggregated from all related platforms/sections)
       ✓ Found match! Arrives at: 2025-10-20 05:00 (travel: 34min)
    🔍 Looking for train S 5027 at Berlin Warschauer Straße
       Departing at: 2025-10-20 04:12
       Checking 530 arrivals (aggregated from all related platforms/sections)
       ✗ Time diff out of range: 2min
       ✗ No matching arrival found
       Sample of available trains:
         - S 9027 at 2510200359
         - S 9025 at 2510200339
         - S 9023 at 2510200326
    🔍 Looking for train S 5027 at Berlin Ostkreuz (S)
       Departing at: 2025-10-20 04:12
       Checking 0 arrivals (aggregated from all related platforms/sections)
       ✗ No matching arrival found
       ⚠️  NO S-Bahn arrivals found within 30 minutes of departure
    🔍 Looking for train S 5027 at Berlin-Friedrichsfelde Ost
       Departing at: 2025-10-20 04:12
       Checking 0 arrivals (aggregated from all related platforms/sections)
       ✗ No matching arrival found
    🔍 Looking for train S 5026 at Berlin Friedrichstraße (S)
       Departing at: 2025-10-20 04:43
       Checking 884 arrivals (aggregated from all related platforms/sections)
       ✓ Found match! Arrives at: 2025-10-20 04:51 (travel: 8min)
    🔍 Looking for train S 5026 at Berlin Westkreuz
       Departing at: 2025-10-20 04:43
       Checking 0 arrivals (aggregated from all related platforms/sections)
       ✗ No matching arrival found
       ⚠️  NO S-Bahn arrivals found within 30 minutes of departure
    🔍 Looking for train S 3050 at Berlin Friedrichstraße (S)
       Departing at: 2025-10-20 04:58
       Checking 884 arrivals (aggregated from all related platforms/sections)
       ✓ Found match! Arrives at: 2025-10-20 05:06 (travel: 8min)
    🔍 Looking for train S 3050 at Berlin Westkreuz
       Departing at: 2025-10-20 04:58
       Checking 0 arrivals (aggregated from all related platforms/sections)
       ✗ No matching arrival found
       ⚠️  NO S-Bahn arrivals found within 30 minutes of departure
    🔍 Looking for train S 3050 at Berlin Messe Süd (Eichkamp)
       Departing at: 2025-10-20 04:58
       Checking 0 arrivals (aggregated from all related platforms/sections)
       ✗ No matching arrival found
    🔍 Looking for train S 3050 at Berlin Olympiastadion
       Departing at: 2025-10-20 04:58
       Checking 0 arrivals (aggregated from all related platforms/sections)
       ✗ No matching arrival found
    🔍 Looking for train S 3050 at Berlin-Spandau (S)
       Departing at: 2025-10-20 04:58
       Checking 0 arrivals (aggregated from all related platforms/sections)
       ✗ No matching arrival found
    🔍 Looking for train S 7507 at Berlin Warschauer Straße
       Departing at: 2025-10-20 04:39
       Checking 530 arrivals (aggregated from all related platforms/sections)
       ✗ Time diff out of range: 2min
       ✗ No matching arrival found
       Sample of available trains:
         - S 9027 at 2510200359
         - S 9025 at 2510200339
         - S 9023 at 2510200326
    🔍 Looking for train S 7507 at Berlin Ostkreuz (S)
       Departing at: 2025-10-20 04:39
       Checking 0 arrivals (aggregated from all related platforms/sections)
       ✗ No matching arrival found
       ⚠️  NO S-Bahn arrivals found within 30 minutes of departure
    🔍 Looking for train S 3047 at Berlin Warschauer Straße
       Departing at: 2025-10-20 04:27
       Checking 530 arrivals (aggregated from all related platforms/sections)
       ✗ Time diff out of range: 2min
       ✗ No matching arrival found
       Sample of available trains:
         - S 9027 at 2510200359
         - S 9025 at 2510200339
         - S 9023 at 2510200326
    🔍 Looking for train S 3047 at Berlin Ostkreuz (S)
       Departing at: 2025-10-20 04:27
       Checking 0 arrivals (aggregated from all related platforms/sections)
       ✗ No matching arrival found
       ⚠️  NO S-Bahn arrivals found within 30 minutes of departure
    🔍 Looking for train S 3047 at Berlin-Karlshorst (S)
       Departing at: 2025-10-20 04:27
       Checking 0 arrivals (aggregated from all related platforms/sections)
       ✗ No matching arrival found
    🔍 Looking for train S 3047 at Berlin-Köpenick
       Departing at: 2025-10-20 04:27
       Checking 139 arrivals (aggregated from all related platforms/sections)
       ✓ Found match! Arrives at: 2025-10-20 04:44 (travel: 17min)
    🔍 Looking for train S 3047 at Berlin-Friedrichshagen
       Departing at: 2025-10-20 04:27
       Checking 139 arrivals (aggregated from all related platforms/sections)
       ✓ Found match! Arrives at: 2025-10-20 04:49 (travel: 22min)
    🔍 Looking for train S 9028 at Berlin Friedrichstraße (S)
       Departing at: 2025-10-20 04:08
       Checking 884 arrivals (aggregated from all related platforms/sections)
       ✓ Found match! Arrives at: 2025-10-20 04:16 (travel: 8min)
    🔍 Looking for train S 9028 at Berlin Westkreuz
       Departing at: 2025-10-20 04:08
       Checking 0 arrivals (aggregated from all related platforms/sections)
       ✗ No matching arrival found
       ⚠️  NO S-Bahn arrivals found within 30 minutes of departure
    🔍 Looking for train S 9028 at Berlin Messe Süd (Eichkamp)
       Departing at: 2025-10-20 04:08
       Checking 0 arrivals (aggregated from all related platforms/sections)
       ✗ No matching arrival found
    🔍 Looking for train S 9028 at Berlin Olympiastadion
       Departing at: 2025-10-20 04:08
       Checking 0 arrivals (aggregated from all related platforms/sections)
       ✗ No matching arrival found
    🔍 Looking for train S 9028 at Berlin-Spandau (S)
       Departing at: 2025-10-20 04:08
       Checking 0 arrivals (aggregated from all related platforms/sections)
       ✗ No matching arrival found
    🔍 Looking for train S 7509 at Berlin Warschauer Straße
       Departing at: 2025-10-20 04:59
       Checking 530 arrivals (aggregated from all related platforms/sections)
       ✗ Time diff out of range: 2min
       ✗ No matching arrival found
       Sample of available trains:
         - S 9027 at 2510200359
         - S 9025 at 2510200339
         - S 9023 at 2510200326
    🔍 Looking for train S 7509 at Berlin Ostkreuz (S)
       Departing at: 2025-10-20 04:59
       Checking 0 arrivals (aggregated from all related platforms/sections)
       ✗ No matching arrival found
       ⚠️  NO S-Bahn arrivals found within 30 minutes of departure
    🔍 Looking for train S 3045 at Berlin Warschauer Straße
       Departing at: 2025-10-20 04:07
       Checking 530 arrivals (aggregated from all related platforms/sections)
       ✗ Time diff out of range: 2min
       ✗ No matching arrival found
       Sample of available trains:
         - S 9027 at 2510200359
         - S 9025 at 2510200339
         - S 9023 at 2510200326
    🔍 Looking for train S 3045 at Berlin Ostkreuz (S)
       Departing at: 2025-10-20 04:07
       Checking 0 arrivals (aggregated from all related platforms/sections)
       ✗ No matching arrival found
       ⚠️  NO S-Bahn arrivals found within 30 minutes of departure
    🔍 Looking for train S 3045 at Berlin-Karlshorst (S)
       Departing at: 2025-10-20 04:07
       Checking 0 arrivals (aggregated from all related platforms/sections)
       ✗ No matching arrival found
    🔍 Looking for train S 3045 at Berlin-Köpenick
       Departing at: 2025-10-20 04:07
       Checking 139 arrivals (aggregated from all related platforms/sections)
       ✓ Found match! Arrives at: 2025-10-20 04:24 (travel: 17min)
    🔍 Looking for train S 3045 at Berlin-Friedrichshagen
       Departing at: 2025-10-20 04:07
       Checking 139 arrivals (aggregated from all related platforms/sections)
       ✓ Found match! Arrives at: 2025-10-20 04:29 (travel: 22min)
    🔍 Looking for train S 5516 at Berlin Friedrichstraße (S)
       Departing at: 2025-10-20 04:53
       Checking 884 arrivals (aggregated from all related platforms/sections)
       ✓ Found match! Arrives at: 2025-10-20 05:01 (travel: 8min)
    🔍 Looking for train S 5516 at Berlin Westkreuz
       Departing at: 2025-10-20 04:53
       Checking 0 arrivals (aggregated from all related platforms/sections)
       ✗ No matching arrival found
       ⚠️  NO S-Bahn arrivals found within 30 minutes of departure
    🔍 Looking for train S 9033 at Berlin Warschauer Straße
       Departing at: 2025-10-20 04:57
       Checking 530 arrivals (aggregated from all related platforms/sections)
       ✗ Time diff out of range: 2min
       ✗ No matching arrival found
       Sample of available trains:
         - S 9027 at 2510200359
         - S 9025 at 2510200339
         - S 9023 at 2510200326
    🔍 Looking for train S 9033 at Berlin Treptower Park
       Departing at: 2025-10-20 04:57
       Checking 463 arrivals (aggregated from all related platforms/sections)
       ✓ Found match! Arrives at: 2025-10-20 05:02 (travel: 5min)
    🔍 Looking for train S 9033 at Berlin Baumschulenweg
       Departing at: 2025-10-20 04:57
       Checking 421 arrivals (aggregated from all related platforms/sections)
       ✓ Found match! Arrives at: 2025-10-20 05:07 (travel: 10min)
    🔍 Looking for train S 9033 at Berlin-Adlershof
       Departing at: 2025-10-20 04:57
       Checking 370 arrivals (aggregated from all related platforms/sections)
       ✓ Found match! Arrives at: 2025-10-20 05:18 (travel: 21min)
    🔍 Looking for train S 9033 at Schönefeld(bei Berlin)
       Departing at: 2025-10-20 04:57
       Checking 168 arrivals (aggregated from all related platforms/sections)
       ✓ Found match! Arrives at: 2025-10-20 05:28 (travel: 31min)
    🔍 Looking for train S 9032 at Berlin Friedrichstraße (S)
       Departing at: 2025-10-20 04:48
       Checking 884 arrivals (aggregated from all related platforms/sections)
       ✓ Found match! Arrives at: 2025-10-20 04:56 (travel: 8min)
    🔍 Looking for train S 9032 at Berlin Westkreuz
       Departing at: 2025-10-20 04:48
       Checking 0 arrivals (aggregated from all related platforms/sections)
       ✗ No matching arrival found
       ⚠️  NO S-Bahn arrivals found within 30 minutes of departure
    🔍 Looking for train S 9032 at Berlin Messe Süd (Eichkamp)
       Departing at: 2025-10-20 04:48
       Checking 0 arrivals (aggregated from all related platforms/sections)
       ✗ No matching arrival found
    🔍 Looking for train S 9032 at Berlin Olympiastadion
       Departing at: 2025-10-20 04:48
       Checking 0 arrivals (aggregated from all related platforms/sections)
       ✗ No matching arrival found
    🔍 Looking for train S 9032 at Berlin-Spandau (S)
       Departing at: 2025-10-20 04:48
       Checking 0 arrivals (aggregated from all related platforms/sections)
       ✗ No matching arrival found
    🔍 Looking for train S 7039 at Berlin Warschauer Straße
       Departing at: 2025-10-20 04:09
       Checking 530 arrivals (aggregated from all related platforms/sections)
       ✗ Time diff out of range: 2min
       ✗ No matching arrival found
       Sample of available trains:
         - S 9027 at 2510200359
         - S 9025 at 2510200339
         - S 9023 at 2510200326
    🔍 Looking for train S 7039 at Berlin Ostkreuz (S)
       Departing at: 2025-10-20 04:09
       Checking 0 arrivals (aggregated from all related platforms/sections)
       ✗ No matching arrival found
       ⚠️  NO S-Bahn arrivals found within 30 minutes of departure
    🔍 Looking for train S 7039 at Berlin-Friedrichsfelde Ost
       Departing at: 2025-10-20 04:09
       Checking 0 arrivals (aggregated from all related platforms/sections)
       ✗ No matching arrival found
    🔍 Looking for train S 7041 at Berlin Warschauer Straße
       Departing at: 2025-10-20 04:29
       Checking 530 arrivals (aggregated from all related platforms/sections)
       ✗ Time diff out of range: 2min
       ✗ No matching arrival found
       Sample of available trains:
         - S 9027 at 2510200359
         - S 9025 at 2510200339
         - S 9023 at 2510200326
    🔍 Looking for train S 7041 at Berlin Ostkreuz (S)
       Departing at: 2025-10-20 04:29
       Checking 0 arrivals (aggregated from all related platforms/sections)
       ✗ No matching arrival found
       ⚠️  NO S-Bahn arrivals found within 30 minutes of departure
    🔍 Looking for train S 7041 at Berlin-Friedrichsfelde Ost
       Departing at: 2025-10-20 04:29
       Checking 0 arrivals (aggregated from all related platforms/sections)
       ✗ No matching arrival found
    🔍 Looking for train S 7040 at Berlin Friedrichstraße (S)
       Departing at: 2025-10-20 04:06
       Checking 884 arrivals (aggregated from all related platforms/sections)
       ✓ Found match! Arrives at: 2025-10-20 04:13 (travel: 7min)
    🔍 Looking for train S 7040 at Berlin Westkreuz
       Departing at: 2025-10-20 04:06
       Checking 0 arrivals (aggregated from all related platforms/sections)
       ✗ No matching arrival found
       ⚠️  NO S-Bahn arrivals found within 30 minutes of departure
    🔍 Looking for train S 7040 at Berlin-Nikolassee
       Departing at: 2025-10-20 04:06
       Checking 274 arrivals (aggregated from all related platforms/sections)
       ✓ Found match! Arrives at: 2025-10-20 04:40 (travel: 34min)
    🔍 Looking for train S 3519 at Berlin Warschauer Straße
       Departing at: 2025-10-20 04:57
       Checking 530 arrivals (aggregated from all related platforms/sections)
       ✗ Time diff out of range: 2min
       ✗ No matching arrival found
       Sample of available trains:
         - S 9027 at 2510200359
         - S 9025 at 2510200339
         - S 9023 at 2510200326
    🔍 Looking for train S 3519 at Berlin Ostkreuz (S)
       Departing at: 2025-10-20 04:57
       Checking 0 arrivals (aggregated from all related platforms/sections)
       ✗ No matching arrival found
       ⚠️  NO S-Bahn arrivals found within 30 minutes of departure
    🔍 Looking for train S 3519 at Berlin-Karlshorst (S)
       Departing at: 2025-10-20 04:57
       Checking 0 arrivals (aggregated from all related platforms/sections)
       ✗ No matching arrival found
    🔍 Looking for train S 3519 at Berlin-Köpenick
       Departing at: 2025-10-20 04:57
       Checking 139 arrivals (aggregated from all related platforms/sections)
       ✓ Found match! Arrives at: 2025-10-20 05:14 (travel: 17min)
    🔍 Looking for train S 3519 at Berlin-Friedrichshagen
       Departing at: 2025-10-20 04:57
       Checking 139 arrivals (aggregated from all related platforms/sections)
       ✓ Found match! Arrives at: 2025-10-20 05:19 (travel: 22min)
    🔍 Looking for train S 7043 at Berlin Warschauer Straße
       Departing at: 2025-10-20 04:49
       Checking 530 arrivals (aggregated from all related platforms/sections)
       ✗ Time diff out of range: 2min
       ✗ No matching arrival found
       Sample of available trains:
         - S 9027 at 2510200359
         - S 9025 at 2510200339
         - S 9023 at 2510200326
    🔍 Looking for train S 7043 at Berlin Ostkreuz (S)
       Departing at: 2025-10-20 04:49
       Checking 0 arrivals (aggregated from all related platforms/sections)
       ✗ No matching arrival found
       ⚠️  NO S-Bahn arrivals found within 30 minutes of departure
    🔍 Looking for train S 7043 at Berlin-Friedrichsfelde Ost
       Departing at: 2025-10-20 04:49
       Checking 0 arrivals (aggregated from all related platforms/sections)
       ✗ No matching arrival found
    🔍 Looking for train S 7044 at Berlin Friedrichstraße (S)
       Departing at: 2025-10-20 04:46
       Checking 884 arrivals (aggregated from all related platforms/sections)
       ✓ Found match! Arrives at: 2025-10-20 04:53 (travel: 7min)
    🔍 Looking for train S 7044 at Berlin Westkreuz
       Departing at: 2025-10-20 04:46
       Checking 0 arrivals (aggregated from all related platforms/sections)
       ✗ No matching arrival found
       ⚠️  NO S-Bahn arrivals found within 30 minutes of departure
    🔍 Looking for train S 7044 at Berlin-Nikolassee
       Departing at: 2025-10-20 04:46
       Checking 274 arrivals (aggregated from all related platforms/sections)
       ✓ Found match! Arrives at: 2025-10-20 05:20 (travel: 34min)
    🔍 Looking for train S 5022 at Berlin Friedrichstraße (S)
       Departing at: 2025-10-20 04:03
       Checking 884 arrivals (aggregated from all related platforms/sections)
       ✓ Found match! Arrives at: 2025-10-20 04:11 (travel: 8min)
    🔍 Looking for train S 5022 at Berlin Westkreuz
       Departing at: 2025-10-20 04:03
       Checking 0 arrivals (aggregated from all related platforms/sections)
       ✗ No matching arrival found
       ⚠️  NO S-Bahn arrivals found within 30 minutes of departure
    🔍 Looking for train S 5031 at Berlin Warschauer Straße
       Departing at: 2025-10-20 04:52
       Checking 530 arrivals (aggregated from all related platforms/sections)
       ✗ Time diff out of range: 2min
       ✗ No matching arrival found
       Sample of available trains:
         - S 9027 at 2510200359
         - S 9025 at 2510200339
         - S 9023 at 2510200326
    🔍 Looking for train S 5031 at Berlin Ostkreuz (S)
       Departing at: 2025-10-20 04:52
       Checking 0 arrivals (aggregated from all related platforms/sections)
       ✗ No matching arrival found
       ⚠️  NO S-Bahn arrivals found within 30 minutes of departure
    🔍 Looking for train S 5031 at Berlin-Friedrichsfelde Ost
       Departing at: 2025-10-20 04:52
       Checking 0 arrivals (aggregated from all related platforms/sections)
       ✗ No matching arrival found
    🔍 Looking for train S 9029 at Berlin Warschauer Straße
       Departing at: 2025-10-20 04:17
       Checking 530 arrivals (aggregated from all related platforms/sections)
       ✗ Time diff out of range: 2min
       ✗ No matching arrival found
       Sample of available trains:
         - S 9027 at 2510200359
         - S 9025 at 2510200339
         - S 9023 at 2510200326
    🔍 Looking for train S 9029 at Berlin Treptower Park
       Departing at: 2025-10-20 04:17
       Checking 463 arrivals (aggregated from all related platforms/sections)
       ✓ Found match! Arrives at: 2025-10-20 04:22 (travel: 5min)
    🔍 Looking for train S 9029 at Berlin Baumschulenweg
       Departing at: 2025-10-20 04:17
       Checking 421 arrivals (aggregated from all related platforms/sections)
       ✓ Found match! Arrives at: 2025-10-20 04:27 (travel: 10min)
    🔍 Looking for train S 9029 at Berlin-Adlershof
       Departing at: 2025-10-20 04:17
       Checking 370 arrivals (aggregated from all related platforms/sections)
       ✓ Found match! Arrives at: 2025-10-20 04:38 (travel: 21min)
    🔍 Looking for train S 9029 at Schönefeld(bei Berlin)
       Departing at: 2025-10-20 04:17
       Checking 168 arrivals (aggregated from all related platforms/sections)
       ✓ Found match! Arrives at: 2025-10-20 04:48 (travel: 31min)
    🔍 Looking for train S 7512 at Berlin Friedrichstraße (S)
       Departing at: 2025-10-20 04:56
       Checking 884 arrivals (aggregated from all related platforms/sections)
       ✓ Found match! Arrives at: 2025-10-20 05:03 (travel: 7min)
    🔍 Looking for train S 7512 at Berlin Westkreuz
       Departing at: 2025-10-20 04:56
       Checking 0 arrivals (aggregated from all related platforms/sections)
       ✗ No matching arrival found
       ⚠️  NO S-Bahn arrivals found within 30 minutes of departure
    🔍 Looking for train S 7512 at Berlin-Nikolassee
       Departing at: 2025-10-20 04:56
       Checking 274 arrivals (aggregated from all related platforms/sections)
       ✓ Found match! Arrives at: 2025-10-20 05:30 (travel: 34min)
    🔍 Looking for train S 9030 at Berlin Friedrichstraße (S)
       Departing at: 2025-10-20 04:28
       Checking 884 arrivals (aggregated from all related platforms/sections)
       ✓ Found match! Arrives at: 2025-10-20 04:36 (travel: 8min)
    🔍 Looking for train S 9030 at Berlin Westkreuz
       Departing at: 2025-10-20 04:28
       Checking 0 arrivals (aggregated from all related platforms/sections)
       ✗ No matching arrival found
       ⚠️  NO S-Bahn arrivals found within 30 minutes of departure
    🔍 Looking for train S 9030 at Berlin Messe Süd (Eichkamp)
       Departing at: 2025-10-20 04:28
       Checking 0 arrivals (aggregated from all related platforms/sections)
       ✗ No matching arrival found
    🔍 Looking for train S 9030 at Berlin Olympiastadion
       Departing at: 2025-10-20 04:28
       Checking 0 arrivals (aggregated from all related platforms/sections)
       ✗ No matching arrival found
    🔍 Looking for train S 9030 at Berlin-Spandau (S)
       Departing at: 2025-10-20 04:28
       Checking 0 arrivals (aggregated from all related platforms/sections)
       ✗ No matching arrival found
    🔍 Looking for train S 3046 at Berlin Friedrichstraße (S)
       Departing at: 2025-10-20 04:18
       Checking 884 arrivals (aggregated from all related platforms/sections)
       ✓ Found match! Arrives at: 2025-10-20 04:26 (travel: 8min)
    🔍 Looking for train S 3046 at Berlin Westkreuz
       Departing at: 2025-10-20 04:18
       Checking 0 arrivals (aggregated from all related platforms/sections)
       ✗ No matching arrival found
       ⚠️  NO S-Bahn arrivals found within 30 minutes of departure
    🔍 Looking for train S 7518 at Berlin Friedrichstraße (S)
       Departing at: 2025-10-20 05:56
       Checking 884 arrivals (aggregated from all related platforms/sections)
       ✓ Found match! Arrives at: 2025-10-20 06:03 (travel: 7min)
    🔍 Looking for train S 7518 at Berlin Westkreuz
       Departing at: 2025-10-20 05:56
       Checking 0 arrivals (aggregated from all related platforms/sections)
       ✗ No matching arrival found
       ⚠️  NO S-Bahn arrivals found within 30 minutes of departure
    🔍 Looking for train S 7518 at Berlin-Nikolassee
       Departing at: 2025-10-20 05:56
       Checking 274 arrivals (aggregated from all related platforms/sections)
       ✓ Found match! Arrives at: 2025-10-20 06:30 (travel: 34min)
    🔍 Looking for train S 5519 at Berlin Warschauer Straße
       Departing at: 2025-10-20 05:22
       Checking 530 arrivals (aggregated from all related platforms/sections)
       ✗ Time diff out of range: 2min
       ✗ No matching arrival found
       Sample of available trains:
         - S 9027 at 2510200359
         - S 9025 at 2510200339
         - S 9023 at 2510200326
    🔍 Looking for train S 5519 at Berlin Ostkreuz (S)
       Departing at: 2025-10-20 05:22
       Checking 0 arrivals (aggregated from all related platforms/sections)
       ✗ No matching arrival found
       ⚠️  NO S-Bahn arrivals found within 30 minutes of departure
    🔍 Looking for train S 7047 at Berlin Warschauer Straße
       Departing at: 2025-10-20 05:29
       Checking 530 arrivals (aggregated from all related platforms/sections)
       ✗ Time diff out of range: 2min
       ✗ No matching arrival found
       Sample of available trains:
         - S 9027 at 2510200359
         - S 9025 at 2510200339
         - S 9023 at 2510200326
    🔍 Looking for train S 7047 at Berlin Ostkreuz (S)
       Departing at: 2025-10-20 05:29
       Checking 0 arrivals (aggregated from all related platforms/sections)
       ✗ No matching arrival found
       ⚠️  NO S-Bahn arrivals found within 30 minutes of departure
    🔍 Looking for train S 7047 at Berlin-Friedrichsfelde Ost
       Departing at: 2025-10-20 05:29
       Checking 0 arrivals (aggregated from all related platforms/sections)
       ✗ No matching arrival found
    🔍 Looking for train S 3721 at Berlin Warschauer Straße
       Departing at: 2025-10-20 05:17
       Checking 530 arrivals (aggregated from all related platforms/sections)
       ✗ Time diff out of range: 2min
       ✗ No matching arrival found
       Sample of available trains:
         - S 9027 at 2510200359
         - S 9025 at 2510200339
         - S 9023 at 2510200326
    🔍 Looking for train S 3721 at Berlin Ostkreuz (S)
       Departing at: 2025-10-20 05:17
       Checking 0 arrivals (aggregated from all related platforms/sections)
       ✗ No matching arrival found
       ⚠️  NO S-Bahn arrivals found within 30 minutes of departure
    🔍 Looking for train S 3721 at Berlin-Karlshorst (S)
       Departing at: 2025-10-20 05:17
       Checking 0 arrivals (aggregated from all related platforms/sections)
       ✗ No matching arrival found
    🔍 Looking for train S 3721 at Berlin-Köpenick
       Departing at: 2025-10-20 05:17
       Checking 139 arrivals (aggregated from all related platforms/sections)
       ✓ Found match! Arrives at: 2025-10-20 05:34 (travel: 17min)
    🔍 Looking for train S 3721 at Berlin-Friedrichshagen
       Departing at: 2025-10-20 05:17
       Checking 139 arrivals (aggregated from all related platforms/sections)
       ✓ Found match! Arrives at: 2025-10-20 05:39 (travel: 22min)
    🔍 Looking for train S 7046 at Berlin Friedrichstraße (S)
       Departing at: 2025-10-20 05:06
       Checking 884 arrivals (aggregated from all related platforms/sections)
       ✓ Found match! Arrives at: 2025-10-20 05:13 (travel: 7min)
    🔍 Looking for train S 7046 at Berlin Westkreuz
       Departing at: 2025-10-20 05:06
       Checking 0 arrivals (aggregated from all related platforms/sections)
       ✗ No matching arrival found
       ⚠️  NO S-Bahn arrivals found within 30 minutes of departure
    🔍 Looking for train S 7046 at Berlin-Nikolassee
       Departing at: 2025-10-20 05:06
       Checking 274 arrivals (aggregated from all related platforms/sections)
       ✓ Found match! Arrives at: 2025-10-20 05:40 (travel: 34min)
    🔍 Looking for train S 3723 at Berlin Warschauer Straße
       Departing at: 2025-10-20 05:37
       Checking 530 arrivals (aggregated from all related platforms/sections)
       ✗ Time diff out of range: 2min
       ✗ No matching arrival found
       Sample of available trains:
         - S 9027 at 2510200359
         - S 9025 at 2510200339
         - S 9023 at 2510200326
    🔍 Looking for train S 3723 at Berlin Ostkreuz (S)
       Departing at: 2025-10-20 05:37
       Checking 0 arrivals (aggregated from all related platforms/sections)
       ✗ No matching arrival found
       ⚠️  NO S-Bahn arrivals found within 30 minutes of departure
    🔍 Looking for train S 3723 at Berlin-Karlshorst (S)
       Departing at: 2025-10-20 05:37
       Checking 0 arrivals (aggregated from all related platforms/sections)
       ✗ No matching arrival found
    🔍 Looking for train S 3723 at Berlin-Köpenick
       Departing at: 2025-10-20 05:37
       Checking 139 arrivals (aggregated from all related platforms/sections)
       ✓ Found match! Arrives at: 2025-10-20 05:54 (travel: 17min)
    🔍 Looking for train S 3723 at Berlin-Friedrichshagen
       Departing at: 2025-10-20 05:37
       Checking 139 arrivals (aggregated from all related platforms/sections)
       ✓ Found match! Arrives at: 2025-10-20 05:59 (travel: 22min)
    🔍 Looking for train S 5035 at Berlin Warschauer Straße
       Departing at: 2025-10-20 05:32
       Checking 530 arrivals (aggregated from all related platforms/sections)
       ✗ Time diff out of range: 2min
       ✗ No matching arrival found
       Sample of available trains:
         - S 9027 at 2510200359
         - S 9025 at 2510200339
         - S 9023 at 2510200326
    🔍 Looking for train S 5035 at Berlin Ostkreuz (S)
       Departing at: 2025-10-20 05:32
       Checking 0 arrivals (aggregated from all related platforms/sections)
       ✗ No matching arrival found
       ⚠️  NO S-Bahn arrivals found within 30 minutes of departure
    🔍 Looking for train S 5035 at Berlin-Friedrichsfelde Ost
       Departing at: 2025-10-20 05:32
       Checking 0 arrivals (aggregated from all related platforms/sections)
       ✗ No matching arrival found
    🔍 Looking for train S 7511 at Berlin Warschauer Straße
       Departing at: 2025-10-20 05:19
       Checking 530 arrivals (aggregated from all related platforms/sections)
       ✗ Time diff out of range: 2min
       ✗ No matching arrival found
       Sample of available trains:
         - S 9027 at 2510200359
         - S 9025 at 2510200339
         - S 9023 at 2510200326
    🔍 Looking for train S 7511 at Berlin Ostkreuz (S)
       Departing at: 2025-10-20 05:19
       Checking 0 arrivals (aggregated from all related platforms/sections)
       ✗ No matching arrival found
       ⚠️  NO S-Bahn arrivals found within 30 minutes of departure
    🔍 Looking for train S 7515 at Berlin Warschauer Straße
       Departing at: 2025-10-20 05:59
       Checking 530 arrivals (aggregated from all related platforms/sections)
       ✗ Time diff out of range: 2min
       ✗ No matching arrival found
       Sample of available trains:
         - S 9027 at 2510200359
         - S 9025 at 2510200339
         - S 9023 at 2510200326
    🔍 Looking for train S 7515 at Berlin Ostkreuz (S)
       Departing at: 2025-10-20 05:59
       Checking 0 arrivals (aggregated from all related platforms/sections)
       ✗ No matching arrival found
       ⚠️  NO S-Bahn arrivals found within 30 minutes of departure
    🔍 Looking for train S 5030 at Berlin Friedrichstraße (S)
       Departing at: 2025-10-20 05:23
       Checking 884 arrivals (aggregated from all related platforms/sections)
       ✓ Found match! Arrives at: 2025-10-20 05:31 (travel: 8min)
    🔍 Looking for train S 5030 at Berlin Westkreuz
       Departing at: 2025-10-20 05:23
       Checking 0 arrivals (aggregated from all related platforms/sections)
       ✗ No matching arrival found
       ⚠️  NO S-Bahn arrivals found within 30 minutes of departure
    🔍 Looking for train S 3053 at Berlin Warschauer Straße
       Departing at: 2025-10-20 05:27
       Checking 530 arrivals (aggregated from all related platforms/sections)
       ✗ Time diff out of range: 2min
       ✗ No matching arrival found
       Sample of available trains:
         - S 9027 at 2510200359
         - S 9025 at 2510200339
         - S 9023 at 2510200326
    🔍 Looking for train S 3053 at Berlin Ostkreuz (S)
       Departing at: 2025-10-20 05:27
       Checking 0 arrivals (aggregated from all related platforms/sections)
       ✗ No matching arrival found
       ⚠️  NO S-Bahn arrivals found within 30 minutes of departure
    🔍 Looking for train S 3053 at Berlin-Karlshorst (S)
       Departing at: 2025-10-20 05:27
       Checking 0 arrivals (aggregated from all related platforms/sections)
       ✗ No matching arrival found
    🔍 Looking for train S 3053 at Berlin-Köpenick
       Departing at: 2025-10-20 05:27
       Checking 139 arrivals (aggregated from all related platforms/sections)
       ✓ Found match! Arrives at: 2025-10-20 05:44 (travel: 17min)
    🔍 Looking for train S 3053 at Berlin-Friedrichshagen
       Departing at: 2025-10-20 05:27
       Checking 139 arrivals (aggregated from all related platforms/sections)
       ✓ Found match! Arrives at: 2025-10-20 05:49 (travel: 22min)
    🔍 Looking for train S 3054 at Berlin Friedrichstraße (S)
       Departing at: 2025-10-20 05:38
       Checking 884 arrivals (aggregated from all related platforms/sections)
       ✓ Found match! Arrives at: 2025-10-20 05:46 (travel: 8min)
    🔍 Looking for train S 3054 at Berlin Westkreuz
       Departing at: 2025-10-20 05:38
       Checking 0 arrivals (aggregated from all related platforms/sections)
       ✗ No matching arrival found
       ⚠️  NO S-Bahn arrivals found within 30 minutes of departure
    🔍 Looking for train S 3054 at Berlin Messe Süd (Eichkamp)
       Departing at: 2025-10-20 05:38
       Checking 0 arrivals (aggregated from all related platforms/sections)
       ✗ No matching arrival found
    🔍 Looking for train S 3054 at Berlin Olympiastadion
       Departing at: 2025-10-20 05:38
       Checking 0 arrivals (aggregated from all related platforms/sections)
       ✗ No matching arrival found
    🔍 Looking for train S 3054 at Berlin-Spandau (S)
       Departing at: 2025-10-20 05:38
       Checking 0 arrivals (aggregated from all related platforms/sections)
       ✗ No matching arrival found
    🔍 Looking for train S 7513 at Berlin Warschauer Straße
       Departing at: 2025-10-20 05:39
       Checking 530 arrivals (aggregated from all related platforms/sections)
       ✗ Time diff out of range: 2min
       ✗ No matching arrival found
       Sample of available trains:
         - S 9027 at 2510200359
         - S 9025 at 2510200339
         - S 9023 at 2510200326
    🔍 Looking for train S 7513 at Berlin Ostkreuz (S)
       Departing at: 2025-10-20 05:39
       Checking 0 arrivals (aggregated from all related platforms/sections)
       ✗ No matching arrival found
       ⚠️  NO S-Bahn arrivals found within 30 minutes of departure
    🔍 Looking for train S 7514 at Berlin Friedrichstraße (S)
       Departing at: 2025-10-20 05:16
       Checking 884 arrivals (aggregated from all related platforms/sections)
       ✓ Found match! Arrives at: 2025-10-20 05:23 (travel: 7min)
    🔍 Looking for train S 7514 at Berlin Westkreuz
       Departing at: 2025-10-20 05:16
       Checking 0 arrivals (aggregated from all related platforms/sections)
       ✗ No matching arrival found
       ⚠️  NO S-Bahn arrivals found within 30 minutes of departure
    🔍 Looking for train S 7514 at Berlin-Nikolassee
       Departing at: 2025-10-20 05:16
       Checking 274 arrivals (aggregated from all related platforms/sections)
       ✓ Found match! Arrives at: 2025-10-20 05:50 (travel: 34min)
    🔍 Looking for train S 5520 at Berlin Friedrichstraße (S)
       Departing at: 2025-10-20 05:33
       Checking 884 arrivals (aggregated from all related platforms/sections)
       ✓ Found match! Arrives at: 2025-10-20 05:41 (travel: 8min)
    🔍 Looking for train S 5520 at Berlin Westkreuz
       Departing at: 2025-10-20 05:33
       Checking 0 arrivals (aggregated from all related platforms/sections)
       ✗ No matching arrival found
       ⚠️  NO S-Bahn arrivals found within 30 minutes of departure
    🔍 Looking for train S 3725 at Berlin Warschauer Straße
       Departing at: 2025-10-20 05:57
       Checking 530 arrivals (aggregated from all related platforms/sections)
       ✗ Time diff out of range: 2min
       ✗ No matching arrival found
       Sample of available trains:
         - S 9027 at 2510200359
         - S 9025 at 2510200339
         - S 9023 at 2510200326
    🔍 Looking for train S 3725 at Berlin Ostkreuz (S)
       Departing at: 2025-10-20 05:57
       Checking 0 arrivals (aggregated from all related platforms/sections)
       ✗ No matching arrival found
       ⚠️  NO S-Bahn arrivals found within 30 minutes of departure
    🔍 Looking for train S 3725 at Berlin-Karlshorst (S)
       Departing at: 2025-10-20 05:57
       Checking 0 arrivals (aggregated from all related platforms/sections)
       ✗ No matching arrival found
    🔍 Looking for train S 3725 at Berlin-Köpenick
       Departing at: 2025-10-20 05:57
       Checking 139 arrivals (aggregated from all related platforms/sections)
       ✓ Found match! Arrives at: 2025-10-20 06:14 (travel: 17min)
    🔍 Looking for train S 3725 at Berlin-Friedrichshagen
       Departing at: 2025-10-20 05:57
       Checking 139 arrivals (aggregated from all related platforms/sections)
       ✓ Found match! Arrives at: 2025-10-20 06:19 (travel: 22min)
    🔍 Looking for train S 5032 at Berlin Friedrichstraße (S)
       Departing at: 2025-10-20 05:43
       Checking 884 arrivals (aggregated from all related platforms/sections)
       ✓ Found match! Arrives at: 2025-10-20 05:51 (travel: 8min)
    🔍 Looking for train S 5032 at Berlin Westkreuz
       Departing at: 2025-10-20 05:43
       Checking 0 arrivals (aggregated from all related platforms/sections)
       ✗ No matching arrival found
       ⚠️  NO S-Bahn arrivals found within 30 minutes of departure
    🔍 Looking for train S 7049 at Berlin Warschauer Straße
       Departing at: 2025-10-20 05:49
       Checking 530 arrivals (aggregated from all related platforms/sections)
       ✗ Time diff out of range: 2min
       ✗ No matching arrival found
       Sample of available trains:
         - S 9027 at 2510200359
         - S 9025 at 2510200339
         - S 9023 at 2510200326
    🔍 Looking for train S 7049 at Berlin Ostkreuz (S)
       Departing at: 2025-10-20 05:49
       Checking 0 arrivals (aggregated from all related platforms/sections)
       ✗ No matching arrival found
       ⚠️  NO S-Bahn arrivals found within 30 minutes of departure
    🔍 Looking for train S 7049 at Berlin-Friedrichsfelde Ost
       Departing at: 2025-10-20 05:49
       Checking 0 arrivals (aggregated from all related platforms/sections)
       ✗ No matching arrival found
    🔍 Looking for train S 3052 at Berlin Friedrichstraße (S)
       Departing at: 2025-10-20 05:18
       Checking 884 arrivals (aggregated from all related platforms/sections)
       ✓ Found match! Arrives at: 2025-10-20 05:26 (travel: 8min)
    🔍 Looking for train S 3052 at Berlin Westkreuz
       Departing at: 2025-10-20 05:18
       Checking 0 arrivals (aggregated from all related platforms/sections)
       ✗ No matching arrival found
       ⚠️  NO S-Bahn arrivals found within 30 minutes of departure
    🔍 Looking for train S 3052 at Berlin Messe Süd (Eichkamp)
       Departing at: 2025-10-20 05:18
       Checking 0 arrivals (aggregated from all related platforms/sections)
       ✗ No matching arrival found
    🔍 Looking for train S 3052 at Berlin Olympiastadion
       Departing at: 2025-10-20 05:18
       Checking 0 arrivals (aggregated from all related platforms/sections)
       ✗ No matching arrival found
    🔍 Looking for train S 3052 at Berlin-Spandau (S)
       Departing at: 2025-10-20 05:18
       Checking 0 arrivals (aggregated from all related platforms/sections)
       ✗ No matching arrival found
    🔍 Looking for train S 5518 at Berlin Friedrichstraße (S)
       Departing at: 2025-10-20 05:13
       Checking 884 arrivals (aggregated from all related platforms/sections)
       ✓ Found match! Arrives at: 2025-10-20 05:21 (travel: 8min)
    🔍 Looking for train S 5518 at Berlin Westkreuz
       Departing at: 2025-10-20 05:13
       Checking 0 arrivals (aggregated from all related platforms/sections)
       ✗ No matching arrival found
       ⚠️  NO S-Bahn arrivals found within 30 minutes of departure
    🔍 Looking for train S 9337 at Berlin Warschauer Straße
       Departing at: 2025-10-20 05:37
       Checking 530 arrivals (aggregated from all related platforms/sections)
       ✗ Time diff out of range: 2min
       ✗ No matching arrival found
       Sample of available trains:
         - S 9027 at 2510200359
         - S 9025 at 2510200339
         - S 9023 at 2510200326
    🔍 Looking for train S 9337 at Berlin Treptower Park
       Departing at: 2025-10-20 05:37
       Checking 463 arrivals (aggregated from all related platforms/sections)
       ✓ Found match! Arrives at: 2025-10-20 05:42 (travel: 5min)
    🔍 Looking for train S 9337 at Berlin Baumschulenweg
       Departing at: 2025-10-20 05:37
       Checking 421 arrivals (aggregated from all related platforms/sections)
       ✓ Found match! Arrives at: 2025-10-20 05:47 (travel: 10min)
    🔍 Looking for train S 9337 at Berlin-Adlershof
       Departing at: 2025-10-20 05:37
       Checking 370 arrivals (aggregated from all related platforms/sections)
       ✓ Found match! Arrives at: 2025-10-20 05:58 (travel: 21min)
    🔍 Looking for train S 9337 at Schönefeld(bei Berlin)
       Departing at: 2025-10-20 05:37
       Checking 168 arrivals (aggregated from all related platforms/sections)
       ✓ Found match! Arrives at: 2025-10-20 06:08 (travel: 31min)
    🔍 Looking for train S 5033 at Berlin Warschauer Straße
       Departing at: 2025-10-20 05:12
       Checking 530 arrivals (aggregated from all related platforms/sections)
       ✗ Time diff out of range: 2min
       ✗ No matching arrival found
       Sample of available trains:
         - S 9027 at 2510200359
         - S 9025 at 2510200339
         - S 9023 at 2510200326
    🔍 Looking for train S 5033 at Berlin Ostkreuz (S)
       Departing at: 2025-10-20 05:12
       Checking 0 arrivals (aggregated from all related platforms/sections)
       ✗ No matching arrival found
       ⚠️  NO S-Bahn arrivals found within 30 minutes of departure
    🔍 Looking for train S 5033 at Berlin-Friedrichsfelde Ost
       Departing at: 2025-10-20 05:12
       Checking 0 arrivals (aggregated from all related platforms/sections)
       ✗ No matching arrival found
    🔍 Looking for train S 9335 at Berlin Warschauer Straße
       Departing at: 2025-10-20 05:17
       Checking 530 arrivals (aggregated from all related platforms/sections)
       ✗ Time diff out of range: 2min
       ✗ No matching arrival found
       Sample of available trains:
         - S 9027 at 2510200359
         - S 9025 at 2510200339
         - S 9023 at 2510200326
    🔍 Looking for train S 9335 at Berlin Treptower Park
       Departing at: 2025-10-20 05:17
       Checking 463 arrivals (aggregated from all related platforms/sections)
       ✓ Found match! Arrives at: 2025-10-20 05:22 (travel: 5min)
    🔍 Looking for train S 9335 at Berlin Baumschulenweg
       Departing at: 2025-10-20 05:17
       Checking 421 arrivals (aggregated from all related platforms/sections)
       ✓ Found match! Arrives at: 2025-10-20 05:27 (travel: 10min)
    🔍 Looking for train S 9335 at Berlin-Adlershof
       Departing at: 2025-10-20 05:17
       Checking 370 arrivals (aggregated from all related platforms/sections)
       ✓ Found match! Arrives at: 2025-10-20 05:38 (travel: 21min)
    🔍 Looking for train S 9335 at Schönefeld(bei Berlin)
       Departing at: 2025-10-20 05:17
       Checking 168 arrivals (aggregated from all related platforms/sections)
       ✓ Found match! Arrives at: 2025-10-20 05:48 (travel: 31min)
    🔍 Looking for train S 3055 at Berlin Warschauer Straße
       Departing at: 2025-10-20 05:47
       Checking 530 arrivals (aggregated from all related platforms/sections)
       ✗ Time diff out of range: 2min
       ✗ No matching arrival found
       Sample of available trains:
         - S 9027 at 2510200359
         - S 9025 at 2510200339
         - S 9023 at 2510200326
    🔍 Looking for train S 3055 at Berlin Ostkreuz (S)
       Departing at: 2025-10-20 05:47
       Checking 0 arrivals (aggregated from all related platforms/sections)
       ✗ No matching arrival found
       ⚠️  NO S-Bahn arrivals found within 30 minutes of departure
    🔍 Looking for train S 3055 at Berlin-Karlshorst (S)
       Departing at: 2025-10-20 05:47
       Checking 0 arrivals (aggregated from all related platforms/sections)
       ✗ No matching arrival found
    🔍 Looking for train S 3055 at Berlin-Köpenick
       Departing at: 2025-10-20 05:47
       Checking 139 arrivals (aggregated from all related platforms/sections)
       ✓ Found match! Arrives at: 2025-10-20 06:04 (travel: 17min)
    🔍 Looking for train S 3055 at Berlin-Friedrichshagen
       Departing at: 2025-10-20 05:47
       Checking 139 arrivals (aggregated from all related platforms/sections)
       ✓ Found match! Arrives at: 2025-10-20 06:09 (travel: 22min)
    🔍 Looking for train S 5522 at Berlin Friedrichstraße (S)
       Departing at: 2025-10-20 05:53
       Checking 884 arrivals (aggregated from all related platforms/sections)
       ✓ Found match! Arrives at: 2025-10-20 06:01 (travel: 8min)
    🔍 Looking for train S 5522 at Berlin Westkreuz
       Departing at: 2025-10-20 05:53
       Checking 0 arrivals (aggregated from all related platforms/sections)
       ✗ No matching arrival found
       ⚠️  NO S-Bahn arrivals found within 30 minutes of departure
    🔍 Looking for train S 3718 at Berlin Friedrichstraße (S)
       Departing at: 2025-10-20 05:31
       Checking 884 arrivals (aggregated from all related platforms/sections)
       ✓ Found match! Arrives at: 2025-10-20 12:48 (travel: 437min)
    🔍 Looking for train S 5521 at Berlin Warschauer Straße
       Departing at: 2025-10-20 05:42
       Checking 530 arrivals (aggregated from all related platforms/sections)
       ✗ Time diff out of range: 2min
       ✗ No matching arrival found
       Sample of available trains:
         - S 9027 at 2510200359
         - S 9025 at 2510200339
         - S 9023 at 2510200326
    🔍 Looking for train S 5521 at Berlin Ostkreuz (S)
       Departing at: 2025-10-20 05:42
       Checking 0 arrivals (aggregated from all related platforms/sections)
       ✗ No matching arrival found
       ⚠️  NO S-Bahn arrivals found within 30 minutes of departure
    🔍 Looking for train S 5037 at Berlin Warschauer Straße
       Departing at: 2025-10-20 05:52
       Checking 530 arrivals (aggregated from all related platforms/sections)
       ✗ Time diff out of range: 2min
       ✗ No matching arrival found
       Sample of available trains:
         - S 9027 at 2510200359
         - S 9025 at 2510200339
         - S 9023 at 2510200326
    🔍 Looking for train S 5037 at Berlin Ostkreuz (S)
       Departing at: 2025-10-20 05:52
       Checking 0 arrivals (aggregated from all related platforms/sections)
       ✗ No matching arrival found
       ⚠️  NO S-Bahn arrivals found within 30 minutes of departure
    🔍 Looking for train S 5037 at Berlin-Friedrichsfelde Ost
       Departing at: 2025-10-20 05:52
       Checking 0 arrivals (aggregated from all related platforms/sections)
       ✗ No matching arrival found
    🔍 Looking for train S 7050 at Berlin Friedrichstraße (S)
       Departing at: 2025-10-20 05:46
       Checking 884 arrivals (aggregated from all related platforms/sections)
       ✓ Found match! Arrives at: 2025-10-20 05:53 (travel: 7min)
    🔍 Looking for train S 7050 at Berlin Westkreuz
       Departing at: 2025-10-20 05:46
       Checking 0 arrivals (aggregated from all related platforms/sections)
       ✗ No matching arrival found
       ⚠️  NO S-Bahn arrivals found within 30 minutes of departure
    🔍 Looking for train S 7050 at Berlin-Nikolassee
       Departing at: 2025-10-20 05:46
       Checking 274 arrivals (aggregated from all related platforms/sections)
       ✓ Found match! Arrives at: 2025-10-20 06:20 (travel: 34min)
    🔍 Looking for train S 3716 at Berlin Friedrichstraße (S)
       Departing at: 2025-10-20 05:11
       Checking 884 arrivals (aggregated from all related platforms/sections)
       ✓ Found match! Arrives at: 2025-10-20 11:48 (travel: 397min)
    🔍 Looking for train S 7048 at Berlin Friedrichstraße (S)
       Departing at: 2025-10-20 05:26
       Checking 884 arrivals (aggregated from all related platforms/sections)
       ✓ Found match! Arrives at: 2025-10-20 05:33 (travel: 7min)
    🔍 Looking for train S 7048 at Berlin Westkreuz
       Departing at: 2025-10-20 05:26
       Checking 0 arrivals (aggregated from all related platforms/sections)
       ✗ No matching arrival found
       ⚠️  NO S-Bahn arrivals found within 30 minutes of departure
    🔍 Looking for train S 7048 at Berlin-Nikolassee
       Departing at: 2025-10-20 05:26
       Checking 274 arrivals (aggregated from all related platforms/sections)
       ✓ Found match! Arrives at: 2025-10-20 06:00 (travel: 34min)
    🔍 Looking for train S 9334 at Berlin Friedrichstraße (S)
       Departing at: 2025-10-20 05:08
       Checking 884 arrivals (aggregated from all related platforms/sections)
       ✓ Found match! Arrives at: 2025-10-20 05:16 (travel: 8min)
    🔍 Looking for train S 9334 at Berlin Westkreuz
       Departing at: 2025-10-20 05:08
       Checking 0 arrivals (aggregated from all related platforms/sections)
       ✗ No matching arrival found
       ⚠️  NO S-Bahn arrivals found within 30 minutes of departure
    🔍 Looking for train S 9334 at Berlin Messe Süd (Eichkamp)
       Departing at: 2025-10-20 05:08
       Checking 0 arrivals (aggregated from all related platforms/sections)
       ✗ No matching arrival found
    🔍 Looking for train S 9334 at Berlin Olympiastadion
       Departing at: 2025-10-20 05:08
       Checking 0 arrivals (aggregated from all related platforms/sections)
       ✗ No matching arrival found
    🔍 Looking for train S 9334 at Berlin-Spandau (S)
       Departing at: 2025-10-20 05:08
       Checking 0 arrivals (aggregated from all related platforms/sections)
       ✗ No matching arrival found
    🔍 Looking for train S 7516 at Berlin Friedrichstraße (S)
       Departing at: 2025-10-20 05:36
       Checking 884 arrivals (aggregated from all related platforms/sections)
       ✓ Found match! Arrives at: 2025-10-20 05:43 (travel: 7min)
    🔍 Looking for train S 7516 at Berlin Westkreuz
       Departing at: 2025-10-20 05:36
       Checking 0 arrivals (aggregated from all related platforms/sections)
       ✗ No matching arrival found
       ⚠️  NO S-Bahn arrivals found within 30 minutes of departure
    🔍 Looking for train S 7516 at Berlin-Nikolassee
       Departing at: 2025-10-20 05:36
       Checking 274 arrivals (aggregated from all related platforms/sections)
       ✓ Found match! Arrives at: 2025-10-20 06:10 (travel: 34min)
    🔍 Looking for train S 3720 at Berlin Friedrichstraße (S)
       Departing at: 2025-10-20 05:51
       Checking 884 arrivals (aggregated from all related platforms/sections)
       ✓ Found match! Arrives at: 2025-10-20 13:48 (travel: 477min)
    🔍 Looking for train S 3051 at Berlin Warschauer Straße
       Departing at: 2025-10-20 05:07
       Checking 530 arrivals (aggregated from all related platforms/sections)
       ✗ Time diff out of range: 2min
       ✗ No matching arrival found
       Sample of available trains:
         - S 9027 at 2510200359
         - S 9025 at 2510200339
         - S 9023 at 2510200326
    🔍 Looking for train S 3051 at Berlin Ostkreuz (S)
       Departing at: 2025-10-20 05:07
       Checking 0 arrivals (aggregated from all related platforms/sections)
       ✗ No matching arrival found
       ⚠️  NO S-Bahn arrivals found within 30 minutes of departure
    🔍 Looking for train S 3051 at Berlin-Karlshorst (S)
       Departing at: 2025-10-20 05:07
       Checking 0 arrivals (aggregated from all related platforms/sections)
       ✗ No matching arrival found
    🔍 Looking for train S 3051 at Berlin-Köpenick
       Departing at: 2025-10-20 05:07
       Checking 139 arrivals (aggregated from all related platforms/sections)
       ✓ Found match! Arrives at: 2025-10-20 05:24 (travel: 17min)
    🔍 Looking for train S 3051 at Berlin-Friedrichshagen
       Departing at: 2025-10-20 05:07
       Checking 139 arrivals (aggregated from all related platforms/sections)
       ✓ Found match! Arrives at: 2025-10-20 05:29 (travel: 22min)
    🔍 Looking for train S 9339 at Berlin Warschauer Straße
       Departing at: 2025-10-20 05:57
       Checking 530 arrivals (aggregated from all related platforms/sections)
       ✗ Time diff out of range: 2min
       ✗ No matching arrival found
       Sample of available trains:
         - S 9027 at 2510200359
         - S 9025 at 2510200339
         - S 9023 at 2510200326
    🔍 Looking for train S 9339 at Berlin Treptower Park
       Departing at: 2025-10-20 05:57
       Checking 463 arrivals (aggregated from all related platforms/sections)
       ✓ Found match! Arrives at: 2025-10-20 06:02 (travel: 5min)
    🔍 Looking for train S 9339 at Berlin Baumschulenweg
       Departing at: 2025-10-20 05:57
       Checking 421 arrivals (aggregated from all related platforms/sections)
       ✓ Found match! Arrives at: 2025-10-20 06:07 (travel: 10min)
    🔍 Looking for train S 9339 at Berlin-Adlershof
       Departing at: 2025-10-20 05:57
       Checking 370 arrivals (aggregated from all related platforms/sections)
       ✓ Found match! Arrives at: 2025-10-20 06:18 (travel: 21min)
    🔍 Looking for train S 9339 at Schönefeld(bei Berlin)
       Departing at: 2025-10-20 05:57
       Checking 168 arrivals (aggregated from all related platforms/sections)
       ✓ Found match! Arrives at: 2025-10-20 06:28 (travel: 31min)
    🔍 Looking for train S 5028 at Berlin Friedrichstraße (S)
       Departing at: 2025-10-20 05:03
       Checking 884 arrivals (aggregated from all related platforms/sections)
       ✓ Found match! Arrives at: 2025-10-20 05:11 (travel: 8min)
    🔍 Looking for train S 5028 at Berlin Westkreuz
       Departing at: 2025-10-20 05:03
       Checking 0 arrivals (aggregated from all related platforms/sections)
       ✗ No matching arrival found
       ⚠️  NO S-Bahn arrivals found within 30 minutes of departure
    🔍 Looking for train S 9338 at Berlin Friedrichstraße (S)
       Departing at: 2025-10-20 05:48
       Checking 884 arrivals (aggregated from all related platforms/sections)
       ✓ Found match! Arrives at: 2025-10-20 05:56 (travel: 8min)
    🔍 Looking for train S 9338 at Berlin Westkreuz
       Departing at: 2025-10-20 05:48
       Checking 0 arrivals (aggregated from all related platforms/sections)
       ✗ No matching arrival found
       ⚠️  NO S-Bahn arrivals found within 30 minutes of departure
    🔍 Looking for train S 9338 at Berlin Messe Süd (Eichkamp)
       Departing at: 2025-10-20 05:48
       Checking 0 arrivals (aggregated from all related platforms/sections)
       ✗ No matching arrival found
    🔍 Looking for train S 9338 at Berlin Olympiastadion
       Departing at: 2025-10-20 05:48
       Checking 0 arrivals (aggregated from all related platforms/sections)
       ✗ No matching arrival found
    🔍 Looking for train S 9338 at Berlin-Spandau (S)
       Departing at: 2025-10-20 05:48
       Checking 0 arrivals (aggregated from all related platforms/sections)
       ✗ No matching arrival found
    🔍 Looking for train S 7045 at Berlin Warschauer Straße
       Departing at: 2025-10-20 05:09
       Checking 530 arrivals (aggregated from all related platforms/sections)
       ✗ Time diff out of range: 2min
       ✗ No matching arrival found
       Sample of available trains:
         - S 9027 at 2510200359
         - S 9025 at 2510200339
         - S 9023 at 2510200326
    🔍 Looking for train S 7045 at Berlin Ostkreuz (S)
       Departing at: 2025-10-20 05:09
       Checking 0 arrivals (aggregated from all related platforms/sections)
       ✗ No matching arrival found
       ⚠️  NO S-Bahn arrivals found within 30 minutes of departure
    🔍 Looking for train S 7045 at Berlin-Friedrichsfelde Ost
       Departing at: 2025-10-20 05:09
       Checking 0 arrivals (aggregated from all related platforms/sections)
       ✗ No matching arrival found
    🔍 Looking for train S 3056 at Berlin Friedrichstraße (S)
       Departing at: 2025-10-20 05:58
       Checking 884 arrivals (aggregated from all related platforms/sections)
       ✓ Found match! Arrives at: 2025-10-20 06:06 (travel: 8min)
    🔍 Looking for train S 3056 at Berlin Westkreuz
       Departing at: 2025-10-20 05:58
       Checking 0 arrivals (aggregated from all related platforms/sections)
       ✗ No matching arrival found
       ⚠️  NO S-Bahn arrivals found within 30 minutes of departure
    🔍 Looking for train S 3056 at Berlin Messe Süd (Eichkamp)
       Departing at: 2025-10-20 05:58
       Checking 0 arrivals (aggregated from all related platforms/sections)
       ✗ No matching arrival found
    🔍 Looking for train S 3056 at Berlin Olympiastadion
       Departing at: 2025-10-20 05:58
       Checking 0 arrivals (aggregated from all related platforms/sections)
       ✗ No matching arrival found
    🔍 Looking for train S 3056 at Berlin-Spandau (S)
       Departing at: 2025-10-20 05:58
       Checking 0 arrivals (aggregated from all related platforms/sections)
       ✗ No matching arrival found
    🔍 Looking for train S 9336 at Berlin Friedrichstraße (S)
       Departing at: 2025-10-20 05:28
       Checking 884 arrivals (aggregated from all related platforms/sections)
       ✓ Found match! Arrives at: 2025-10-20 05:36 (travel: 8min)
    🔍 Looking for train S 9336 at Berlin Westkreuz
       Departing at: 2025-10-20 05:28
       Checking 0 arrivals (aggregated from all related platforms/sections)
       ✗ No matching arrival found
       ⚠️  NO S-Bahn arrivals found within 30 minutes of departure
    🔍 Looking for train S 9336 at Berlin Messe Süd (Eichkamp)
       Departing at: 2025-10-20 05:28
       Checking 0 arrivals (aggregated from all related platforms/sections)
       ✗ No matching arrival found
    🔍 Looking for train S 9336 at Berlin Olympiastadion
       Departing at: 2025-10-20 05:28
       Checking 0 arrivals (aggregated from all related platforms/sections)
       ✗ No matching arrival found
    🔍 Looking for train S 9336 at Berlin-Spandau (S)
       Departing at: 2025-10-20 05:28
       Checking 0 arrivals (aggregated from all related platforms/sections)
       ✗ No matching arrival found
    🔍 Looking for train S 3337 at Berlin Warschauer Straße
       Departing at: 2025-10-20 06:45
       Checking 530 arrivals (aggregated from all related platforms/sections)
       ✗ Time diff out of range: 1min
       ✗ No matching arrival found
       Sample of available trains:
         - S 9027 at 2510200359
         - S 9025 at 2510200339
         - S 9023 at 2510200326
    🔍 Looking for train S 3337 at Berlin Ostkreuz (S)
       Departing at: 2025-10-20 06:45
       Checking 0 arrivals (aggregated from all related platforms/sections)
       ✗ No matching arrival found
       ⚠️  NO S-Bahn arrivals found within 30 minutes of departure
    🔍 Looking for train S 3337 at Berlin-Karlshorst (S)
       Departing at: 2025-10-20 06:45
       Checking 0 arrivals (aggregated from all related platforms/sections)
       ✗ No matching arrival found
    🔍 Looking for train S 9341 at Berlin Warschauer Straße
       Departing at: 2025-10-20 06:17
       Checking 530 arrivals (aggregated from all related platforms/sections)
       ✗ Time diff out of range: 2min
       ✗ No matching arrival found
       Sample of available trains:
         - S 9027 at 2510200359
         - S 9025 at 2510200339
         - S 9023 at 2510200326
    🔍 Looking for train S 9341 at Berlin Treptower Park
       Departing at: 2025-10-20 06:17
       Checking 463 arrivals (aggregated from all related platforms/sections)
       ✓ Found match! Arrives at: 2025-10-20 06:22 (travel: 5min)
    🔍 Looking for train S 9341 at Berlin Baumschulenweg
       Departing at: 2025-10-20 06:17
       Checking 421 arrivals (aggregated from all related platforms/sections)
       ✓ Found match! Arrives at: 2025-10-20 06:27 (travel: 10min)
    🔍 Looking for train S 9341 at Berlin-Adlershof
       Departing at: 2025-10-20 06:17
       Checking 370 arrivals (aggregated from all related platforms/sections)
       ✓ Found match! Arrives at: 2025-10-20 06:38 (travel: 21min)
    🔍 Looking for train S 9341 at Schönefeld(bei Berlin)
       Departing at: 2025-10-20 06:17
       Checking 168 arrivals (aggregated from all related platforms/sections)
       ✓ Found match! Arrives at: 2025-10-20 06:48 (travel: 31min)
    🔍 Looking for train S 7051 at Berlin Warschauer Straße
       Departing at: 2025-10-20 06:09
       Checking 530 arrivals (aggregated from all related platforms/sections)
       ✗ Time diff out of range: 2min
       ✗ No matching arrival found
       Sample of available trains:
         - S 9027 at 2510200359
         - S 9025 at 2510200339
         - S 9023 at 2510200326
    🔍 Looking for train S 7051 at Berlin Ostkreuz (S)
       Departing at: 2025-10-20 06:09
       Checking 0 arrivals (aggregated from all related platforms/sections)
       ✗ No matching arrival found
       ⚠️  NO S-Bahn arrivals found within 30 minutes of departure
    🔍 Looking for train S 7051 at Berlin-Friedrichsfelde Ost
       Departing at: 2025-10-20 06:09
       Checking 0 arrivals (aggregated from all related platforms/sections)
       ✗ No matching arrival found
    🔍 Looking for train S 7055 at Berlin Warschauer Straße
       Departing at: 2025-10-20 06:49
       Checking 530 arrivals (aggregated from all related platforms/sections)
       ✗ Time diff out of range: 2min
       ✗ No matching arrival found
       Sample of available trains:
         - S 9027 at 2510200359
         - S 9025 at 2510200339
         - S 9023 at 2510200326
    🔍 Looking for train S 7055 at Berlin Ostkreuz (S)
       Departing at: 2025-10-20 06:49
       Checking 0 arrivals (aggregated from all related platforms/sections)
       ✗ No matching arrival found
       ⚠️  NO S-Bahn arrivals found within 30 minutes of departure
    🔍 Looking for train S 7055 at Berlin-Friedrichsfelde Ost
       Departing at: 2025-10-20 06:49
       Checking 0 arrivals (aggregated from all related platforms/sections)
       ✗ No matching arrival found
    🔍 Looking for train S 7521 at Berlin Warschauer Straße
       Departing at: 2025-10-20 06:59
       Checking 530 arrivals (aggregated from all related platforms/sections)
       ✗ Time diff out of range: 2min
       ✗ No matching arrival found
       Sample of available trains:
         - S 9027 at 2510200359
         - S 9025 at 2510200339
         - S 9023 at 2510200326
    🔍 Looking for train S 7521 at Berlin Ostkreuz (S)
       Departing at: 2025-10-20 06:59
       Checking 0 arrivals (aggregated from all related platforms/sections)
       ✗ No matching arrival found
       ⚠️  NO S-Bahn arrivals found within 30 minutes of departure
    🔍 Looking for train S 3724 at Berlin Friedrichstraße (S)
       Departing at: 2025-10-20 06:31
       Checking 884 arrivals (aggregated from all related platforms/sections)
       ✓ Found match! Arrives at: 2025-10-20 15:48 (travel: 557min)
    🔍 Looking for train S 3058 at Berlin Friedrichstraße (S)
       Departing at: 2025-10-20 06:18
       Checking 884 arrivals (aggregated from all related platforms/sections)
       ✓ Found match! Arrives at: 2025-10-20 06:26 (travel: 8min)
    🔍 Looking for train S 3058 at Berlin Westkreuz
       Departing at: 2025-10-20 06:18
       Checking 0 arrivals (aggregated from all related platforms/sections)
       ✗ No matching arrival found
       ⚠️  NO S-Bahn arrivals found within 30 minutes of departure
    🔍 Looking for train S 3058 at Berlin Messe Süd (Eichkamp)
       Departing at: 2025-10-20 06:18
       Checking 0 arrivals (aggregated from all related platforms/sections)
       ✗ No matching arrival found
    🔍 Looking for train S 3058 at Berlin Olympiastadion
       Departing at: 2025-10-20 06:18
       Checking 0 arrivals (aggregated from all related platforms/sections)
       ✗ No matching arrival found
    🔍 Looking for train S 3058 at Berlin-Spandau (S)
       Departing at: 2025-10-20 06:18
       Checking 0 arrivals (aggregated from all related platforms/sections)
       ✗ No matching arrival found
    🔍 Looking for train S 7054 at Berlin Friedrichstraße (S)
       Departing at: 2025-10-20 06:26
       Checking 884 arrivals (aggregated from all related platforms/sections)
       ✓ Found match! Arrives at: 2025-10-20 06:33 (travel: 7min)
    🔍 Looking for train S 7054 at Berlin Westkreuz
       Departing at: 2025-10-20 06:26
       Checking 0 arrivals (aggregated from all related platforms/sections)
       ✗ No matching arrival found
       ⚠️  NO S-Bahn arrivals found within 30 minutes of departure
    🔍 Looking for train S 7054 at Berlin-Nikolassee
       Departing at: 2025-10-20 06:26
       Checking 274 arrivals (aggregated from all related platforms/sections)
       ✓ Found match! Arrives at: 2025-10-20 07:00 (travel: 34min)
    🔍 Looking for train S 7053 at Berlin Warschauer Straße
       Departing at: 2025-10-20 06:29
       Checking 530 arrivals (aggregated from all related platforms/sections)
       ✗ Time diff out of range: 2min
       ✗ No matching arrival found
       Sample of available trains:
         - S 9027 at 2510200359
         - S 9025 at 2510200339
         - S 9023 at 2510200326
    🔍 Looking for train S 7053 at Berlin Ostkreuz (S)
       Departing at: 2025-10-20 06:29
       Checking 0 arrivals (aggregated from all related platforms/sections)
       ✗ No matching arrival found
       ⚠️  NO S-Bahn arrivals found within 30 minutes of departure
    🔍 Looking for train S 7053 at Berlin-Friedrichsfelde Ost
       Departing at: 2025-10-20 06:29
       Checking 0 arrivals (aggregated from all related platforms/sections)
       ✗ No matching arrival found
    🔍 Looking for train S 3335 at Berlin Warschauer Straße
       Departing at: 2025-10-20 06:25
       Checking 530 arrivals (aggregated from all related platforms/sections)
       ✗ Time diff out of range: 1min
       ✗ No matching arrival found
       Sample of available trains:
         - S 9027 at 2510200359
         - S 9025 at 2510200339
         - S 9023 at 2510200326
    🔍 Looking for train S 3335 at Berlin Ostkreuz (S)
       Departing at: 2025-10-20 06:25
       Checking 0 arrivals (aggregated from all related platforms/sections)
       ✗ No matching arrival found
       ⚠️  NO S-Bahn arrivals found within 30 minutes of departure
    🔍 Looking for train S 3335 at Berlin-Karlshorst (S)
       Departing at: 2025-10-20 06:25
       Checking 0 arrivals (aggregated from all related platforms/sections)
       ✗ No matching arrival found
    🔍 Looking for train S 3726 at Berlin Friedrichstraße (S)
       Departing at: 2025-10-20 06:51
       Checking 884 arrivals (aggregated from all related platforms/sections)
       ✓ Found match! Arrives at: 2025-10-20 06:58 (travel: 7min)
    🔍 Looking for train S 7052 at Berlin Friedrichstraße (S)
       Departing at: 2025-10-20 06:06
       Checking 884 arrivals (aggregated from all related platforms/sections)
       ✓ Found match! Arrives at: 2025-10-20 06:13 (travel: 7min)
    🔍 Looking for train S 7052 at Berlin Westkreuz
       Departing at: 2025-10-20 06:06
       Checking 0 arrivals (aggregated from all related platforms/sections)
       ✗ No matching arrival found
       ⚠️  NO S-Bahn arrivals found within 30 minutes of departure
    🔍 Looking for train S 7052 at Berlin-Nikolassee
       Departing at: 2025-10-20 06:06
       Checking 274 arrivals (aggregated from all related platforms/sections)
       ✓ Found match! Arrives at: 2025-10-20 06:40 (travel: 34min)
    🔍 Looking for train S 5034 at Berlin Friedrichstraße (S)
       Departing at: 2025-10-20 06:03
       Checking 884 arrivals (aggregated from all related platforms/sections)
       ✓ Found match! Arrives at: 2025-10-20 06:11 (travel: 8min)
    🔍 Looking for train S 5034 at Berlin Westkreuz
       Departing at: 2025-10-20 06:03
       Checking 0 arrivals (aggregated from all related platforms/sections)
       ✗ No matching arrival found
       ⚠️  NO S-Bahn arrivals found within 30 minutes of departure
    🔍 Looking for train S 9345 at Berlin Warschauer Straße
       Departing at: 2025-10-20 06:57
       Checking 530 arrivals (aggregated from all related platforms/sections)
       ✗ Time diff out of range: 2min
       ✗ No matching arrival found
       Sample of available trains:
         - S 9027 at 2510200359
         - S 9025 at 2510200339
         - S 9023 at 2510200326
    🔍 Looking for train S 9345 at Berlin Treptower Park
       Departing at: 2025-10-20 06:57
       Checking 463 arrivals (aggregated from all related platforms/sections)
       ✓ Found match! Arrives at: 2025-10-20 07:02 (travel: 5min)
    🔍 Looking for train S 9345 at Berlin Baumschulenweg
       Departing at: 2025-10-20 06:57
       Checking 421 arrivals (aggregated from all related platforms/sections)
       ✓ Found match! Arrives at: 2025-10-20 07:07 (travel: 10min)
    🔍 Looking for train S 9345 at Berlin-Adlershof
       Departing at: 2025-10-20 06:57
       Checking 370 arrivals (aggregated from all related platforms/sections)
       ✓ Found match! Arrives at: 2025-10-20 07:18 (travel: 21min)
    🔍 Looking for train S 9345 at Schönefeld(bei Berlin)
       Departing at: 2025-10-20 06:57
       Checking 168 arrivals (aggregated from all related platforms/sections)
       ✓ Found match! Arrives at: 2025-10-20 07:28 (travel: 31min)
    🔍 Looking for train S 9344 at Berlin Friedrichstraße (S)
       Departing at: 2025-10-20 06:48
       Checking 884 arrivals (aggregated from all related platforms/sections)
       ✓ Found match! Arrives at: 2025-10-20 06:56 (travel: 8min)
    🔍 Looking for train S 9344 at Berlin Westkreuz
       Departing at: 2025-10-20 06:48
       Checking 0 arrivals (aggregated from all related platforms/sections)
       ✗ No matching arrival found
       ⚠️  NO S-Bahn arrivals found within 30 minutes of departure
    🔍 Looking for train S 9344 at Berlin Messe Süd (Eichkamp)
       Departing at: 2025-10-20 06:48
       Checking 0 arrivals (aggregated from all related platforms/sections)
       ✗ No matching arrival found
    🔍 Looking for train S 9344 at Berlin Olympiastadion
       Departing at: 2025-10-20 06:48
       Checking 0 arrivals (aggregated from all related platforms/sections)
       ✗ No matching arrival found
    🔍 Looking for train S 9344 at Berlin-Spandau (S)
       Departing at: 2025-10-20 06:48
       Checking 0 arrivals (aggregated from all related platforms/sections)
       ✗ No matching arrival found
    🔍 Looking for train S 3729 at Berlin Warschauer Straße
       Departing at: 2025-10-20 06:37
       Checking 530 arrivals (aggregated from all related platforms/sections)
       ✗ Time diff out of range: 2min
       ✗ No matching arrival found
       Sample of available trains:
         - S 9027 at 2510200359
         - S 9025 at 2510200339
         - S 9023 at 2510200326
    🔍 Looking for train S 3729 at Berlin Ostkreuz (S)
       Departing at: 2025-10-20 06:37
       Checking 0 arrivals (aggregated from all related platforms/sections)
       ✗ No matching arrival found
       ⚠️  NO S-Bahn arrivals found within 30 minutes of departure
    🔍 Looking for train S 3729 at Berlin-Karlshorst (S)
       Departing at: 2025-10-20 06:37
       Checking 0 arrivals (aggregated from all related platforms/sections)
       ✗ No matching arrival found
    🔍 Looking for train S 3729 at Berlin-Köpenick
       Departing at: 2025-10-20 06:37
       Checking 139 arrivals (aggregated from all related platforms/sections)
       ✓ Found match! Arrives at: 2025-10-20 06:54 (travel: 17min)
    🔍 Looking for train S 3729 at Berlin-Friedrichshagen
       Departing at: 2025-10-20 06:37
       Checking 139 arrivals (aggregated from all related platforms/sections)
       ✓ Found match! Arrives at: 2025-10-20 06:59 (travel: 22min)
    🔍 Looking for train S 5036 at Berlin Friedrichstraße (S)
       Departing at: 2025-10-20 06:23
       Checking 884 arrivals (aggregated from all related platforms/sections)
       ✓ Found match! Arrives at: 2025-10-20 06:31 (travel: 8min)
    🔍 Looking for train S 5036 at Berlin Westkreuz
       Departing at: 2025-10-20 06:23
       Checking 0 arrivals (aggregated from all related platforms/sections)
       ✗ No matching arrival found
       ⚠️  NO S-Bahn arrivals found within 30 minutes of departure
    🔍 Looking for train S 9342 at Berlin Friedrichstraße (S)
       Departing at: 2025-10-20 06:28
       Checking 884 arrivals (aggregated from all related platforms/sections)
       ✓ Found match! Arrives at: 2025-10-20 06:36 (travel: 8min)
    🔍 Looking for train S 9342 at Berlin Westkreuz
       Departing at: 2025-10-20 06:28
       Checking 0 arrivals (aggregated from all related platforms/sections)
       ✗ No matching arrival found
       ⚠️  NO S-Bahn arrivals found within 30 minutes of departure
    🔍 Looking for train S 9342 at Berlin Messe Süd (Eichkamp)
       Departing at: 2025-10-20 06:28
       Checking 0 arrivals (aggregated from all related platforms/sections)
       ✗ No matching arrival found
    🔍 Looking for train S 9342 at Berlin Olympiastadion
       Departing at: 2025-10-20 06:28
       Checking 0 arrivals (aggregated from all related platforms/sections)
       ✗ No matching arrival found
    🔍 Looking for train S 9342 at Berlin-Spandau (S)
       Departing at: 2025-10-20 06:28
       Checking 0 arrivals (aggregated from all related platforms/sections)
       ✗ No matching arrival found
    🔍 Looking for train S 3722 at Berlin Friedrichstraße (S)
       Departing at: 2025-10-20 06:11
       Checking 884 arrivals (aggregated from all related platforms/sections)
       ✓ Found match! Arrives at: 2025-10-20 14:48 (travel: 517min)
    🔍 Looking for train S 3727 at Berlin Warschauer Straße
       Departing at: 2025-10-20 06:17
       Checking 530 arrivals (aggregated from all related platforms/sections)
       ✗ Time diff out of range: 2min
       ✗ No matching arrival found
       Sample of available trains:
         - S 9027 at 2510200359
         - S 9025 at 2510200339
         - S 9023 at 2510200326
    🔍 Looking for train S 3727 at Berlin Ostkreuz (S)
       Departing at: 2025-10-20 06:17
       Checking 0 arrivals (aggregated from all related platforms/sections)
       ✗ No matching arrival found
       ⚠️  NO S-Bahn arrivals found within 30 minutes of departure
    🔍 Looking for train S 3727 at Berlin-Karlshorst (S)
       Departing at: 2025-10-20 06:17
       Checking 0 arrivals (aggregated from all related platforms/sections)
       ✗ No matching arrival found
    🔍 Looking for train S 3727 at Berlin-Köpenick
       Departing at: 2025-10-20 06:17
       Checking 139 arrivals (aggregated from all related platforms/sections)
       ✓ Found match! Arrives at: 2025-10-20 06:34 (travel: 17min)
    🔍 Looking for train S 3727 at Berlin-Friedrichshagen
       Departing at: 2025-10-20 06:17
       Checking 139 arrivals (aggregated from all related platforms/sections)
       ✓ Found match! Arrives at: 2025-10-20 06:39 (travel: 22min)
    🔍 Looking for train S 7517 at Berlin Warschauer Straße
       Departing at: 2025-10-20 06:19
       Checking 530 arrivals (aggregated from all related platforms/sections)
       ✗ Time diff out of range: 2min
       ✗ No matching arrival found
       Sample of available trains:
         - S 9027 at 2510200359
         - S 9025 at 2510200339
         - S 9023 at 2510200326
    🔍 Looking for train S 7517 at Berlin Ostkreuz (S)
       Departing at: 2025-10-20 06:19
       Checking 0 arrivals (aggregated from all related platforms/sections)
       ✗ No matching arrival found
       ⚠️  NO S-Bahn arrivals found within 30 minutes of departure
    🔍 Looking for train S 7524 at Berlin Friedrichstraße (S)
       Departing at: 2025-10-20 06:56
       Checking 884 arrivals (aggregated from all related platforms/sections)
       ✓ Found match! Arrives at: 2025-10-20 07:03 (travel: 7min)
    🔍 Looking for train S 7524 at Berlin Westkreuz
       Departing at: 2025-10-20 06:56
       Checking 0 arrivals (aggregated from all related platforms/sections)
       ✗ No matching arrival found
       ⚠️  NO S-Bahn arrivals found within 30 minutes of departure
    🔍 Looking for train S 7524 at Berlin-Nikolassee
       Departing at: 2025-10-20 06:56
       Checking 274 arrivals (aggregated from all related platforms/sections)
       ✓ Found match! Arrives at: 2025-10-20 07:30 (travel: 34min)
    🔍 Looking for train S 7522 at Berlin Friedrichstraße (S)
       Departing at: 2025-10-20 06:36
       Checking 884 arrivals (aggregated from all related platforms/sections)
       ✓ Found match! Arrives at: 2025-10-20 06:43 (travel: 7min)
    🔍 Looking for train S 7522 at Berlin Westkreuz
       Departing at: 2025-10-20 06:36
       Checking 0 arrivals (aggregated from all related platforms/sections)
       ✗ No matching arrival found
       ⚠️  NO S-Bahn arrivals found within 30 minutes of departure
    🔍 Looking for train S 7522 at Berlin-Nikolassee
       Departing at: 2025-10-20 06:36
       Checking 274 arrivals (aggregated from all related platforms/sections)
       ✓ Found match! Arrives at: 2025-10-20 07:10 (travel: 34min)
    🔍 Looking for train S 3059 at Berlin Warschauer Straße
       Departing at: 2025-10-20 06:27
       Checking 530 arrivals (aggregated from all related platforms/sections)
       ✗ Time diff out of range: 2min
       ✗ No matching arrival found
       Sample of available trains:
         - S 9027 at 2510200359
         - S 9025 at 2510200339
         - S 9023 at 2510200326
    🔍 Looking for train S 3059 at Berlin Ostkreuz (S)
       Departing at: 2025-10-20 06:27
       Checking 0 arrivals (aggregated from all related platforms/sections)
       ✗ No matching arrival found
       ⚠️  NO S-Bahn arrivals found within 30 minutes of departure
    🔍 Looking for train S 3059 at Berlin-Karlshorst (S)
       Departing at: 2025-10-20 06:27
       Checking 0 arrivals (aggregated from all related platforms/sections)
       ✗ No matching arrival found
    🔍 Looking for train S 3059 at Berlin-Köpenick
       Departing at: 2025-10-20 06:27
       Checking 139 arrivals (aggregated from all related platforms/sections)
       ✓ Found match! Arrives at: 2025-10-20 06:44 (travel: 17min)
    🔍 Looking for train S 3059 at Berlin-Friedrichshagen
       Departing at: 2025-10-20 06:27
       Checking 139 arrivals (aggregated from all related platforms/sections)
       ✓ Found match! Arrives at: 2025-10-20 06:49 (travel: 22min)
    🔍 Looking for train S 3061 at Berlin Warschauer Straße
       Departing at: 2025-10-20 06:47
       Checking 530 arrivals (aggregated from all related platforms/sections)
       ✗ Time diff out of range: 2min
       ✗ No matching arrival found
       Sample of available trains:
         - S 9027 at 2510200359
         - S 9025 at 2510200339
         - S 9023 at 2510200326
    🔍 Looking for train S 3061 at Berlin Ostkreuz (S)
       Departing at: 2025-10-20 06:47
       Checking 0 arrivals (aggregated from all related platforms/sections)
       ✗ No matching arrival found
       ⚠️  NO S-Bahn arrivals found within 30 minutes of departure
    🔍 Looking for train S 3061 at Berlin-Karlshorst (S)
       Departing at: 2025-10-20 06:47
       Checking 0 arrivals (aggregated from all related platforms/sections)
       ✗ No matching arrival found
    🔍 Looking for train S 3061 at Berlin-Köpenick
       Departing at: 2025-10-20 06:47
       Checking 139 arrivals (aggregated from all related platforms/sections)
       ✓ Found match! Arrives at: 2025-10-20 07:04 (travel: 17min)
    🔍 Looking for train S 3061 at Berlin-Friedrichshagen
       Departing at: 2025-10-20 06:47
       Checking 139 arrivals (aggregated from all related platforms/sections)
       ✓ Found match! Arrives at: 2025-10-20 07:09 (travel: 22min)
    🔍 Looking for train S 3057 at Berlin Warschauer Straße
       Departing at: 2025-10-20 06:07
       Checking 530 arrivals (aggregated from all related platforms/sections)
       ✗ Time diff out of range: 2min
       ✗ No matching arrival found
       Sample of available trains:
         - S 9027 at 2510200359
         - S 9025 at 2510200339
         - S 9023 at 2510200326
    🔍 Looking for train S 3057 at Berlin Ostkreuz (S)
       Departing at: 2025-10-20 06:07
       Checking 0 arrivals (aggregated from all related platforms/sections)
       ✗ No matching arrival found
       ⚠️  NO S-Bahn arrivals found within 30 minutes of departure
    🔍 Looking for train S 3057 at Berlin-Karlshorst (S)
       Departing at: 2025-10-20 06:07
       Checking 0 arrivals (aggregated from all related platforms/sections)
       ✗ No matching arrival found
    🔍 Looking for train S 3057 at Berlin-Köpenick
       Departing at: 2025-10-20 06:07
       Checking 139 arrivals (aggregated from all related platforms/sections)
       ✓ Found match! Arrives at: 2025-10-20 06:24 (travel: 17min)
    🔍 Looking for train S 3057 at Berlin-Friedrichshagen
       Departing at: 2025-10-20 06:07
       Checking 139 arrivals (aggregated from all related platforms/sections)
       ✓ Found match! Arrives at: 2025-10-20 06:29 (travel: 22min)
    🔍 Looking for train S 3731 at Berlin Warschauer Straße
       Departing at: 2025-10-20 06:57
       Checking 530 arrivals (aggregated from all related platforms/sections)
       ✗ Time diff out of range: 2min
       ✗ No matching arrival found
       Sample of available trains:
         - S 9027 at 2510200359
         - S 9025 at 2510200339
         - S 9023 at 2510200326
    🔍 Looking for train S 3731 at Berlin Ostkreuz (S)
       Departing at: 2025-10-20 06:57
       Checking 0 arrivals (aggregated from all related platforms/sections)
       ✗ No matching arrival found
       ⚠️  NO S-Bahn arrivals found within 30 minutes of departure
    🔍 Looking for train S 3731 at Berlin-Karlshorst (S)
       Departing at: 2025-10-20 06:57
       Checking 0 arrivals (aggregated from all related platforms/sections)
       ✗ No matching arrival found
    🔍 Looking for train S 3731 at Berlin-Köpenick
       Departing at: 2025-10-20 06:57
       Checking 139 arrivals (aggregated from all related platforms/sections)
       ✓ Found match! Arrives at: 2025-10-20 07:14 (travel: 17min)
    🔍 Looking for train S 3731 at Berlin-Friedrichshagen
       Departing at: 2025-10-20 06:57
       Checking 139 arrivals (aggregated from all related platforms/sections)
       ✓ Found match! Arrives at: 2025-10-20 07:19 (travel: 22min)
    🔍 Looking for train S 5043 at Berlin Warschauer Straße
       Departing at: 2025-10-20 06:52
       Checking 530 arrivals (aggregated from all related platforms/sections)
       ✗ Time diff out of range: 2min
       ✗ No matching arrival found
       Sample of available trains:
         - S 9027 at 2510200359
         - S 9025 at 2510200339
         - S 9023 at 2510200326
    🔍 Looking for train S 5043 at Berlin Ostkreuz (S)
       Departing at: 2025-10-20 06:52
       Checking 0 arrivals (aggregated from all related platforms/sections)
       ✗ No matching arrival found
       ⚠️  NO S-Bahn arrivals found within 30 minutes of departure
    🔍 Looking for train S 5043 at Berlin-Friedrichsfelde Ost
       Departing at: 2025-10-20 06:52
       Checking 0 arrivals (aggregated from all related platforms/sections)
       ✗ No matching arrival found
    🔍 Looking for train S 5523 at Berlin Warschauer Straße
       Departing at: 2025-10-20 06:02
       Checking 530 arrivals (aggregated from all related platforms/sections)
       ✗ Time diff out of range: 2min
       ✗ No matching arrival found
       Sample of available trains:
         - S 9027 at 2510200359
         - S 9025 at 2510200339
         - S 9023 at 2510200326
    🔍 Looking for train S 5523 at Berlin Ostkreuz (S)
       Departing at: 2025-10-20 06:02
       Checking 0 arrivals (aggregated from all related platforms/sections)
       ✗ No matching arrival found
       ⚠️  NO S-Bahn arrivals found within 30 minutes of departure
    🔍 Looking for train S 5038 at Berlin Friedrichstraße (S)
       Departing at: 2025-10-20 06:43
       Checking 884 arrivals (aggregated from all related platforms/sections)
       ✓ Found match! Arrives at: 2025-10-20 06:51 (travel: 8min)
    🔍 Looking for train S 5038 at Berlin Westkreuz
       Departing at: 2025-10-20 06:43
       Checking 0 arrivals (aggregated from all related platforms/sections)
       ✗ No matching arrival found
       ⚠️  NO S-Bahn arrivals found within 30 minutes of departure
    🔍 Looking for train S 7520 at Berlin Friedrichstraße (S)
       Departing at: 2025-10-20 06:16
       Checking 884 arrivals (aggregated from all related platforms/sections)
       ✓ Found match! Arrives at: 2025-10-20 06:23 (travel: 7min)
    🔍 Looking for train S 7520 at Berlin Westkreuz
       Departing at: 2025-10-20 06:16
       Checking 0 arrivals (aggregated from all related platforms/sections)
       ✗ No matching arrival found
       ⚠️  NO S-Bahn arrivals found within 30 minutes of departure
    🔍 Looking for train S 7520 at Berlin-Nikolassee
       Departing at: 2025-10-20 06:16
       Checking 274 arrivals (aggregated from all related platforms/sections)
       ✓ Found match! Arrives at: 2025-10-20 06:50 (travel: 34min)
    🔍 Looking for train S 7056 at Berlin Friedrichstraße (S)
       Departing at: 2025-10-20 06:46
       Checking 884 arrivals (aggregated from all related platforms/sections)
       ✓ Found match! Arrives at: 2025-10-20 06:53 (travel: 7min)
    🔍 Looking for train S 7056 at Berlin Westkreuz
       Departing at: 2025-10-20 06:46
       Checking 0 arrivals (aggregated from all related platforms/sections)
       ✗ No matching arrival found
       ⚠️  NO S-Bahn arrivals found within 30 minutes of departure
    🔍 Looking for train S 7056 at Berlin-Nikolassee
       Departing at: 2025-10-20 06:46
       Checking 274 arrivals (aggregated from all related platforms/sections)
       ✓ Found match! Arrives at: 2025-10-20 07:20 (travel: 34min)
    🔍 Looking for train S 5524 at Berlin Friedrichstraße (S)
       Departing at: 2025-10-20 06:13
       Checking 884 arrivals (aggregated from all related platforms/sections)
       ✓ Found match! Arrives at: 2025-10-20 06:21 (travel: 8min)
    🔍 Looking for train S 5524 at Berlin Westkreuz
       Departing at: 2025-10-20 06:13
       Checking 0 arrivals (aggregated from all related platforms/sections)
       ✗ No matching arrival found
       ⚠️  NO S-Bahn arrivals found within 30 minutes of departure
    🔍 Looking for train S 9343 at Berlin Warschauer Straße
       Departing at: 2025-10-20 06:37
       Checking 530 arrivals (aggregated from all related platforms/sections)
       ✗ Time diff out of range: 2min
       ✗ No matching arrival found
       Sample of available trains:
         - S 9027 at 2510200359
         - S 9025 at 2510200339
         - S 9023 at 2510200326
    🔍 Looking for train S 9343 at Berlin Treptower Park
       Departing at: 2025-10-20 06:37
       Checking 463 arrivals (aggregated from all related platforms/sections)
       ✓ Found match! Arrives at: 2025-10-20 06:42 (travel: 5min)
    🔍 Looking for train S 9343 at Berlin Baumschulenweg
       Departing at: 2025-10-20 06:37
       Checking 421 arrivals (aggregated from all related platforms/sections)
       ✓ Found match! Arrives at: 2025-10-20 06:47 (travel: 10min)
    🔍 Looking for train S 9343 at Berlin-Adlershof
       Departing at: 2025-10-20 06:37
       Checking 370 arrivals (aggregated from all related platforms/sections)
       ✓ Found match! Arrives at: 2025-10-20 06:58 (travel: 21min)
    🔍 Looking for train S 9343 at Schönefeld(bei Berlin)
       Departing at: 2025-10-20 06:37
       Checking 168 arrivals (aggregated from all related platforms/sections)
       ✓ Found match! Arrives at: 2025-10-20 07:08 (travel: 31min)
    🔍 Looking for train S 5039 at Berlin Warschauer Straße
       Departing at: 2025-10-20 06:12
       Checking 530 arrivals (aggregated from all related platforms/sections)
       ✗ Time diff out of range: 2min
       ✗ No matching arrival found
       Sample of available trains:
         - S 9027 at 2510200359
         - S 9025 at 2510200339
         - S 9023 at 2510200326
    🔍 Looking for train S 5039 at Berlin Ostkreuz (S)
       Departing at: 2025-10-20 06:12
       Checking 0 arrivals (aggregated from all related platforms/sections)
       ✗ No matching arrival found
       ⚠️  NO S-Bahn arrivals found within 30 minutes of departure
    🔍 Looking for train S 5039 at Berlin-Friedrichsfelde Ost
       Departing at: 2025-10-20 06:12
       Checking 0 arrivals (aggregated from all related platforms/sections)
       ✗ No matching arrival found
    🔍 Looking for train S 3060 at Berlin Friedrichstraße (S)
       Departing at: 2025-10-20 06:38
       Checking 884 arrivals (aggregated from all related platforms/sections)
       ✓ Found match! Arrives at: 2025-10-20 06:46 (travel: 8min)
    🔍 Looking for train S 3060 at Berlin Westkreuz
       Departing at: 2025-10-20 06:38
       Checking 0 arrivals (aggregated from all related platforms/sections)
       ✗ No matching arrival found
       ⚠️  NO S-Bahn arrivals found within 30 minutes of departure
    🔍 Looking for train S 3060 at Berlin Messe Süd (Eichkamp)
       Departing at: 2025-10-20 06:38
       Checking 0 arrivals (aggregated from all related platforms/sections)
       ✗ No matching arrival found
    🔍 Looking for train S 3060 at Berlin Olympiastadion
       Departing at: 2025-10-20 06:38
       Checking 0 arrivals (aggregated from all related platforms/sections)
       ✗ No matching arrival found
    🔍 Looking for train S 3060 at Berlin-Spandau (S)
       Departing at: 2025-10-20 06:38
       Checking 0 arrivals (aggregated from all related platforms/sections)
       ✗ No matching arrival found
    🔍 Looking for train S 5526 at Berlin Friedrichstraße (S)
       Departing at: 2025-10-20 06:33
       Checking 884 arrivals (aggregated from all related platforms/sections)
       ✓ Found match! Arrives at: 2025-10-20 06:41 (travel: 8min)
    🔍 Looking for train S 5526 at Berlin Westkreuz
       Departing at: 2025-10-20 06:33
       Checking 0 arrivals (aggregated from all related platforms/sections)
       ✗ No matching arrival found
       ⚠️  NO S-Bahn arrivals found within 30 minutes of departure
    🔍 Looking for train S 3333 at Berlin Warschauer Straße
       Departing at: 2025-10-20 06:05
       Checking 530 arrivals (aggregated from all related platforms/sections)
       ✗ Time diff out of range: 1min
       ✗ No matching arrival found
       Sample of available trains:
         - S 9027 at 2510200359
         - S 9025 at 2510200339
         - S 9023 at 2510200326
    🔍 Looking for train S 3333 at Berlin Ostkreuz (S)
       Departing at: 2025-10-20 06:05
       Checking 0 arrivals (aggregated from all related platforms/sections)
       ✗ No matching arrival found
       ⚠️  NO S-Bahn arrivals found within 30 minutes of departure
    🔍 Looking for train S 3333 at Berlin-Karlshorst (S)
       Departing at: 2025-10-20 06:05
       Checking 0 arrivals (aggregated from all related platforms/sections)
       ✗ No matching arrival found
    🔍 Looking for train S 5527 at Berlin Warschauer Straße
       Departing at: 2025-10-20 06:42
       Checking 530 arrivals (aggregated from all related platforms/sections)
       ✗ Time diff out of range: 2min
       ✗ No matching arrival found
       Sample of available trains:
         - S 9027 at 2510200359
         - S 9025 at 2510200339
         - S 9023 at 2510200326
    🔍 Looking for train S 5527 at Berlin Ostkreuz (S)
       Departing at: 2025-10-20 06:42
       Checking 0 arrivals (aggregated from all related platforms/sections)
       ✗ No matching arrival found
       ⚠️  NO S-Bahn arrivals found within 30 minutes of departure
    🔍 Looking for train S 9340 at Berlin Friedrichstraße (S)
       Departing at: 2025-10-20 06:08
       Checking 884 arrivals (aggregated from all related platforms/sections)
       ✓ Found match! Arrives at: 2025-10-20 06:16 (travel: 8min)
    🔍 Looking for train S 9340 at Berlin Westkreuz
       Departing at: 2025-10-20 06:08
       Checking 0 arrivals (aggregated from all related platforms/sections)
       ✗ No matching arrival found
       ⚠️  NO S-Bahn arrivals found within 30 minutes of departure
    🔍 Looking for train S 9340 at Berlin Messe Süd (Eichkamp)
       Departing at: 2025-10-20 06:08
       Checking 0 arrivals (aggregated from all related platforms/sections)
       ✗ No matching arrival found
    🔍 Looking for train S 9340 at Berlin Olympiastadion
       Departing at: 2025-10-20 06:08
       Checking 0 arrivals (aggregated from all related platforms/sections)
       ✗ No matching arrival found
    🔍 Looking for train S 9340 at Berlin-Spandau (S)
       Departing at: 2025-10-20 06:08
       Checking 0 arrivals (aggregated from all related platforms/sections)
       ✗ No matching arrival found
    🔍 Looking for train S 3062 at Berlin Friedrichstraße (S)
       Departing at: 2025-10-20 06:58
       Checking 884 arrivals (aggregated from all related platforms/sections)
       ✓ Found match! Arrives at: 2025-10-20 07:06 (travel: 8min)
    🔍 Looking for train S 3062 at Berlin Westkreuz
       Departing at: 2025-10-20 06:58
       Checking 0 arrivals (aggregated from all related platforms/sections)
       ✗ No matching arrival found
       ⚠️  NO S-Bahn arrivals found within 30 minutes of departure
    🔍 Looking for train S 3062 at Berlin Messe Süd (Eichkamp)
       Departing at: 2025-10-20 06:58
       Checking 0 arrivals (aggregated from all related platforms/sections)
       ✗ No matching arrival found
    🔍 Looking for train S 3062 at Berlin Olympiastadion
       Departing at: 2025-10-20 06:58
       Checking 0 arrivals (aggregated from all related platforms/sections)
       ✗ No matching arrival found
    🔍 Looking for train S 3062 at Berlin-Spandau (S)
       Departing at: 2025-10-20 06:58
       Checking 0 arrivals (aggregated from all related platforms/sections)
       ✗ No matching arrival found
    🔍 Looking for train S 5525 at Berlin Warschauer Straße
       Departing at: 2025-10-20 06:22
       Checking 530 arrivals (aggregated from all related platforms/sections)
       ✗ Time diff out of range: 2min
       ✗ No matching arrival found
       Sample of available trains:
         - S 9027 at 2510200359
         - S 9025 at 2510200339
         - S 9023 at 2510200326
    🔍 Looking for train S 5525 at Berlin Ostkreuz (S)
       Departing at: 2025-10-20 06:22
       Checking 0 arrivals (aggregated from all related platforms/sections)
       ✗ No matching arrival found
       ⚠️  NO S-Bahn arrivals found within 30 minutes of departure
    🔍 Looking for train S 5041 at Berlin Warschauer Straße
       Departing at: 2025-10-20 06:32
       Checking 530 arrivals (aggregated from all related platforms/sections)
       ✗ Time diff out of range: 2min
       ✗ No matching arrival found
       Sample of available trains:
         - S 9027 at 2510200359
         - S 9025 at 2510200339
         - S 9023 at 2510200326
    🔍 Looking for train S 5041 at Berlin Ostkreuz (S)
       Departing at: 2025-10-20 06:32
       Checking 0 arrivals (aggregated from all related platforms/sections)
       ✗ No matching arrival found
       ⚠️  NO S-Bahn arrivals found within 30 minutes of departure
    🔍 Looking for train S 5041 at Berlin-Friedrichsfelde Ost
       Departing at: 2025-10-20 06:32
       Checking 0 arrivals (aggregated from all related platforms/sections)
       ✗ No matching arrival found
    🔍 Looking for train S 5528 at Berlin Friedrichstraße (S)
       Departing at: 2025-10-20 06:53
       Checking 884 arrivals (aggregated from all related platforms/sections)
       ✓ Found match! Arrives at: 2025-10-20 07:01 (travel: 8min)
    🔍 Looking for train S 5528 at Berlin Westkreuz
       Departing at: 2025-10-20 06:53
       Checking 0 arrivals (aggregated from all related platforms/sections)
       ✗ No matching arrival found
       ⚠️  NO S-Bahn arrivals found within 30 minutes of departure
    🔍 Looking for train S 7519 at Berlin Warschauer Straße
       Departing at: 2025-10-20 06:39
       Checking 530 arrivals (aggregated from all related platforms/sections)
       ✗ Time diff out of range: 2min
       ✗ No matching arrival found
       Sample of available trains:
         - S 9027 at 2510200359
         - S 9025 at 2510200339
         - S 9023 at 2510200326
    🔍 Looking for train S 7519 at Berlin Ostkreuz (S)
       Departing at: 2025-10-20 06:39
       Checking 0 arrivals (aggregated from all related platforms/sections)
       ✗ No matching arrival found
       ⚠️  NO S-Bahn arrivals found within 30 minutes of departure
    🔍 Looking for train S 3735 at Berlin Warschauer Straße
       Departing at: 2025-10-20 07:37
       Checking 530 arrivals (aggregated from all related platforms/sections)
       ✗ Time diff out of range: 2min
       ✗ No matching arrival found
       Sample of available trains:
         - S 9027 at 2510200359
         - S 9025 at 2510200339
         - S 9023 at 2510200326
    🔍 Looking for train S 3735 at Berlin Ostkreuz (S)
       Departing at: 2025-10-20 07:37
       Checking 0 arrivals (aggregated from all related platforms/sections)
       ✗ No matching arrival found
       ⚠️  NO S-Bahn arrivals found within 30 minutes of departure
    🔍 Looking for train S 3735 at Berlin-Karlshorst (S)
       Departing at: 2025-10-20 07:37
       Checking 0 arrivals (aggregated from all related platforms/sections)
       ✗ No matching arrival found
    🔍 Looking for train S 3735 at Berlin-Köpenick
       Departing at: 2025-10-20 07:37
       Checking 139 arrivals (aggregated from all related platforms/sections)
       ✓ Found match! Arrives at: 2025-10-20 07:54 (travel: 17min)
    🔍 Looking for train S 3735 at Berlin-Friedrichshagen
       Departing at: 2025-10-20 07:37
       Checking 139 arrivals (aggregated from all related platforms/sections)
       ✓ Found match! Arrives at: 2025-10-20 07:59 (travel: 22min)
    🔍 Looking for train S 7523 at Berlin Warschauer Straße
       Departing at: 2025-10-20 07:19
       Checking 530 arrivals (aggregated from all related platforms/sections)
       ✗ Time diff out of range: 2min
       ✗ No matching arrival found
       Sample of available trains:
         - S 9027 at 2510200359
         - S 9025 at 2510200339
         - S 9023 at 2510200326
    🔍 Looking for train S 7523 at Berlin Ostkreuz (S)
       Departing at: 2025-10-20 07:19
       Checking 0 arrivals (aggregated from all related platforms/sections)
       ✗ No matching arrival found
       ⚠️  NO S-Bahn arrivals found within 30 minutes of departure
    🔍 Looking for train S 7528 at Berlin Friedrichstraße (S)
       Departing at: 2025-10-20 07:36
       Checking 884 arrivals (aggregated from all related platforms/sections)
       ✓ Found match! Arrives at: 2025-10-20 07:43 (travel: 7min)
    🔍 Looking for train S 7528 at Berlin Westkreuz
       Departing at: 2025-10-20 07:36
       Checking 0 arrivals (aggregated from all related platforms/sections)
       ✗ No matching arrival found
       ⚠️  NO S-Bahn arrivals found within 30 minutes of departure
    🔍 Looking for train S 7528 at Berlin-Nikolassee
       Departing at: 2025-10-20 07:36
       Checking 274 arrivals (aggregated from all related platforms/sections)
       ✓ Found match! Arrives at: 2025-10-20 08:10 (travel: 34min)
    🔍 Looking for train S 7061 at Berlin Warschauer Straße
       Departing at: 2025-10-20 07:49
       Checking 530 arrivals (aggregated from all related platforms/sections)
       ✗ Time diff out of range: 2min
       ✗ No matching arrival found
       Sample of available trains:
         - S 9027 at 2510200359
         - S 9025 at 2510200339
         - S 9023 at 2510200326
    🔍 Looking for train S 7061 at Berlin Ostkreuz (S)
       Departing at: 2025-10-20 07:49
       Checking 0 arrivals (aggregated from all related platforms/sections)
       ✗ No matching arrival found
       ⚠️  NO S-Bahn arrivals found within 30 minutes of departure
    🔍 Looking for train S 7061 at Berlin-Friedrichsfelde Ost
       Departing at: 2025-10-20 07:49
       Checking 0 arrivals (aggregated from all related platforms/sections)
       ✗ No matching arrival found
    🔍 Looking for train S 3068 at Berlin Friedrichstraße (S)
       Departing at: 2025-10-20 07:58
       Checking 884 arrivals (aggregated from all related platforms/sections)
       ✓ Found match! Arrives at: 2025-10-20 08:06 (travel: 8min)
    🔍 Looking for train S 3068 at Berlin Westkreuz
       Departing at: 2025-10-20 07:58
       Checking 0 arrivals (aggregated from all related platforms/sections)
       ✗ No matching arrival found
       ⚠️  NO S-Bahn arrivals found within 30 minutes of departure
    🔍 Looking for train S 3068 at Berlin Messe Süd (Eichkamp)
       Departing at: 2025-10-20 07:58
       Checking 0 arrivals (aggregated from all related platforms/sections)
       ✗ No matching arrival found
    🔍 Looking for train S 3068 at Berlin Olympiastadion
       Departing at: 2025-10-20 07:58
       Checking 0 arrivals (aggregated from all related platforms/sections)
       ✗ No matching arrival found
    🔍 Looking for train S 3068 at Berlin-Spandau (S)
       Departing at: 2025-10-20 07:58
       Checking 0 arrivals (aggregated from all related platforms/sections)
       ✗ No matching arrival found
    🔍 Looking for train S 3341 at Berlin Warschauer Straße
       Departing at: 2025-10-20 07:25
       Checking 530 arrivals (aggregated from all related platforms/sections)
       ✗ Time diff out of range: 1min
       ✗ No matching arrival found
       Sample of available trains:
         - S 9027 at 2510200359
         - S 9025 at 2510200339
         - S 9023 at 2510200326
    🔍 Looking for train S 3341 at Berlin Ostkreuz (S)
       Departing at: 2025-10-20 07:25
       Checking 0 arrivals (aggregated from all related platforms/sections)
       ✗ No matching arrival found
       ⚠️  NO S-Bahn arrivals found within 30 minutes of departure
    🔍 Looking for train S 3341 at Berlin-Karlshorst (S)
       Departing at: 2025-10-20 07:25
       Checking 0 arrivals (aggregated from all related platforms/sections)
       ✗ No matching arrival found
    🔍 Looking for train S 3730 at Berlin Friedrichstraße (S)
       Departing at: 2025-10-20 07:31
       Checking 884 arrivals (aggregated from all related platforms/sections)
       ✓ Found match! Arrives at: 2025-10-20 07:38 (travel: 7min)
    🔍 Looking for train S 3067 at Berlin Warschauer Straße
       Departing at: 2025-10-20 07:47
       Checking 530 arrivals (aggregated from all related platforms/sections)
       ✗ Time diff out of range: 2min
       ✗ No matching arrival found
       Sample of available trains:
         - S 9027 at 2510200359
         - S 9025 at 2510200339
         - S 9023 at 2510200326
    🔍 Looking for train S 3067 at Berlin Ostkreuz (S)
       Departing at: 2025-10-20 07:47
       Checking 0 arrivals (aggregated from all related platforms/sections)
       ✗ No matching arrival found
       ⚠️  NO S-Bahn arrivals found within 30 minutes of departure
    🔍 Looking for train S 3067 at Berlin-Karlshorst (S)
       Departing at: 2025-10-20 07:47
       Checking 0 arrivals (aggregated from all related platforms/sections)
       ✗ No matching arrival found
    🔍 Looking for train S 3067 at Berlin-Köpenick
       Departing at: 2025-10-20 07:47
       Checking 139 arrivals (aggregated from all related platforms/sections)
       ✓ Found match! Arrives at: 2025-10-20 08:04 (travel: 17min)
    🔍 Looking for train S 3067 at Berlin-Friedrichshagen
       Departing at: 2025-10-20 07:47
       Checking 139 arrivals (aggregated from all related platforms/sections)
       ✓ Found match! Arrives at: 2025-10-20 08:09 (travel: 22min)
    🔍 Looking for train S 9347 at Berlin Warschauer Straße
       Departing at: 2025-10-20 07:17
       Checking 530 arrivals (aggregated from all related platforms/sections)
       ✗ Time diff out of range: 2min
       ✗ No matching arrival found
       Sample of available trains:
         - S 9027 at 2510200359
         - S 9025 at 2510200339
         - S 9023 at 2510200326
    🔍 Looking for train S 9347 at Berlin Treptower Park
       Departing at: 2025-10-20 07:17
       Checking 463 arrivals (aggregated from all related platforms/sections)
       ✓ Found match! Arrives at: 2025-10-20 07:22 (travel: 5min)
    🔍 Looking for train S 9347 at Berlin Baumschulenweg
       Departing at: 2025-10-20 07:17
       Checking 421 arrivals (aggregated from all related platforms/sections)
       ✓ Found match! Arrives at: 2025-10-20 07:27 (travel: 10min)
    🔍 Looking for train S 9347 at Berlin-Adlershof
       Departing at: 2025-10-20 07:17
       Checking 370 arrivals (aggregated from all related platforms/sections)
       ✓ Found match! Arrives at: 2025-10-20 07:38 (travel: 21min)
    🔍 Looking for train S 9347 at Schönefeld(bei Berlin)
       Departing at: 2025-10-20 07:17
       Checking 168 arrivals (aggregated from all related platforms/sections)
       ✓ Found match! Arrives at: 2025-10-20 07:48 (travel: 31min)
    🔍 Looking for train S 5042 at Berlin Friedrichstraße (S)
       Departing at: 2025-10-20 07:23
       Checking 884 arrivals (aggregated from all related platforms/sections)
       ✓ Found match! Arrives at: 2025-10-20 07:31 (travel: 8min)
    🔍 Looking for train S 5042 at Berlin Westkreuz
       Departing at: 2025-10-20 07:23
       Checking 0 arrivals (aggregated from all related platforms/sections)
       ✗ No matching arrival found
       ⚠️  NO S-Bahn arrivals found within 30 minutes of departure
    🔍 Looking for train S 5042 at Berlin Messe Süd (Eichkamp)
       Departing at: 2025-10-20 07:23
       Checking 0 arrivals (aggregated from all related platforms/sections)
       ✗ No matching arrival found
    🔍 Looking for train S 5042 at Berlin Olympiastadion
       Departing at: 2025-10-20 07:23
       Checking 0 arrivals (aggregated from all related platforms/sections)
       ✗ No matching arrival found
    🔍 Looking for train S 9349 at Berlin Warschauer Straße
       Departing at: 2025-10-20 07:37
       Checking 530 arrivals (aggregated from all related platforms/sections)
       ✗ Time diff out of range: 2min
       ✗ No matching arrival found
       Sample of available trains:
         - S 9027 at 2510200359
         - S 9025 at 2510200339
         - S 9023 at 2510200326
    🔍 Looking for train S 9349 at Berlin Treptower Park
       Departing at: 2025-10-20 07:37
       Checking 463 arrivals (aggregated from all related platforms/sections)
       ✓ Found match! Arrives at: 2025-10-20 07:42 (travel: 5min)
    🔍 Looking for train S 9349 at Berlin Baumschulenweg
       Departing at: 2025-10-20 07:37
       Checking 421 arrivals (aggregated from all related platforms/sections)
       ✓ Found match! Arrives at: 2025-10-20 07:47 (travel: 10min)
    🔍 Looking for train S 9349 at Berlin-Adlershof
       Departing at: 2025-10-20 07:37
       Checking 370 arrivals (aggregated from all related platforms/sections)
       ✓ Found match! Arrives at: 2025-10-20 07:58 (travel: 21min)
    🔍 Looking for train S 9349 at Schönefeld(bei Berlin)
       Departing at: 2025-10-20 07:37
       Checking 168 arrivals (aggregated from all related platforms/sections)
       ✓ Found match! Arrives at: 2025-10-20 08:08 (travel: 31min)
    🔍 Looking for train S 5529 at Berlin Warschauer Straße
       Departing at: 2025-10-20 07:02
       Checking 530 arrivals (aggregated from all related platforms/sections)
       ✗ Time diff out of range: 2min
       ✗ No matching arrival found
       Sample of available trains:
         - S 9027 at 2510200359
         - S 9025 at 2510200339
         - S 9023 at 2510200326
    🔍 Looking for train S 5529 at Berlin Ostkreuz (S)
       Departing at: 2025-10-20 07:02
       Checking 0 arrivals (aggregated from all related platforms/sections)
       ✗ No matching arrival found
       ⚠️  NO S-Bahn arrivals found within 30 minutes of departure
    🔍 Looking for train S 3339 at Berlin Warschauer Straße
       Departing at: 2025-10-20 07:05
       Checking 530 arrivals (aggregated from all related platforms/sections)
       ✗ Time diff out of range: 1min
       ✗ No matching arrival found
       Sample of available trains:
         - S 9027 at 2510200359
         - S 9025 at 2510200339
         - S 9023 at 2510200326
    🔍 Looking for train S 3339 at Berlin Ostkreuz (S)
       Departing at: 2025-10-20 07:05
       Checking 0 arrivals (aggregated from all related platforms/sections)
       ✗ No matching arrival found
       ⚠️  NO S-Bahn arrivals found within 30 minutes of departure
    🔍 Looking for train S 3339 at Berlin-Karlshorst (S)
       Departing at: 2025-10-20 07:05
       Checking 0 arrivals (aggregated from all related platforms/sections)
       ✗ No matching arrival found
    🔍 Looking for train S 7525 at Berlin Warschauer Straße
       Departing at: 2025-10-20 07:39
       Checking 530 arrivals (aggregated from all related platforms/sections)
       ✗ Time diff out of range: 2min
       ✗ No matching arrival found
       Sample of available trains:
         - S 9027 at 2510200359
         - S 9025 at 2510200339
         - S 9023 at 2510200326
    🔍 Looking for train S 7525 at Berlin Ostkreuz (S)
       Departing at: 2025-10-20 07:39
       Checking 0 arrivals (aggregated from all related platforms/sections)
       ✗ No matching arrival found
       ⚠️  NO S-Bahn arrivals found within 30 minutes of departure
    🔍 Looking for train S 9346 at Berlin Friedrichstraße (S)
       Departing at: 2025-10-20 07:08
       Checking 884 arrivals (aggregated from all related platforms/sections)
       ✓ Found match! Arrives at: 2025-10-20 07:16 (travel: 8min)
    🔍 Looking for train S 9346 at Berlin Westkreuz
       Departing at: 2025-10-20 07:08
       Checking 0 arrivals (aggregated from all related platforms/sections)
       ✗ No matching arrival found
       ⚠️  NO S-Bahn arrivals found within 30 minutes of departure
    🔍 Looking for train S 9346 at Berlin Messe Süd (Eichkamp)
       Departing at: 2025-10-20 07:08
       Checking 0 arrivals (aggregated from all related platforms/sections)
       ✗ No matching arrival found
    🔍 Looking for train S 9346 at Berlin Olympiastadion
       Departing at: 2025-10-20 07:08
       Checking 0 arrivals (aggregated from all related platforms/sections)
       ✗ No matching arrival found
    🔍 Looking for train S 9346 at Berlin-Spandau (S)
       Departing at: 2025-10-20 07:08
       Checking 0 arrivals (aggregated from all related platforms/sections)
       ✗ No matching arrival found
    🔍 Looking for train S 5045 at Berlin Warschauer Straße
       Departing at: 2025-10-20 07:12
       Checking 530 arrivals (aggregated from all related platforms/sections)
       ✗ Time diff out of range: 2min
       ✗ No matching arrival found
       Sample of available trains:
         - S 9027 at 2510200359
         - S 9025 at 2510200339
         - S 9023 at 2510200326
    🔍 Looking for train S 5045 at Berlin Ostkreuz (S)
       Departing at: 2025-10-20 07:12
       Checking 0 arrivals (aggregated from all related platforms/sections)
       ✗ No matching arrival found
       ⚠️  NO S-Bahn arrivals found within 30 minutes of departure
    🔍 Looking for train S 5045 at Berlin-Friedrichsfelde Ost
       Departing at: 2025-10-20 07:12
       Checking 0 arrivals (aggregated from all related platforms/sections)
       ✗ No matching arrival found
    🔍 Looking for train S 3737 at Berlin Warschauer Straße
       Departing at: 2025-10-20 07:57
       Checking 530 arrivals (aggregated from all related platforms/sections)
       ✗ Time diff out of range: 2min
       ✗ No matching arrival found
       Sample of available trains:
         - S 9027 at 2510200359
         - S 9025 at 2510200339
         - S 9023 at 2510200326
    🔍 Looking for train S 3737 at Berlin Ostkreuz (S)
       Departing at: 2025-10-20 07:57
       Checking 0 arrivals (aggregated from all related platforms/sections)
       ✗ No matching arrival found
       ⚠️  NO S-Bahn arrivals found within 30 minutes of departure
    🔍 Looking for train S 3737 at Berlin-Karlshorst (S)
       Departing at: 2025-10-20 07:57
       Checking 0 arrivals (aggregated from all related platforms/sections)
       ✗ No matching arrival found
    🔍 Looking for train S 3737 at Berlin-Köpenick
       Departing at: 2025-10-20 07:57
       Checking 139 arrivals (aggregated from all related platforms/sections)
       ✓ Found match! Arrives at: 2025-10-20 08:14 (travel: 17min)
    🔍 Looking for train S 3737 at Berlin-Friedrichshagen
       Departing at: 2025-10-20 07:57
       Checking 139 arrivals (aggregated from all related platforms/sections)
       ✓ Found match! Arrives at: 2025-10-20 08:19 (travel: 22min)
    🔍 Looking for train S 3065 at Berlin Warschauer Straße
       Departing at: 2025-10-20 07:27
       Checking 530 arrivals (aggregated from all related platforms/sections)
       ✗ Time diff out of range: 2min
       ✗ No matching arrival found
       Sample of available trains:
         - S 9027 at 2510200359
         - S 9025 at 2510200339
         - S 9023 at 2510200326
    🔍 Looking for train S 3065 at Berlin Ostkreuz (S)
       Departing at: 2025-10-20 07:27
       Checking 0 arrivals (aggregated from all related platforms/sections)
       ✗ No matching arrival found
       ⚠️  NO S-Bahn arrivals found within 30 minutes of departure
    🔍 Looking for train S 3065 at Berlin-Karlshorst (S)
       Departing at: 2025-10-20 07:27
       Checking 0 arrivals (aggregated from all related platforms/sections)
       ✗ No matching arrival found
    🔍 Looking for train S 3065 at Berlin-Köpenick
       Departing at: 2025-10-20 07:27
       Checking 139 arrivals (aggregated from all related platforms/sections)
       ✓ Found match! Arrives at: 2025-10-20 07:44 (travel: 17min)
    🔍 Looking for train S 3065 at Berlin-Friedrichshagen
       Departing at: 2025-10-20 07:27
       Checking 139 arrivals (aggregated from all related platforms/sections)
       ✓ Found match! Arrives at: 2025-10-20 07:49 (travel: 22min)
    🔍 Looking for train S 5044 at Berlin Friedrichstraße (S)
       Departing at: 2025-10-20 07:43
       Checking 884 arrivals (aggregated from all related platforms/sections)
       ✓ Found match! Arrives at: 2025-10-20 07:51 (travel: 8min)
    🔍 Looking for train S 5044 at Berlin Westkreuz
       Departing at: 2025-10-20 07:43
       Checking 0 arrivals (aggregated from all related platforms/sections)
       ✗ No matching arrival found
       ⚠️  NO S-Bahn arrivals found within 30 minutes of departure
    🔍 Looking for train S 5044 at Berlin Messe Süd (Eichkamp)
       Departing at: 2025-10-20 07:43
       Checking 0 arrivals (aggregated from all related platforms/sections)
       ✗ No matching arrival found
    🔍 Looking for train S 5044 at Berlin Olympiastadion
       Departing at: 2025-10-20 07:43
       Checking 0 arrivals (aggregated from all related platforms/sections)
       ✗ No matching arrival found
    🔍 Looking for train S 7527 at Berlin Warschauer Straße
       Departing at: 2025-10-20 07:59
       Checking 530 arrivals (aggregated from all related platforms/sections)
       ✗ Time diff out of range: 2min
       ✗ No matching arrival found
       Sample of available trains:
         - S 9027 at 2510200359
         - S 9025 at 2510200339
         - S 9023 at 2510200326
    🔍 Looking for train S 7527 at Berlin Ostkreuz (S)
       Departing at: 2025-10-20 07:59
       Checking 0 arrivals (aggregated from all related platforms/sections)
       ✗ No matching arrival found
       ⚠️  NO S-Bahn arrivals found within 30 minutes of departure
    🔍 Looking for train S 3064 at Berlin Friedrichstraße (S)
       Departing at: 2025-10-20 07:18
       Checking 884 arrivals (aggregated from all related platforms/sections)
       ✓ Found match! Arrives at: 2025-10-20 07:26 (travel: 8min)
    🔍 Looking for train S 3064 at Berlin Westkreuz
       Departing at: 2025-10-20 07:18
       Checking 0 arrivals (aggregated from all related platforms/sections)
       ✗ No matching arrival found
       ⚠️  NO S-Bahn arrivals found within 30 minutes of departure
    🔍 Looking for train S 3064 at Berlin Messe Süd (Eichkamp)
       Departing at: 2025-10-20 07:18
       Checking 0 arrivals (aggregated from all related platforms/sections)
       ✗ No matching arrival found
    🔍 Looking for train S 3064 at Berlin Olympiastadion
       Departing at: 2025-10-20 07:18
       Checking 0 arrivals (aggregated from all related platforms/sections)
       ✗ No matching arrival found
    🔍 Looking for train S 3064 at Berlin-Spandau (S)
       Departing at: 2025-10-20 07:18
       Checking 0 arrivals (aggregated from all related platforms/sections)
       ✗ No matching arrival found
    🔍 Looking for train S 5534 at Berlin Friedrichstraße (S)
       Departing at: 2025-10-20 07:53
       Checking 884 arrivals (aggregated from all related platforms/sections)
       ✓ Found match! Arrives at: 2025-10-20 08:01 (travel: 8min)
    🔍 Looking for train S 5534 at Berlin Westkreuz
       Departing at: 2025-10-20 07:53
       Checking 0 arrivals (aggregated from all related platforms/sections)
       ✗ No matching arrival found
       ⚠️  NO S-Bahn arrivals found within 30 minutes of departure
    🔍 Looking for train S 5534 at Berlin Messe Süd (Eichkamp)
       Departing at: 2025-10-20 07:53
       Checking 0 arrivals (aggregated from all related platforms/sections)
       ✗ No matching arrival found
    🔍 Looking for train S 5534 at Berlin Olympiastadion
       Departing at: 2025-10-20 07:53
       Checking 0 arrivals (aggregated from all related platforms/sections)
       ✗ No matching arrival found
    🔍 Looking for train S 3728 at Berlin Friedrichstraße (S)
       Departing at: 2025-10-20 07:11
       Checking 884 arrivals (aggregated from all related platforms/sections)
       ✓ Found match! Arrives at: 2025-10-20 07:18 (travel: 7min)
    🔍 Looking for train S 5047 at Berlin Warschauer Straße
       Departing at: 2025-10-20 07:32
       Checking 530 arrivals (aggregated from all related platforms/sections)
       ✗ Time diff out of range: 2min
       ✗ No matching arrival found
       Sample of available trains:
         - S 9027 at 2510200359
         - S 9025 at 2510200339
         - S 9023 at 2510200326
    🔍 Looking for train S 5047 at Berlin Ostkreuz (S)
       Departing at: 2025-10-20 07:32
       Checking 0 arrivals (aggregated from all related platforms/sections)
       ✗ No matching arrival found
       ⚠️  NO S-Bahn arrivals found within 30 minutes of departure
    🔍 Looking for train S 5047 at Berlin-Friedrichsfelde Ost
       Departing at: 2025-10-20 07:32
       Checking 0 arrivals (aggregated from all related platforms/sections)
       ✗ No matching arrival found
    🔍 Looking for train S 7060 at Berlin Friedrichstraße (S)
       Departing at: 2025-10-20 07:26
       Checking 884 arrivals (aggregated from all related platforms/sections)
       ✓ Found match! Arrives at: 2025-10-20 07:33 (travel: 7min)
    🔍 Looking for train S 7060 at Berlin Westkreuz
       Departing at: 2025-10-20 07:26
       Checking 0 arrivals (aggregated from all related platforms/sections)
       ✗ No matching arrival found
       ⚠️  NO S-Bahn arrivals found within 30 minutes of departure
    🔍 Looking for train S 7060 at Berlin-Nikolassee
       Departing at: 2025-10-20 07:26
       Checking 274 arrivals (aggregated from all related platforms/sections)
       ✓ Found match! Arrives at: 2025-10-20 08:00 (travel: 34min)
    🔍 Looking for train S 7057 at Berlin Warschauer Straße
       Departing at: 2025-10-20 07:09
       Checking 530 arrivals (aggregated from all related platforms/sections)
       ✗ Time diff out of range: 2min
       ✗ No matching arrival found
       Sample of available trains:
         - S 9027 at 2510200359
         - S 9025 at 2510200339
         - S 9023 at 2510200326
    🔍 Looking for train S 7057 at Berlin Ostkreuz (S)
       Departing at: 2025-10-20 07:09
       Checking 0 arrivals (aggregated from all related platforms/sections)
       ✗ No matching arrival found
       ⚠️  NO S-Bahn arrivals found within 30 minutes of departure
    🔍 Looking for train S 7057 at Berlin-Friedrichsfelde Ost
       Departing at: 2025-10-20 07:09
       Checking 0 arrivals (aggregated from all related platforms/sections)
       ✗ No matching arrival found
    🔍 Looking for train S 5532 at Berlin Friedrichstraße (S)
       Departing at: 2025-10-20 07:33
       Checking 884 arrivals (aggregated from all related platforms/sections)
       ✓ Found match! Arrives at: 2025-10-20 07:41 (travel: 8min)
    🔍 Looking for train S 5532 at Berlin Westkreuz
       Departing at: 2025-10-20 07:33
       Checking 0 arrivals (aggregated from all related platforms/sections)
       ✗ No matching arrival found
       ⚠️  NO S-Bahn arrivals found within 30 minutes of departure
    🔍 Looking for train S 5532 at Berlin Messe Süd (Eichkamp)
       Departing at: 2025-10-20 07:33
       Checking 0 arrivals (aggregated from all related platforms/sections)
       ✗ No matching arrival found
    🔍 Looking for train S 5532 at Berlin Olympiastadion
       Departing at: 2025-10-20 07:33
       Checking 0 arrivals (aggregated from all related platforms/sections)
       ✗ No matching arrival found
    🔍 Looking for train S 7062 at Berlin Friedrichstraße (S)
       Departing at: 2025-10-20 07:46
       Checking 884 arrivals (aggregated from all related platforms/sections)
       ✓ Found match! Arrives at: 2025-10-20 07:53 (travel: 7min)
    🔍 Looking for train S 7062 at Berlin Westkreuz
       Departing at: 2025-10-20 07:46
       Checking 0 arrivals (aggregated from all related platforms/sections)
       ✗ No matching arrival found
       ⚠️  NO S-Bahn arrivals found within 30 minutes of departure
    🔍 Looking for train S 7062 at Berlin-Nikolassee
       Departing at: 2025-10-20 07:46
       Checking 274 arrivals (aggregated from all related platforms/sections)
       ✓ Found match! Arrives at: 2025-10-20 08:20 (travel: 34min)
    🔍 Looking for train S 9351 at Berlin Warschauer Straße
       Departing at: 2025-10-20 07:57
       Checking 530 arrivals (aggregated from all related platforms/sections)
       ✗ Time diff out of range: 2min
       ✗ No matching arrival found
       Sample of available trains:
         - S 9027 at 2510200359
         - S 9025 at 2510200339
         - S 9023 at 2510200326
    🔍 Looking for train S 9351 at Berlin Treptower Park
       Departing at: 2025-10-20 07:57
       Checking 463 arrivals (aggregated from all related platforms/sections)
       ✓ Found match! Arrives at: 2025-10-20 08:02 (travel: 5min)
    🔍 Looking for train S 9351 at Berlin Baumschulenweg
       Departing at: 2025-10-20 07:57
       Checking 421 arrivals (aggregated from all related platforms/sections)
       ✓ Found match! Arrives at: 2025-10-20 08:07 (travel: 10min)
    🔍 Looking for train S 9351 at Berlin-Adlershof
       Departing at: 2025-10-20 07:57
       Checking 370 arrivals (aggregated from all related platforms/sections)
       ✓ Found match! Arrives at: 2025-10-20 08:18 (travel: 21min)
    🔍 Looking for train S 9351 at Schönefeld(bei Berlin)
       Departing at: 2025-10-20 07:57
       Checking 168 arrivals (aggregated from all related platforms/sections)
       ✓ Found match! Arrives at: 2025-10-20 08:28 (travel: 31min)
    🔍 Looking for train S 3733 at Berlin Warschauer Straße
       Departing at: 2025-10-20 07:17
       Checking 530 arrivals (aggregated from all related platforms/sections)
       ✗ Time diff out of range: 2min
       ✗ No matching arrival found
       Sample of available trains:
         - S 9027 at 2510200359
         - S 9025 at 2510200339
         - S 9023 at 2510200326
    🔍 Looking for train S 3733 at Berlin Ostkreuz (S)
       Departing at: 2025-10-20 07:17
       Checking 0 arrivals (aggregated from all related platforms/sections)
       ✗ No matching arrival found
       ⚠️  NO S-Bahn arrivals found within 30 minutes of departure
    🔍 Looking for train S 3733 at Berlin-Karlshorst (S)
       Departing at: 2025-10-20 07:17
       Checking 0 arrivals (aggregated from all related platforms/sections)
       ✗ No matching arrival found
    🔍 Looking for train S 3733 at Berlin-Köpenick
       Departing at: 2025-10-20 07:17
       Checking 139 arrivals (aggregated from all related platforms/sections)
       ✓ Found match! Arrives at: 2025-10-20 07:34 (travel: 17min)
    🔍 Looking for train S 3733 at Berlin-Friedrichshagen
       Departing at: 2025-10-20 07:17
       Checking 139 arrivals (aggregated from all related platforms/sections)
       ✓ Found match! Arrives at: 2025-10-20 07:39 (travel: 22min)
    🔍 Looking for train S 5533 at Berlin Warschauer Straße
       Departing at: 2025-10-20 07:42
       Checking 530 arrivals (aggregated from all related platforms/sections)
       ✗ Time diff out of range: 2min
       ✗ No matching arrival found
       Sample of available trains:
         - S 9027 at 2510200359
         - S 9025 at 2510200339
         - S 9023 at 2510200326
    🔍 Looking for train S 5533 at Berlin Ostkreuz (S)
       Departing at: 2025-10-20 07:42
       Checking 0 arrivals (aggregated from all related platforms/sections)
       ✗ No matching arrival found
       ⚠️  NO S-Bahn arrivals found within 30 minutes of departure
    🔍 Looking for train S 3066 at Berlin Friedrichstraße (S)
       Departing at: 2025-10-20 07:38
       Checking 884 arrivals (aggregated from all related platforms/sections)
       ✓ Found match! Arrives at: 2025-10-20 07:46 (travel: 8min)
    🔍 Looking for train S 3066 at Berlin Westkreuz
       Departing at: 2025-10-20 07:38
       Checking 0 arrivals (aggregated from all related platforms/sections)
       ✗ No matching arrival found
       ⚠️  NO S-Bahn arrivals found within 30 minutes of departure
    🔍 Looking for train S 3066 at Berlin Messe Süd (Eichkamp)
       Departing at: 2025-10-20 07:38
       Checking 0 arrivals (aggregated from all related platforms/sections)
       ✗ No matching arrival found
    🔍 Looking for train S 3066 at Berlin Olympiastadion
       Departing at: 2025-10-20 07:38
       Checking 0 arrivals (aggregated from all related platforms/sections)
       ✗ No matching arrival found
    🔍 Looking for train S 3066 at Berlin-Spandau (S)
       Departing at: 2025-10-20 07:38
       Checking 0 arrivals (aggregated from all related platforms/sections)
       ✗ No matching arrival found
    🔍 Looking for train S 7530 at Berlin Friedrichstraße (S)
       Departing at: 2025-10-20 07:56
       Checking 884 arrivals (aggregated from all related platforms/sections)
       ✓ Found match! Arrives at: 2025-10-20 08:03 (travel: 7min)
    🔍 Looking for train S 7530 at Berlin Westkreuz
       Departing at: 2025-10-20 07:56
       Checking 0 arrivals (aggregated from all related platforms/sections)
       ✗ No matching arrival found
       ⚠️  NO S-Bahn arrivals found within 30 minutes of departure
    🔍 Looking for train S 7530 at Berlin-Nikolassee
       Departing at: 2025-10-20 07:56
       Checking 274 arrivals (aggregated from all related platforms/sections)
       ✓ Found match! Arrives at: 2025-10-20 08:30 (travel: 34min)
    🔍 Looking for train S 3343 at Berlin Warschauer Straße
       Departing at: 2025-10-20 07:45
       Checking 530 arrivals (aggregated from all related platforms/sections)
       ✗ Time diff out of range: 1min
       ✗ No matching arrival found
       Sample of available trains:
         - S 9027 at 2510200359
         - S 9025 at 2510200339
         - S 9023 at 2510200326
    🔍 Looking for train S 3343 at Berlin Ostkreuz (S)
       Departing at: 2025-10-20 07:45
       Checking 0 arrivals (aggregated from all related platforms/sections)
       ✗ No matching arrival found
       ⚠️  NO S-Bahn arrivals found within 30 minutes of departure
    🔍 Looking for train S 3343 at Berlin-Karlshorst (S)
       Departing at: 2025-10-20 07:45
       Checking 0 arrivals (aggregated from all related platforms/sections)
       ✗ No matching arrival found
    🔍 Looking for train S 3732 at Berlin Friedrichstraße (S)
       Departing at: 2025-10-20 07:51
       Checking 884 arrivals (aggregated from all related platforms/sections)
       ✓ Found match! Arrives at: 2025-10-20 07:58 (travel: 7min)
    🔍 Looking for train S 7059 at Berlin Warschauer Straße
       Departing at: 2025-10-20 07:29
       Checking 530 arrivals (aggregated from all related platforms/sections)
       ✗ Time diff out of range: 2min
       ✗ No matching arrival found
       Sample of available trains:
         - S 9027 at 2510200359
         - S 9025 at 2510200339
         - S 9023 at 2510200326
    🔍 Looking for train S 7059 at Berlin Ostkreuz (S)
       Departing at: 2025-10-20 07:29
       Checking 0 arrivals (aggregated from all related platforms/sections)
       ✗ No matching arrival found
       ⚠️  NO S-Bahn arrivals found within 30 minutes of departure
    🔍 Looking for train S 7059 at Berlin-Friedrichsfelde Ost
       Departing at: 2025-10-20 07:29
       Checking 0 arrivals (aggregated from all related platforms/sections)
       ✗ No matching arrival found
    🔍 Looking for train S 5530 at Berlin Friedrichstraße (S)
       Departing at: 2025-10-20 07:13
       Checking 884 arrivals (aggregated from all related platforms/sections)
       ✓ Found match! Arrives at: 2025-10-20 07:21 (travel: 8min)
    🔍 Looking for train S 5530 at Berlin Westkreuz
       Departing at: 2025-10-20 07:13
       Checking 0 arrivals (aggregated from all related platforms/sections)
       ✗ No matching arrival found
       ⚠️  NO S-Bahn arrivals found within 30 minutes of departure
    🔍 Looking for train S 5530 at Berlin Messe Süd (Eichkamp)
       Departing at: 2025-10-20 07:13
       Checking 0 arrivals (aggregated from all related platforms/sections)
       ✗ No matching arrival found
    🔍 Looking for train S 5530 at Berlin Olympiastadion
       Departing at: 2025-10-20 07:13
       Checking 0 arrivals (aggregated from all related platforms/sections)
       ✗ No matching arrival found
    🔍 Looking for train S 5040 at Berlin Friedrichstraße (S)
       Departing at: 2025-10-20 07:03
       Checking 884 arrivals (aggregated from all related platforms/sections)
       ✓ Found match! Arrives at: 2025-10-20 07:11 (travel: 8min)
    🔍 Looking for train S 5040 at Berlin Westkreuz
       Departing at: 2025-10-20 07:03
       Checking 0 arrivals (aggregated from all related platforms/sections)
       ✗ No matching arrival found
       ⚠️  NO S-Bahn arrivals found within 30 minutes of departure
    🔍 Looking for train S 5040 at Berlin Messe Süd (Eichkamp)
       Departing at: 2025-10-20 07:03
       Checking 0 arrivals (aggregated from all related platforms/sections)
       ✗ No matching arrival found
    🔍 Looking for train S 5040 at Berlin Olympiastadion
       Departing at: 2025-10-20 07:03
       Checking 0 arrivals (aggregated from all related platforms/sections)
       ✗ No matching arrival found
    🔍 Looking for train S 9348 at Berlin Friedrichstraße (S)
       Departing at: 2025-10-20 07:28
       Checking 884 arrivals (aggregated from all related platforms/sections)
       ✓ Found match! Arrives at: 2025-10-20 07:36 (travel: 8min)
    🔍 Looking for train S 9348 at Berlin Westkreuz
       Departing at: 2025-10-20 07:28
       Checking 0 arrivals (aggregated from all related platforms/sections)
       ✗ No matching arrival found
       ⚠️  NO S-Bahn arrivals found within 30 minutes of departure
    🔍 Looking for train S 9348 at Berlin Messe Süd (Eichkamp)
       Departing at: 2025-10-20 07:28
       Checking 0 arrivals (aggregated from all related platforms/sections)
       ✗ No matching arrival found
    🔍 Looking for train S 9348 at Berlin Olympiastadion
       Departing at: 2025-10-20 07:28
       Checking 0 arrivals (aggregated from all related platforms/sections)
       ✗ No matching arrival found
    🔍 Looking for train S 9348 at Berlin-Spandau (S)
       Departing at: 2025-10-20 07:28
       Checking 0 arrivals (aggregated from all related platforms/sections)
       ✗ No matching arrival found
    🔍 Looking for train S 7058 at Berlin Friedrichstraße (S)
       Departing at: 2025-10-20 07:06
       Checking 884 arrivals (aggregated from all related platforms/sections)
       ✓ Found match! Arrives at: 2025-10-20 07:13 (travel: 7min)
    🔍 Looking for train S 7058 at Berlin Westkreuz
       Departing at: 2025-10-20 07:06
       Checking 0 arrivals (aggregated from all related platforms/sections)
       ✗ No matching arrival found
       ⚠️  NO S-Bahn arrivals found within 30 minutes of departure
    🔍 Looking for train S 7058 at Berlin-Nikolassee
       Departing at: 2025-10-20 07:06
       Checking 274 arrivals (aggregated from all related platforms/sections)
       ✓ Found match! Arrives at: 2025-10-20 07:40 (travel: 34min)
    🔍 Looking for train S 7526 at Berlin Friedrichstraße (S)
       Departing at: 2025-10-20 07:16
       Checking 884 arrivals (aggregated from all related platforms/sections)
       ✓ Found match! Arrives at: 2025-10-20 07:23 (travel: 7min)
    🔍 Looking for train S 7526 at Berlin Westkreuz
       Departing at: 2025-10-20 07:16
       Checking 0 arrivals (aggregated from all related platforms/sections)
       ✗ No matching arrival found
       ⚠️  NO S-Bahn arrivals found within 30 minutes of departure
    🔍 Looking for train S 7526 at Berlin-Nikolassee
       Departing at: 2025-10-20 07:16
       Checking 274 arrivals (aggregated from all related platforms/sections)
       ✓ Found match! Arrives at: 2025-10-20 07:50 (travel: 34min)
    🔍 Looking for train S 5531 at Berlin Warschauer Straße
       Departing at: 2025-10-20 07:22
       Checking 530 arrivals (aggregated from all related platforms/sections)
       ✗ Time diff out of range: 2min
       ✗ No matching arrival found
       Sample of available trains:
         - S 9027 at 2510200359
         - S 9025 at 2510200339
         - S 9023 at 2510200326
    🔍 Looking for train S 5531 at Berlin Ostkreuz (S)
       Departing at: 2025-10-20 07:22
       Checking 0 arrivals (aggregated from all related platforms/sections)
       ✗ No matching arrival found
       ⚠️  NO S-Bahn arrivals found within 30 minutes of departure
    🔍 Looking for train S 3063 at Berlin Warschauer Straße
       Departing at: 2025-10-20 07:07
       Checking 530 arrivals (aggregated from all related platforms/sections)
       ✗ Time diff out of range: 2min
       ✗ No matching arrival found
       Sample of available trains:
         - S 9027 at 2510200359
         - S 9025 at 2510200339
         - S 9023 at 2510200326
    🔍 Looking for train S 3063 at Berlin Ostkreuz (S)
       Departing at: 2025-10-20 07:07
       Checking 0 arrivals (aggregated from all related platforms/sections)
       ✗ No matching arrival found
       ⚠️  NO S-Bahn arrivals found within 30 minutes of departure
    🔍 Looking for train S 3063 at Berlin-Karlshorst (S)
       Departing at: 2025-10-20 07:07
       Checking 0 arrivals (aggregated from all related platforms/sections)
       ✗ No matching arrival found
    🔍 Looking for train S 3063 at Berlin-Köpenick
       Departing at: 2025-10-20 07:07
       Checking 139 arrivals (aggregated from all related platforms/sections)
       ✓ Found match! Arrives at: 2025-10-20 07:24 (travel: 17min)
    🔍 Looking for train S 3063 at Berlin-Friedrichshagen
       Departing at: 2025-10-20 07:07
       Checking 139 arrivals (aggregated from all related platforms/sections)
       ✓ Found match! Arrives at: 2025-10-20 07:29 (travel: 22min)
    🔍 Looking for train S 5049 at Berlin Warschauer Straße
       Departing at: 2025-10-20 07:52
       Checking 530 arrivals (aggregated from all related platforms/sections)
       ✗ Time diff out of range: 2min
       ✗ No matching arrival found
       Sample of available trains:
         - S 9027 at 2510200359
         - S 9025 at 2510200339
         - S 9023 at 2510200326
    🔍 Looking for train S 5049 at Berlin Ostkreuz (S)
       Departing at: 2025-10-20 07:52
       Checking 0 arrivals (aggregated from all related platforms/sections)
       ✗ No matching arrival found
       ⚠️  NO S-Bahn arrivals found within 30 minutes of departure
    🔍 Looking for train S 5049 at Berlin-Friedrichsfelde Ost
       Departing at: 2025-10-20 07:52
       Checking 0 arrivals (aggregated from all related platforms/sections)
       ✗ No matching arrival found
    🔍 Looking for train S 9350 at Berlin Friedrichstraße (S)
       Departing at: 2025-10-20 07:48
       Checking 884 arrivals (aggregated from all related platforms/sections)
       ✓ Found match! Arrives at: 2025-10-20 07:56 (travel: 8min)
    🔍 Looking for train S 9350 at Berlin Westkreuz
       Departing at: 2025-10-20 07:48
       Checking 0 arrivals (aggregated from all related platforms/sections)
       ✗ No matching arrival found
       ⚠️  NO S-Bahn arrivals found within 30 minutes of departure
    🔍 Looking for train S 9350 at Berlin Messe Süd (Eichkamp)
       Departing at: 2025-10-20 07:48
       Checking 0 arrivals (aggregated from all related platforms/sections)
       ✗ No matching arrival found
    🔍 Looking for train S 9350 at Berlin Olympiastadion
       Departing at: 2025-10-20 07:48
       Checking 0 arrivals (aggregated from all related platforms/sections)
       ✗ No matching arrival found
    🔍 Looking for train S 9350 at Berlin-Spandau (S)
       Departing at: 2025-10-20 07:48
       Checking 0 arrivals (aggregated from all related platforms/sections)
       ✗ No matching arrival found
    🔍 Looking for train S 3074 at Berlin Friedrichstraße (S)
       Departing at: 2025-10-20 08:58
       Checking 884 arrivals (aggregated from all related platforms/sections)
       ✓ Found match! Arrives at: 2025-10-20 09:06 (travel: 8min)
    🔍 Looking for train S 3074 at Berlin Westkreuz
       Departing at: 2025-10-20 08:58
       Checking 0 arrivals (aggregated from all related platforms/sections)
       ✗ No matching arrival found
       ⚠️  NO S-Bahn arrivals found within 30 minutes of departure
    🔍 Looking for train S 3074 at Berlin Messe Süd (Eichkamp)
       Departing at: 2025-10-20 08:58
       Checking 0 arrivals (aggregated from all related platforms/sections)
       ✗ No matching arrival found
    🔍 Looking for train S 3074 at Berlin Olympiastadion
       Departing at: 2025-10-20 08:58
       Checking 0 arrivals (aggregated from all related platforms/sections)
       ✗ No matching arrival found
    🔍 Looking for train S 3074 at Berlin-Spandau (S)
       Departing at: 2025-10-20 08:58
       Checking 0 arrivals (aggregated from all related platforms/sections)
       ✗ No matching arrival found
    🔍 Looking for train S 7068 at Berlin Friedrichstraße (S)
       Departing at: 2025-10-20 08:46
       Checking 884 arrivals (aggregated from all related platforms/sections)
       ✓ Found match! Arrives at: 2025-10-20 08:53 (travel: 7min)
    🔍 Looking for train S 7068 at Berlin Westkreuz
       Departing at: 2025-10-20 08:46
       Checking 0 arrivals (aggregated from all related platforms/sections)
       ✗ No matching arrival found
       ⚠️  NO S-Bahn arrivals found within 30 minutes of departure
    🔍 Looking for train S 7068 at Berlin-Nikolassee
       Departing at: 2025-10-20 08:46
       Checking 274 arrivals (aggregated from all related platforms/sections)
       ✓ Found match! Arrives at: 2025-10-20 09:20 (travel: 34min)
    🔍 Looking for train S 7064 at Berlin Friedrichstraße (S)
       Departing at: 2025-10-20 08:06
       Checking 884 arrivals (aggregated from all related platforms/sections)
       ✓ Found match! Arrives at: 2025-10-20 08:13 (travel: 7min)
    🔍 Looking for train S 7064 at Berlin Westkreuz
       Departing at: 2025-10-20 08:06
       Checking 0 arrivals (aggregated from all related platforms/sections)
       ✗ No matching arrival found
       ⚠️  NO S-Bahn arrivals found within 30 minutes of departure
    🔍 Looking for train S 7064 at Berlin-Nikolassee
       Departing at: 2025-10-20 08:06
       Checking 274 arrivals (aggregated from all related platforms/sections)
       ✓ Found match! Arrives at: 2025-10-20 08:40 (travel: 34min)
    🔍 Looking for train S 7066 at Berlin Friedrichstraße (S)
       Departing at: 2025-10-20 08:26
       Checking 884 arrivals (aggregated from all related platforms/sections)
       ✓ Found match! Arrives at: 2025-10-20 08:33 (travel: 7min)
    🔍 Looking for train S 7066 at Berlin Westkreuz
       Departing at: 2025-10-20 08:26
       Checking 0 arrivals (aggregated from all related platforms/sections)
       ✗ No matching arrival found
       ⚠️  NO S-Bahn arrivals found within 30 minutes of departure
    🔍 Looking for train S 7066 at Berlin-Nikolassee
       Departing at: 2025-10-20 08:26
       Checking 274 arrivals (aggregated from all related platforms/sections)
       ✓ Found match! Arrives at: 2025-10-20 09:00 (travel: 34min)
    🔍 Looking for train S 3073 at Berlin Warschauer Straße
       Departing at: 2025-10-20 08:47
       Checking 530 arrivals (aggregated from all related platforms/sections)
       ✗ Time diff out of range: 2min
       ✗ No matching arrival found
       Sample of available trains:
         - S 9027 at 2510200359
         - S 9025 at 2510200339
         - S 9023 at 2510200326
    🔍 Looking for train S 3073 at Berlin Ostkreuz (S)
       Departing at: 2025-10-20 08:47
       Checking 0 arrivals (aggregated from all related platforms/sections)
       ✗ No matching arrival found
       ⚠️  NO S-Bahn arrivals found within 30 minutes of departure
    🔍 Looking for train S 3073 at Berlin-Karlshorst (S)
       Departing at: 2025-10-20 08:47
       Checking 0 arrivals (aggregated from all related platforms/sections)
       ✗ No matching arrival found
    🔍 Looking for train S 3073 at Berlin-Köpenick
       Departing at: 2025-10-20 08:47
       Checking 139 arrivals (aggregated from all related platforms/sections)
       ✓ Found match! Arrives at: 2025-10-20 09:04 (travel: 17min)
    🔍 Looking for train S 3073 at Berlin-Friedrichshagen
       Departing at: 2025-10-20 08:47
       Checking 139 arrivals (aggregated from all related platforms/sections)
       ✓ Found match! Arrives at: 2025-10-20 09:09 (travel: 22min)
    🔍 Looking for train S 5536 at Berlin Friedrichstraße (S)
       Departing at: 2025-10-20 08:13
       Checking 884 arrivals (aggregated from all related platforms/sections)
       ✓ Found match! Arrives at: 2025-10-20 08:21 (travel: 8min)
    🔍 Looking for train S 5536 at Berlin Westkreuz
       Departing at: 2025-10-20 08:13
       Checking 0 arrivals (aggregated from all related platforms/sections)
       ✗ No matching arrival found
       ⚠️  NO S-Bahn arrivals found within 30 minutes of departure
    🔍 Looking for train S 5536 at Berlin Messe Süd (Eichkamp)
       Departing at: 2025-10-20 08:13
       Checking 0 arrivals (aggregated from all related platforms/sections)
       ✗ No matching arrival found
    🔍 Looking for train S 5536 at Berlin Olympiastadion
       Departing at: 2025-10-20 08:13
       Checking 0 arrivals (aggregated from all related platforms/sections)
       ✗ No matching arrival found
    🔍 Looking for train S 9355 at Berlin Warschauer Straße
       Departing at: 2025-10-20 08:37
       Checking 530 arrivals (aggregated from all related platforms/sections)
       ✗ Time diff out of range: 2min
       ✗ No matching arrival found
       Sample of available trains:
         - S 9027 at 2510200359
         - S 9025 at 2510200339
         - S 9023 at 2510200326
    🔍 Looking for train S 9355 at Berlin Treptower Park
       Departing at: 2025-10-20 08:37
       Checking 463 arrivals (aggregated from all related platforms/sections)
       ✓ Found match! Arrives at: 2025-10-20 08:42 (travel: 5min)
    🔍 Looking for train S 9355 at Berlin Baumschulenweg
       Departing at: 2025-10-20 08:37
       Checking 421 arrivals (aggregated from all related platforms/sections)
       ✓ Found match! Arrives at: 2025-10-20 08:47 (travel: 10min)
    🔍 Looking for train S 9355 at Berlin-Adlershof
       Departing at: 2025-10-20 08:37
       Checking 370 arrivals (aggregated from all related platforms/sections)
       ✓ Found match! Arrives at: 2025-10-20 08:58 (travel: 21min)
    🔍 Looking for train S 9355 at Schönefeld(bei Berlin)
       Departing at: 2025-10-20 08:37
       Checking 168 arrivals (aggregated from all related platforms/sections)
       ✓ Found match! Arrives at: 2025-10-20 09:08 (travel: 31min)
    🔍 Looking for train S 7067 at Berlin Warschauer Straße
       Departing at: 2025-10-20 08:49
       Checking 530 arrivals (aggregated from all related platforms/sections)
       ✗ Time diff out of range: 2min
       ✗ No matching arrival found
       Sample of available trains:
         - S 9027 at 2510200359
         - S 9025 at 2510200339
         - S 9023 at 2510200326
    🔍 Looking for train S 7067 at Berlin Ostkreuz (S)
       Departing at: 2025-10-20 08:49
       Checking 0 arrivals (aggregated from all related platforms/sections)
       ✗ No matching arrival found
       ⚠️  NO S-Bahn arrivals found within 30 minutes of departure
    🔍 Looking for train S 7067 at Berlin-Friedrichsfelde Ost
       Departing at: 2025-10-20 08:49
       Checking 0 arrivals (aggregated from all related platforms/sections)
       ✗ No matching arrival found
    🔍 Looking for train S 7534 at Berlin Friedrichstraße (S)
       Departing at: 2025-10-20 08:36
       Checking 884 arrivals (aggregated from all related platforms/sections)
       ✓ Found match! Arrives at: 2025-10-20 08:43 (travel: 7min)
    🔍 Looking for train S 7534 at Berlin Westkreuz
       Departing at: 2025-10-20 08:36
       Checking 0 arrivals (aggregated from all related platforms/sections)
       ✗ No matching arrival found
       ⚠️  NO S-Bahn arrivals found within 30 minutes of departure
    🔍 Looking for train S 7534 at Berlin-Nikolassee
       Departing at: 2025-10-20 08:36
       Checking 274 arrivals (aggregated from all related platforms/sections)
       ✓ Found match! Arrives at: 2025-10-20 09:10 (travel: 34min)
    🔍 Looking for train S 3738 at Berlin Friedrichstraße (S)
       Departing at: 2025-10-20 08:51
       Checking 884 arrivals (aggregated from all related platforms/sections)
       ✓ Found match! Arrives at: 2025-10-20 08:58 (travel: 7min)
    🔍 Looking for train S 9352 at Berlin Friedrichstraße (S)
       Departing at: 2025-10-20 08:08
       Checking 884 arrivals (aggregated from all related platforms/sections)
       ✓ Found match! Arrives at: 2025-10-20 08:16 (travel: 8min)
    🔍 Looking for train S 9352 at Berlin Westkreuz
       Departing at: 2025-10-20 08:08
       Checking 0 arrivals (aggregated from all related platforms/sections)
       ✗ No matching arrival found
       ⚠️  NO S-Bahn arrivals found within 30 minutes of departure
    🔍 Looking for train S 9352 at Berlin Messe Süd (Eichkamp)
       Departing at: 2025-10-20 08:08
       Checking 0 arrivals (aggregated from all related platforms/sections)
       ✗ No matching arrival found
    🔍 Looking for train S 9352 at Berlin Olympiastadion
       Departing at: 2025-10-20 08:08
       Checking 0 arrivals (aggregated from all related platforms/sections)
       ✗ No matching arrival found
    🔍 Looking for train S 9352 at Berlin-Spandau (S)
       Departing at: 2025-10-20 08:08
       Checking 0 arrivals (aggregated from all related platforms/sections)
       ✗ No matching arrival found
    🔍 Looking for train S 5048 at Berlin Friedrichstraße (S)
       Departing at: 2025-10-20 08:23
       Checking 884 arrivals (aggregated from all related platforms/sections)
       ✓ Found match! Arrives at: 2025-10-20 08:31 (travel: 8min)
    🔍 Looking for train S 5048 at Berlin Westkreuz
       Departing at: 2025-10-20 08:23
       Checking 0 arrivals (aggregated from all related platforms/sections)
       ✗ No matching arrival found
       ⚠️  NO S-Bahn arrivals found within 30 minutes of departure
    🔍 Looking for train S 5048 at Berlin Messe Süd (Eichkamp)
       Departing at: 2025-10-20 08:23
       Checking 0 arrivals (aggregated from all related platforms/sections)
       ✗ No matching arrival found
    🔍 Looking for train S 5048 at Berlin Olympiastadion
       Departing at: 2025-10-20 08:23
       Checking 0 arrivals (aggregated from all related platforms/sections)
       ✗ No matching arrival found
    🔍 Looking for train S 7529 at Berlin Warschauer Straße
       Departing at: 2025-10-20 08:19
       Checking 530 arrivals (aggregated from all related platforms/sections)
       ✗ Time diff out of range: 2min
       ✗ No matching arrival found
       Sample of available trains:
         - S 9027 at 2510200359
         - S 9025 at 2510200339
         - S 9023 at 2510200326
    🔍 Looking for train S 7529 at Berlin Ostkreuz (S)
       Departing at: 2025-10-20 08:19
       Checking 0 arrivals (aggregated from all related platforms/sections)
       ✗ No matching arrival found
       ⚠️  NO S-Bahn arrivals found within 30 minutes of departure
    🔍 Looking for train S 3349 at Berlin Warschauer Straße
       Departing at: 2025-10-20 08:45
       Checking 530 arrivals (aggregated from all related platforms/sections)
       ✗ Time diff out of range: 1min
       ✗ No matching arrival found
       Sample of available trains:
         - S 9027 at 2510200359
         - S 9025 at 2510200339
         - S 9023 at 2510200326
    🔍 Looking for train S 3349 at Berlin Ostkreuz (S)
       Departing at: 2025-10-20 08:45
       Checking 0 arrivals (aggregated from all related platforms/sections)
       ✗ No matching arrival found
       ⚠️  NO S-Bahn arrivals found within 30 minutes of departure
    🔍 Looking for train S 3349 at Berlin-Karlshorst (S)
       Departing at: 2025-10-20 08:45
       Checking 0 arrivals (aggregated from all related platforms/sections)
       ✗ No matching arrival found
    🔍 Looking for train S 3070 at Berlin Friedrichstraße (S)
       Departing at: 2025-10-20 08:18
       Checking 884 arrivals (aggregated from all related platforms/sections)
       ✓ Found match! Arrives at: 2025-10-20 08:26 (travel: 8min)
    🔍 Looking for train S 3070 at Berlin Westkreuz
       Departing at: 2025-10-20 08:18
       Checking 0 arrivals (aggregated from all related platforms/sections)
       ✗ No matching arrival found
       ⚠️  NO S-Bahn arrivals found within 30 minutes of departure
    🔍 Looking for train S 3070 at Berlin Messe Süd (Eichkamp)
       Departing at: 2025-10-20 08:18
       Checking 0 arrivals (aggregated from all related platforms/sections)
       ✗ No matching arrival found
    🔍 Looking for train S 3070 at Berlin Olympiastadion
       Departing at: 2025-10-20 08:18
       Checking 0 arrivals (aggregated from all related platforms/sections)
       ✗ No matching arrival found
    🔍 Looking for train S 3070 at Berlin-Spandau (S)
       Departing at: 2025-10-20 08:18
       Checking 0 arrivals (aggregated from all related platforms/sections)
       ✗ No matching arrival found
    🔍 Looking for train S 3345 at Berlin Warschauer Straße
       Departing at: 2025-10-20 08:05
       Checking 530 arrivals (aggregated from all related platforms/sections)
       ✗ Time diff out of range: 1min
       ✗ No matching arrival found
       Sample of available trains:
         - S 9027 at 2510200359
         - S 9025 at 2510200339
         - S 9023 at 2510200326
    🔍 Looking for train S 3345 at Berlin Ostkreuz (S)
       Departing at: 2025-10-20 08:05
       Checking 0 arrivals (aggregated from all related platforms/sections)
       ✗ No matching arrival found
       ⚠️  NO S-Bahn arrivals found within 30 minutes of departure
    🔍 Looking for train S 3345 at Berlin-Karlshorst (S)
       Departing at: 2025-10-20 08:05
       Checking 0 arrivals (aggregated from all related platforms/sections)
       ✗ No matching arrival found
    🔍 Looking for train S 5539 at Berlin Warschauer Straße
       Departing at: 2025-10-20 08:42
       Checking 530 arrivals (aggregated from all related platforms/sections)
       ✗ Time diff out of range: 2min
       ✗ No matching arrival found
       Sample of available trains:
         - S 9027 at 2510200359
         - S 9025 at 2510200339
         - S 9023 at 2510200326
    🔍 Looking for train S 5539 at Berlin Ostkreuz (S)
       Departing at: 2025-10-20 08:42
       Checking 0 arrivals (aggregated from all related platforms/sections)
       ✗ No matching arrival found
       ⚠️  NO S-Bahn arrivals found within 30 minutes of departure
    🔍 Looking for train S 3071 at Berlin Warschauer Straße
       Departing at: 2025-10-20 08:27
       Checking 530 arrivals (aggregated from all related platforms/sections)
       ✗ Time diff out of range: 2min
       ✗ No matching arrival found
       Sample of available trains:
         - S 9027 at 2510200359
         - S 9025 at 2510200339
         - S 9023 at 2510200326
    🔍 Looking for train S 3071 at Berlin Ostkreuz (S)
       Departing at: 2025-10-20 08:27
       Checking 0 arrivals (aggregated from all related platforms/sections)
       ✗ No matching arrival found
       ⚠️  NO S-Bahn arrivals found within 30 minutes of departure
    🔍 Looking for train S 3071 at Berlin-Karlshorst (S)
       Departing at: 2025-10-20 08:27
       Checking 0 arrivals (aggregated from all related platforms/sections)
       ✗ No matching arrival found
    🔍 Looking for train S 3071 at Berlin-Köpenick
       Departing at: 2025-10-20 08:27
       Checking 139 arrivals (aggregated from all related platforms/sections)
       ✓ Found match! Arrives at: 2025-10-20 08:44 (travel: 17min)
    🔍 Looking for train S 3071 at Berlin-Friedrichshagen
       Departing at: 2025-10-20 08:27
       Checking 139 arrivals (aggregated from all related platforms/sections)
       ✓ Found match! Arrives at: 2025-10-20 08:49 (travel: 22min)
    🔍 Looking for train S 7065 at Berlin Warschauer Straße
       Departing at: 2025-10-20 08:29
       Checking 530 arrivals (aggregated from all related platforms/sections)
       ✗ Time diff out of range: 2min
       ✗ No matching arrival found
       Sample of available trains:
         - S 9027 at 2510200359
         - S 9025 at 2510200339
         - S 9023 at 2510200326
    🔍 Looking for train S 7065 at Berlin Ostkreuz (S)
       Departing at: 2025-10-20 08:29
       Checking 0 arrivals (aggregated from all related platforms/sections)
       ✗ No matching arrival found
       ⚠️  NO S-Bahn arrivals found within 30 minutes of departure
    🔍 Looking for train S 7065 at Berlin-Friedrichsfelde Ost
       Departing at: 2025-10-20 08:29
       Checking 0 arrivals (aggregated from all related platforms/sections)
       ✗ No matching arrival found
    🔍 Looking for train S 9357 at Berlin Warschauer Straße
       Departing at: 2025-10-20 08:57
       Checking 530 arrivals (aggregated from all related platforms/sections)
       ✗ Time diff out of range: 2min
       ✗ No matching arrival found
       Sample of available trains:
         - S 9027 at 2510200359
         - S 9025 at 2510200339
         - S 9023 at 2510200326
    🔍 Looking for train S 9357 at Berlin Treptower Park
       Departing at: 2025-10-20 08:57
       Checking 463 arrivals (aggregated from all related platforms/sections)
       ✓ Found match! Arrives at: 2025-10-20 09:02 (travel: 5min)
    🔍 Looking for train S 9357 at Berlin Baumschulenweg
       Departing at: 2025-10-20 08:57
       Checking 421 arrivals (aggregated from all related platforms/sections)
       ✓ Found match! Arrives at: 2025-10-20 09:07 (travel: 10min)
    🔍 Looking for train S 9357 at Berlin-Adlershof
       Departing at: 2025-10-20 08:57
       Checking 370 arrivals (aggregated from all related platforms/sections)
       ✓ Found match! Arrives at: 2025-10-20 09:18 (travel: 21min)
    🔍 Looking for train S 9357 at Schönefeld(bei Berlin)
       Departing at: 2025-10-20 08:57
       Checking 168 arrivals (aggregated from all related platforms/sections)
       ✓ Found match! Arrives at: 2025-10-20 09:28 (travel: 31min)
    🔍 Looking for train S 5050 at Berlin Friedrichstraße (S)
       Departing at: 2025-10-20 08:43
       Checking 884 arrivals (aggregated from all related platforms/sections)
       ✓ Found match! Arrives at: 2025-10-20 08:51 (travel: 8min)
    🔍 Looking for train S 5050 at Berlin Westkreuz
       Departing at: 2025-10-20 08:43
       Checking 0 arrivals (aggregated from all related platforms/sections)
       ✗ No matching arrival found
       ⚠️  NO S-Bahn arrivals found within 30 minutes of departure
    🔍 Looking for train S 5050 at Berlin Messe Süd (Eichkamp)
       Departing at: 2025-10-20 08:43
       Checking 0 arrivals (aggregated from all related platforms/sections)
       ✗ No matching arrival found
    🔍 Looking for train S 5050 at Berlin Olympiastadion
       Departing at: 2025-10-20 08:43
       Checking 0 arrivals (aggregated from all related platforms/sections)
       ✗ No matching arrival found
    🔍 Looking for train S 5537 at Berlin Warschauer Straße
       Departing at: 2025-10-20 08:22
       Checking 530 arrivals (aggregated from all related platforms/sections)
       ✗ Time diff out of range: 2min
       ✗ No matching arrival found
       Sample of available trains:
         - S 9027 at 2510200359
         - S 9025 at 2510200339
         - S 9023 at 2510200326
    🔍 Looking for train S 5537 at Berlin Ostkreuz (S)
       Departing at: 2025-10-20 08:22
       Checking 0 arrivals (aggregated from all related platforms/sections)
       ✗ No matching arrival found
       ⚠️  NO S-Bahn arrivals found within 30 minutes of departure
    🔍 Looking for train S 5055 at Berlin Warschauer Straße
       Departing at: 2025-10-20 08:52
       Checking 530 arrivals (aggregated from all related platforms/sections)
       ✗ Time diff out of range: 2min
       ✗ No matching arrival found
       Sample of available trains:
         - S 9027 at 2510200359
         - S 9025 at 2510200339
         - S 9023 at 2510200326
    🔍 Looking for train S 5055 at Berlin Ostkreuz (S)
       Departing at: 2025-10-20 08:52
       Checking 0 arrivals (aggregated from all related platforms/sections)
       ✗ No matching arrival found
       ⚠️  NO S-Bahn arrivals found within 30 minutes of departure
    🔍 Looking for train S 5055 at Berlin-Friedrichsfelde Ost
       Departing at: 2025-10-20 08:52
       Checking 0 arrivals (aggregated from all related platforms/sections)
       ✗ No matching arrival found
    🔍 Looking for train S 3072 at Berlin Friedrichstraße (S)
       Departing at: 2025-10-20 08:38
       Checking 884 arrivals (aggregated from all related platforms/sections)
       ✓ Found match! Arrives at: 2025-10-20 08:46 (travel: 8min)
    🔍 Looking for train S 3072 at Berlin Westkreuz
       Departing at: 2025-10-20 08:38
       Checking 0 arrivals (aggregated from all related platforms/sections)
       ✗ No matching arrival found
       ⚠️  NO S-Bahn arrivals found within 30 minutes of departure
    🔍 Looking for train S 3072 at Berlin Messe Süd (Eichkamp)
       Departing at: 2025-10-20 08:38
       Checking 0 arrivals (aggregated from all related platforms/sections)
       ✗ No matching arrival found
    🔍 Looking for train S 3072 at Berlin Olympiastadion
       Departing at: 2025-10-20 08:38
       Checking 0 arrivals (aggregated from all related platforms/sections)
       ✗ No matching arrival found
    🔍 Looking for train S 3072 at Berlin-Spandau (S)
       Departing at: 2025-10-20 08:38
       Checking 0 arrivals (aggregated from all related platforms/sections)
       ✗ No matching arrival found
    🔍 Looking for train S 7533 at Berlin Warschauer Straße
       Departing at: 2025-10-20 08:59
       Checking 530 arrivals (aggregated from all related platforms/sections)
       ✗ Time diff out of range: 2min
       ✗ No matching arrival found
       Sample of available trains:
         - S 9027 at 2510200359
         - S 9025 at 2510200339
         - S 9023 at 2510200326
    🔍 Looking for train S 7533 at Berlin Ostkreuz (S)
       Departing at: 2025-10-20 08:59
       Checking 0 arrivals (aggregated from all related platforms/sections)
       ✗ No matching arrival found
       ⚠️  NO S-Bahn arrivals found within 30 minutes of departure
    🔍 Looking for train S 9353 at Berlin Warschauer Straße
       Departing at: 2025-10-20 08:17
       Checking 530 arrivals (aggregated from all related platforms/sections)
       ✗ Time diff out of range: 2min
       ✗ No matching arrival found
       Sample of available trains:
         - S 9027 at 2510200359
         - S 9025 at 2510200339
         - S 9023 at 2510200326
    🔍 Looking for train S 9353 at Berlin Treptower Park
       Departing at: 2025-10-20 08:17
       Checking 463 arrivals (aggregated from all related platforms/sections)
       ✓ Found match! Arrives at: 2025-10-20 08:22 (travel: 5min)
    🔍 Looking for train S 9353 at Berlin Baumschulenweg
       Departing at: 2025-10-20 08:17
       Checking 421 arrivals (aggregated from all related platforms/sections)
       ✓ Found match! Arrives at: 2025-10-20 08:27 (travel: 10min)
    🔍 Looking for train S 9353 at Berlin-Adlershof
       Departing at: 2025-10-20 08:17
       Checking 370 arrivals (aggregated from all related platforms/sections)
       ✓ Found match! Arrives at: 2025-10-20 08:38 (travel: 21min)
    🔍 Looking for train S 9353 at Schönefeld(bei Berlin)
       Departing at: 2025-10-20 08:17
       Checking 168 arrivals (aggregated from all related platforms/sections)
       ✓ Found match! Arrives at: 2025-10-20 08:48 (travel: 31min)
    🔍 Looking for train S 3347 at Berlin Warschauer Straße
       Departing at: 2025-10-20 08:25
       Checking 530 arrivals (aggregated from all related platforms/sections)
       ✗ Time diff out of range: 1min
       ✗ No matching arrival found
       Sample of available trains:
         - S 9027 at 2510200359
         - S 9025 at 2510200339
         - S 9023 at 2510200326
    🔍 Looking for train S 3347 at Berlin Ostkreuz (S)
       Departing at: 2025-10-20 08:25
       Checking 0 arrivals (aggregated from all related platforms/sections)
       ✗ No matching arrival found
       ⚠️  NO S-Bahn arrivals found within 30 minutes of departure
    🔍 Looking for train S 3347 at Berlin-Karlshorst (S)
       Departing at: 2025-10-20 08:25
       Checking 0 arrivals (aggregated from all related platforms/sections)
       ✗ No matching arrival found
    🔍 Looking for train S 5046 at Berlin Friedrichstraße (S)
       Departing at: 2025-10-20 08:03
       Checking 884 arrivals (aggregated from all related platforms/sections)
       ✓ Found match! Arrives at: 2025-10-20 08:11 (travel: 8min)
    🔍 Looking for train S 5046 at Berlin Westkreuz
       Departing at: 2025-10-20 08:03
       Checking 0 arrivals (aggregated from all related platforms/sections)
       ✗ No matching arrival found
       ⚠️  NO S-Bahn arrivals found within 30 minutes of departure
    🔍 Looking for train S 5046 at Berlin Messe Süd (Eichkamp)
       Departing at: 2025-10-20 08:03
       Checking 0 arrivals (aggregated from all related platforms/sections)
       ✗ No matching arrival found
    🔍 Looking for train S 5046 at Berlin Olympiastadion
       Departing at: 2025-10-20 08:03
       Checking 0 arrivals (aggregated from all related platforms/sections)
       ✗ No matching arrival found
    🔍 Looking for train S 3739 at Berlin Warschauer Straße
       Departing at: 2025-10-20 08:17
       Checking 530 arrivals (aggregated from all related platforms/sections)
       ✗ Time diff out of range: 2min
       ✗ No matching arrival found
       Sample of available trains:
         - S 9027 at 2510200359
         - S 9025 at 2510200339
         - S 9023 at 2510200326
    🔍 Looking for train S 3739 at Berlin Ostkreuz (S)
       Departing at: 2025-10-20 08:17
       Checking 0 arrivals (aggregated from all related platforms/sections)
       ✗ No matching arrival found
       ⚠️  NO S-Bahn arrivals found within 30 minutes of departure
    🔍 Looking for train S 3739 at Berlin-Karlshorst (S)
       Departing at: 2025-10-20 08:17
       Checking 0 arrivals (aggregated from all related platforms/sections)
       ✗ No matching arrival found
    🔍 Looking for train S 3739 at Berlin-Köpenick
       Departing at: 2025-10-20 08:17
       Checking 139 arrivals (aggregated from all related platforms/sections)
       ✓ Found match! Arrives at: 2025-10-20 08:34 (travel: 17min)
    🔍 Looking for train S 3739 at Berlin-Friedrichshagen
       Departing at: 2025-10-20 08:17
       Checking 139 arrivals (aggregated from all related platforms/sections)
       ✓ Found match! Arrives at: 2025-10-20 08:39 (travel: 22min)
    🔍 Looking for train S 7532 at Berlin Friedrichstraße (S)
       Departing at: 2025-10-20 08:16
       Checking 884 arrivals (aggregated from all related platforms/sections)
       ✓ Found match! Arrives at: 2025-10-20 08:23 (travel: 7min)
    🔍 Looking for train S 7532 at Berlin Westkreuz
       Departing at: 2025-10-20 08:16
       Checking 0 arrivals (aggregated from all related platforms/sections)
       ✗ No matching arrival found
       ⚠️  NO S-Bahn arrivals found within 30 minutes of departure
    🔍 Looking for train S 7532 at Berlin-Nikolassee
       Departing at: 2025-10-20 08:16
       Checking 274 arrivals (aggregated from all related platforms/sections)
       ✓ Found match! Arrives at: 2025-10-20 08:50 (travel: 34min)
    🔍 Looking for train S 5051 at Berlin Warschauer Straße
       Departing at: 2025-10-20 08:12
       Checking 530 arrivals (aggregated from all related platforms/sections)
       ✗ Time diff out of range: 2min
       ✗ No matching arrival found
       Sample of available trains:
         - S 9027 at 2510200359
         - S 9025 at 2510200339
         - S 9023 at 2510200326
    🔍 Looking for train S 5051 at Berlin Ostkreuz (S)
       Departing at: 2025-10-20 08:12
       Checking 0 arrivals (aggregated from all related platforms/sections)
       ✗ No matching arrival found
       ⚠️  NO S-Bahn arrivals found within 30 minutes of departure
    🔍 Looking for train S 5051 at Berlin-Friedrichsfelde Ost
       Departing at: 2025-10-20 08:12
       Checking 0 arrivals (aggregated from all related platforms/sections)
       ✗ No matching arrival found
    🔍 Looking for train S 7536 at Berlin Friedrichstraße (S)
       Departing at: 2025-10-20 08:56
       Checking 884 arrivals (aggregated from all related platforms/sections)
       ✓ Found match! Arrives at: 2025-10-20 09:03 (travel: 7min)
    🔍 Looking for train S 7536 at Berlin Westkreuz
       Departing at: 2025-10-20 08:56
       Checking 0 arrivals (aggregated from all related platforms/sections)
       ✗ No matching arrival found
       ⚠️  NO S-Bahn arrivals found within 30 minutes of departure
    🔍 Looking for train S 7536 at Berlin-Nikolassee
       Departing at: 2025-10-20 08:56
       Checking 274 arrivals (aggregated from all related platforms/sections)
       ✓ Found match! Arrives at: 2025-10-20 09:30 (travel: 34min)
    🔍 Looking for train S 7531 at Berlin Warschauer Straße
       Departing at: 2025-10-20 08:39
       Checking 530 arrivals (aggregated from all related platforms/sections)
       ✗ Time diff out of range: 2min
       ✗ No matching arrival found
       Sample of available trains:
         - S 9027 at 2510200359
         - S 9025 at 2510200339
         - S 9023 at 2510200326
    🔍 Looking for train S 7531 at Berlin Ostkreuz (S)
       Departing at: 2025-10-20 08:39
       Checking 0 arrivals (aggregated from all related platforms/sections)
       ✗ No matching arrival found
       ⚠️  NO S-Bahn arrivals found within 30 minutes of departure
    🔍 Looking for train S 3741 at Berlin Warschauer Straße
       Departing at: 2025-10-20 08:37
       Checking 530 arrivals (aggregated from all related platforms/sections)
       ✗ Time diff out of range: 2min
       ✗ No matching arrival found
       Sample of available trains:
         - S 9027 at 2510200359
         - S 9025 at 2510200339
         - S 9023 at 2510200326
    🔍 Looking for train S 3741 at Berlin Ostkreuz (S)
       Departing at: 2025-10-20 08:37
       Checking 0 arrivals (aggregated from all related platforms/sections)
       ✗ No matching arrival found
       ⚠️  NO S-Bahn arrivals found within 30 minutes of departure
    🔍 Looking for train S 3741 at Berlin-Karlshorst (S)
       Departing at: 2025-10-20 08:37
       Checking 0 arrivals (aggregated from all related platforms/sections)
       ✗ No matching arrival found
    🔍 Looking for train S 3741 at Berlin-Köpenick
       Departing at: 2025-10-20 08:37
       Checking 139 arrivals (aggregated from all related platforms/sections)
       ✓ Found match! Arrives at: 2025-10-20 08:54 (travel: 17min)
    🔍 Looking for train S 3741 at Berlin-Friedrichshagen
       Departing at: 2025-10-20 08:37
       Checking 139 arrivals (aggregated from all related platforms/sections)
       ✓ Found match! Arrives at: 2025-10-20 08:59 (travel: 22min)
    🔍 Looking for train S 3736 at Berlin Friedrichstraße (S)
       Departing at: 2025-10-20 08:31
       Checking 884 arrivals (aggregated from all related platforms/sections)
       ✓ Found match! Arrives at: 2025-10-20 08:38 (travel: 7min)
    🔍 Looking for train S 3069 at Berlin Warschauer Straße
       Departing at: 2025-10-20 08:07
       Checking 530 arrivals (aggregated from all related platforms/sections)
       ✗ Time diff out of range: 2min
       ✗ No matching arrival found
       Sample of available trains:
         - S 9027 at 2510200359
         - S 9025 at 2510200339
         - S 9023 at 2510200326
    🔍 Looking for train S 3069 at Berlin Ostkreuz (S)
       Departing at: 2025-10-20 08:07
       Checking 0 arrivals (aggregated from all related platforms/sections)
       ✗ No matching arrival found
       ⚠️  NO S-Bahn arrivals found within 30 minutes of departure
    🔍 Looking for train S 3069 at Berlin-Karlshorst (S)
       Departing at: 2025-10-20 08:07
       Checking 0 arrivals (aggregated from all related platforms/sections)
       ✗ No matching arrival found
    🔍 Looking for train S 3069 at Berlin-Köpenick
       Departing at: 2025-10-20 08:07
       Checking 139 arrivals (aggregated from all related platforms/sections)
       ✓ Found match! Arrives at: 2025-10-20 08:24 (travel: 17min)
    🔍 Looking for train S 3069 at Berlin-Friedrichshagen
       Departing at: 2025-10-20 08:07
       Checking 139 arrivals (aggregated from all related platforms/sections)
       ✓ Found match! Arrives at: 2025-10-20 08:29 (travel: 22min)
    🔍 Looking for train S 7063 at Berlin Warschauer Straße
       Departing at: 2025-10-20 08:09
       Checking 530 arrivals (aggregated from all related platforms/sections)
       ✗ Time diff out of range: 2min
       ✗ No matching arrival found
       Sample of available trains:
         - S 9027 at 2510200359
         - S 9025 at 2510200339
         - S 9023 at 2510200326
    🔍 Looking for train S 7063 at Berlin Ostkreuz (S)
       Departing at: 2025-10-20 08:09
       Checking 0 arrivals (aggregated from all related platforms/sections)
       ✗ No matching arrival found
       ⚠️  NO S-Bahn arrivals found within 30 minutes of departure
    🔍 Looking for train S 7063 at Berlin-Friedrichsfelde Ost
       Departing at: 2025-10-20 08:09
       Checking 0 arrivals (aggregated from all related platforms/sections)
       ✗ No matching arrival found
    🔍 Looking for train S 3743 at Berlin Warschauer Straße
       Departing at: 2025-10-20 08:57
       Checking 530 arrivals (aggregated from all related platforms/sections)
       ✗ Time diff out of range: 2min
       ✗ No matching arrival found
       Sample of available trains:
         - S 9027 at 2510200359
         - S 9025 at 2510200339
         - S 9023 at 2510200326
    🔍 Looking for train S 3743 at Berlin Ostkreuz (S)
       Departing at: 2025-10-20 08:57
       Checking 0 arrivals (aggregated from all related platforms/sections)
       ✗ No matching arrival found
       ⚠️  NO S-Bahn arrivals found within 30 minutes of departure
    🔍 Looking for train S 3743 at Berlin-Karlshorst (S)
       Departing at: 2025-10-20 08:57
       Checking 0 arrivals (aggregated from all related platforms/sections)
       ✗ No matching arrival found
    🔍 Looking for train S 3743 at Berlin-Köpenick
       Departing at: 2025-10-20 08:57
       Checking 139 arrivals (aggregated from all related platforms/sections)
       ✓ Found match! Arrives at: 2025-10-20 09:14 (travel: 17min)
    🔍 Looking for train S 3743 at Berlin-Friedrichshagen
       Departing at: 2025-10-20 08:57
       Checking 139 arrivals (aggregated from all related platforms/sections)
       ✓ Found match! Arrives at: 2025-10-20 09:19 (travel: 22min)
    🔍 Looking for train S 5053 at Berlin Warschauer Straße
       Departing at: 2025-10-20 08:32
       Checking 530 arrivals (aggregated from all related platforms/sections)
       ✗ Time diff out of range: 2min
       ✗ No matching arrival found
       Sample of available trains:
         - S 9027 at 2510200359
         - S 9025 at 2510200339
         - S 9023 at 2510200326
    🔍 Looking for train S 5053 at Berlin Ostkreuz (S)
       Departing at: 2025-10-20 08:32
       Checking 0 arrivals (aggregated from all related platforms/sections)
       ✗ No matching arrival found
       ⚠️  NO S-Bahn arrivals found within 30 minutes of departure
    🔍 Looking for train S 5053 at Berlin-Friedrichsfelde Ost
       Departing at: 2025-10-20 08:32
       Checking 0 arrivals (aggregated from all related platforms/sections)
       ✗ No matching arrival found
    🔍 Looking for train S 9056 at Berlin Friedrichstraße (S)
       Departing at: 2025-10-20 08:48
       Checking 884 arrivals (aggregated from all related platforms/sections)
       ✓ Found match! Arrives at: 2025-10-20 08:56 (travel: 8min)
    🔍 Looking for train S 9056 at Berlin Westkreuz
       Departing at: 2025-10-20 08:48
       Checking 0 arrivals (aggregated from all related platforms/sections)
       ✗ No matching arrival found
       ⚠️  NO S-Bahn arrivals found within 30 minutes of departure
    🔍 Looking for train S 9056 at Berlin Messe Süd (Eichkamp)
       Departing at: 2025-10-20 08:48
       Checking 0 arrivals (aggregated from all related platforms/sections)
       ✗ No matching arrival found
    🔍 Looking for train S 9056 at Berlin Olympiastadion
       Departing at: 2025-10-20 08:48
       Checking 0 arrivals (aggregated from all related platforms/sections)
       ✗ No matching arrival found
    🔍 Looking for train S 9056 at Berlin-Spandau (S)
       Departing at: 2025-10-20 08:48
       Checking 0 arrivals (aggregated from all related platforms/sections)
       ✗ No matching arrival found
    🔍 Looking for train S 5535 at Berlin Warschauer Straße
       Departing at: 2025-10-20 08:02
       Checking 530 arrivals (aggregated from all related platforms/sections)
       ✗ Time diff out of range: 2min
       ✗ No matching arrival found
       Sample of available trains:
         - S 9027 at 2510200359
         - S 9025 at 2510200339
         - S 9023 at 2510200326
    🔍 Looking for train S 5535 at Berlin Ostkreuz (S)
       Departing at: 2025-10-20 08:02
       Checking 0 arrivals (aggregated from all related platforms/sections)
       ✗ No matching arrival found
       ⚠️  NO S-Bahn arrivals found within 30 minutes of departure
    🔍 Looking for train S 3734 at Berlin Friedrichstraße (S)
       Departing at: 2025-10-20 08:11
       Checking 884 arrivals (aggregated from all related platforms/sections)
       ✓ Found match! Arrives at: 2025-10-20 08:18 (travel: 7min)
    🔍 Looking for train S 5538 at Berlin Friedrichstraße (S)
       Departing at: 2025-10-20 08:33
       Checking 884 arrivals (aggregated from all related platforms/sections)
       ✓ Found match! Arrives at: 2025-10-20 08:41 (travel: 8min)
    🔍 Looking for train S 5538 at Berlin Westkreuz
       Departing at: 2025-10-20 08:33
       Checking 0 arrivals (aggregated from all related platforms/sections)
       ✗ No matching arrival found
       ⚠️  NO S-Bahn arrivals found within 30 minutes of departure
    🔍 Looking for train S 5538 at Berlin Messe Süd (Eichkamp)
       Departing at: 2025-10-20 08:33
       Checking 0 arrivals (aggregated from all related platforms/sections)
       ✗ No matching arrival found
    🔍 Looking for train S 5538 at Berlin Olympiastadion
       Departing at: 2025-10-20 08:33
       Checking 0 arrivals (aggregated from all related platforms/sections)
       ✗ No matching arrival found
    🔍 Looking for train S 5540 at Berlin Friedrichstraße (S)
       Departing at: 2025-10-20 08:53
       Checking 884 arrivals (aggregated from all related platforms/sections)
       ✓ Found match! Arrives at: 2025-10-20 09:01 (travel: 8min)
    🔍 Looking for train S 5540 at Berlin Westkreuz
       Departing at: 2025-10-20 08:53
       Checking 0 arrivals (aggregated from all related platforms/sections)
       ✗ No matching arrival found
       ⚠️  NO S-Bahn arrivals found within 30 minutes of departure
    🔍 Looking for train S 5540 at Berlin Messe Süd (Eichkamp)
       Departing at: 2025-10-20 08:53
       Checking 0 arrivals (aggregated from all related platforms/sections)
       ✗ No matching arrival found
    🔍 Looking for train S 5540 at Berlin Olympiastadion
       Departing at: 2025-10-20 08:53
       Checking 0 arrivals (aggregated from all related platforms/sections)
       ✗ No matching arrival found
    🔍 Looking for train S 9354 at Berlin Friedrichstraße (S)
       Departing at: 2025-10-20 08:28
       Checking 884 arrivals (aggregated from all related platforms/sections)
       ✓ Found match! Arrives at: 2025-10-20 08:36 (travel: 8min)
    🔍 Looking for train S 9354 at Berlin Westkreuz
       Departing at: 2025-10-20 08:28
       Checking 0 arrivals (aggregated from all related platforms/sections)
       ✗ No matching arrival found
       ⚠️  NO S-Bahn arrivals found within 30 minutes of departure
    🔍 Looking for train S 9354 at Berlin Messe Süd (Eichkamp)
       Departing at: 2025-10-20 08:28
       Checking 0 arrivals (aggregated from all related platforms/sections)
       ✗ No matching arrival found
    🔍 Looking for train S 9354 at Berlin Olympiastadion
       Departing at: 2025-10-20 08:28
       Checking 0 arrivals (aggregated from all related platforms/sections)
       ✗ No matching arrival found
    🔍 Looking for train S 9354 at Berlin-Spandau (S)
       Departing at: 2025-10-20 08:28
       Checking 0 arrivals (aggregated from all related platforms/sections)
       ✗ No matching arrival found
    🔍 Looking for train S 3747 at Berlin Warschauer Straße
       Departing at: 2025-10-20 09:37
       Checking 530 arrivals (aggregated from all related platforms/sections)
       ✗ Time diff out of range: 2min
       ✗ No matching arrival found
       Sample of available trains:
         - S 9027 at 2510200359
         - S 9025 at 2510200339
         - S 9023 at 2510200326
    🔍 Looking for train S 3747 at Berlin Ostkreuz (S)
       Departing at: 2025-10-20 09:37
       Checking 0 arrivals (aggregated from all related platforms/sections)
       ✗ No matching arrival found
       ⚠️  NO S-Bahn arrivals found within 30 minutes of departure
    🔍 Looking for train S 3747 at Berlin-Karlshorst (S)
       Departing at: 2025-10-20 09:37
       Checking 0 arrivals (aggregated from all related platforms/sections)
       ✗ No matching arrival found
    🔍 Looking for train S 3747 at Berlin-Köpenick
       Departing at: 2025-10-20 09:37
       Checking 139 arrivals (aggregated from all related platforms/sections)
       ✓ Found match! Arrives at: 2025-10-20 09:54 (travel: 17min)
    🔍 Looking for train S 3747 at Berlin-Friedrichshagen
       Departing at: 2025-10-20 09:37
       Checking 139 arrivals (aggregated from all related platforms/sections)
       ✓ Found match! Arrives at: 2025-10-20 09:59 (travel: 22min)
    🔍 Looking for train S 9359 at Berlin Warschauer Straße
       Departing at: 2025-10-20 09:17
       Checking 530 arrivals (aggregated from all related platforms/sections)
       ✗ Time diff out of range: 2min
       ✗ No matching arrival found
       Sample of available trains:
         - S 9027 at 2510200359
         - S 9025 at 2510200339
         - S 9023 at 2510200326
    🔍 Looking for train S 9359 at Berlin Treptower Park
       Departing at: 2025-10-20 09:17
       Checking 463 arrivals (aggregated from all related platforms/sections)
       ✓ Found match! Arrives at: 2025-10-20 09:22 (travel: 5min)
    🔍 Looking for train S 9359 at Berlin Baumschulenweg
       Departing at: 2025-10-20 09:17
       Checking 421 arrivals (aggregated from all related platforms/sections)
       ✓ Found match! Arrives at: 2025-10-20 09:27 (travel: 10min)
    🔍 Looking for train S 9359 at Berlin-Adlershof
       Departing at: 2025-10-20 09:17
       Checking 370 arrivals (aggregated from all related platforms/sections)
       ✓ Found match! Arrives at: 2025-10-20 09:38 (travel: 21min)
    🔍 Looking for train S 9359 at Schönefeld(bei Berlin)
       Departing at: 2025-10-20 09:17
       Checking 168 arrivals (aggregated from all related platforms/sections)
       ✓ Found match! Arrives at: 2025-10-20 09:48 (travel: 31min)
    🔍 Looking for train S 7069 at Berlin Warschauer Straße
       Departing at: 2025-10-20 09:09
       Checking 530 arrivals (aggregated from all related platforms/sections)
       ✗ Time diff out of range: 2min
       ✗ No matching arrival found
       Sample of available trains:
         - S 9027 at 2510200359
         - S 9025 at 2510200339
         - S 9023 at 2510200326
    🔍 Looking for train S 7069 at Berlin Ostkreuz (S)
       Departing at: 2025-10-20 09:09
       Checking 0 arrivals (aggregated from all related platforms/sections)
       ✗ No matching arrival found
       ⚠️  NO S-Bahn arrivals found within 30 minutes of departure
    🔍 Looking for train S 7069 at Berlin-Friedrichsfelde Ost
       Departing at: 2025-10-20 09:09
       Checking 0 arrivals (aggregated from all related platforms/sections)
       ✗ No matching arrival found
    🔍 Looking for train S 9362 at Berlin Friedrichstraße (S)
       Departing at: 2025-10-20 09:48
       Checking 884 arrivals (aggregated from all related platforms/sections)
       ✓ Found match! Arrives at: 2025-10-20 09:56 (travel: 8min)
    🔍 Looking for train S 9362 at Berlin Westkreuz
       Departing at: 2025-10-20 09:48
       Checking 0 arrivals (aggregated from all related platforms/sections)
       ✗ No matching arrival found
       ⚠️  NO S-Bahn arrivals found within 30 minutes of departure
    🔍 Looking for train S 9362 at Berlin Messe Süd (Eichkamp)
       Departing at: 2025-10-20 09:48
       Checking 0 arrivals (aggregated from all related platforms/sections)
       ✗ No matching arrival found
    🔍 Looking for train S 9362 at Berlin Olympiastadion
       Departing at: 2025-10-20 09:48
       Checking 0 arrivals (aggregated from all related platforms/sections)
       ✗ No matching arrival found
    🔍 Looking for train S 9362 at Berlin-Spandau (S)
       Departing at: 2025-10-20 09:48
       Checking 0 arrivals (aggregated from all related platforms/sections)
       ✗ No matching arrival found
    🔍 Looking for train S 5054 at Berlin Friedrichstraße (S)
       Departing at: 2025-10-20 09:23
       Checking 884 arrivals (aggregated from all related platforms/sections)
       ✓ Found match! Arrives at: 2025-10-20 09:31 (travel: 8min)
    🔍 Looking for train S 5054 at Berlin Westkreuz
       Departing at: 2025-10-20 09:23
       Checking 0 arrivals (aggregated from all related platforms/sections)
       ✗ No matching arrival found
       ⚠️  NO S-Bahn arrivals found within 30 minutes of departure
    🔍 Looking for train S 5054 at Berlin Messe Süd (Eichkamp)
       Departing at: 2025-10-20 09:23
       Checking 0 arrivals (aggregated from all related platforms/sections)
       ✗ No matching arrival found
    🔍 Looking for train S 5054 at Berlin Olympiastadion
       Departing at: 2025-10-20 09:23
       Checking 0 arrivals (aggregated from all related platforms/sections)
       ✗ No matching arrival found
    🔍 Looking for train S 5542 at Berlin Friedrichstraße (S)
       Departing at: 2025-10-20 09:13
       Checking 884 arrivals (aggregated from all related platforms/sections)
       ✓ Found match! Arrives at: 2025-10-20 09:21 (travel: 8min)
    🔍 Looking for train S 5542 at Berlin Westkreuz
       Departing at: 2025-10-20 09:13
       Checking 0 arrivals (aggregated from all related platforms/sections)
       ✗ No matching arrival found
       ⚠️  NO S-Bahn arrivals found within 30 minutes of departure
    🔍 Looking for train S 5542 at Berlin Messe Süd (Eichkamp)
       Departing at: 2025-10-20 09:13
       Checking 0 arrivals (aggregated from all related platforms/sections)
       ✗ No matching arrival found
    🔍 Looking for train S 5542 at Berlin Olympiastadion
       Departing at: 2025-10-20 09:13
       Checking 0 arrivals (aggregated from all related platforms/sections)
       ✗ No matching arrival found
    🔍 Looking for train S 5543 at Berlin Warschauer Straße
       Departing at: 2025-10-20 09:22
       Checking 530 arrivals (aggregated from all related platforms/sections)
       ✗ Time diff out of range: 2min
       ✗ No matching arrival found
       Sample of available trains:
         - S 9027 at 2510200359
         - S 9025 at 2510200339
         - S 9023 at 2510200326
    🔍 Looking for train S 5543 at Berlin Ostkreuz (S)
       Departing at: 2025-10-20 09:22
       Checking 0 arrivals (aggregated from all related platforms/sections)
       ✗ No matching arrival found
       ⚠️  NO S-Bahn arrivals found within 30 minutes of departure
    🔍 Looking for train S 5059 at Berlin Warschauer Straße
       Departing at: 2025-10-20 09:32
       Checking 530 arrivals (aggregated from all related platforms/sections)
       ✗ Time diff out of range: 2min
       ✗ No matching arrival found
       Sample of available trains:
         - S 9027 at 2510200359
         - S 9025 at 2510200339
         - S 9023 at 2510200326
    🔍 Looking for train S 5059 at Berlin Ostkreuz (S)
       Departing at: 2025-10-20 09:32
       Checking 0 arrivals (aggregated from all related platforms/sections)
       ✗ No matching arrival found
       ⚠️  NO S-Bahn arrivals found within 30 minutes of departure
    🔍 Looking for train S 5059 at Berlin-Friedrichsfelde Ost
       Departing at: 2025-10-20 09:32
       Checking 0 arrivals (aggregated from all related platforms/sections)
       ✗ No matching arrival found
    🔍 Looking for train S 5544 at Berlin Friedrichstraße (S)
       Departing at: 2025-10-20 09:33
       Checking 884 arrivals (aggregated from all related platforms/sections)
       ✓ Found match! Arrives at: 2025-10-20 09:41 (travel: 8min)
    🔍 Looking for train S 5544 at Berlin Westkreuz
       Departing at: 2025-10-20 09:33
       Checking 0 arrivals (aggregated from all related platforms/sections)
       ✗ No matching arrival found
       ⚠️  NO S-Bahn arrivals found within 30 minutes of departure
    🔍 Looking for train S 5544 at Berlin Messe Süd (Eichkamp)
       Departing at: 2025-10-20 09:33
       Checking 0 arrivals (aggregated from all related platforms/sections)
       ✗ No matching arrival found
    🔍 Looking for train S 5544 at Berlin Olympiastadion
       Departing at: 2025-10-20 09:33
       Checking 0 arrivals (aggregated from all related platforms/sections)
       ✗ No matching arrival found
    🔍 Looking for train S 5545 at Berlin Warschauer Straße
       Departing at: 2025-10-20 09:42
       Checking 530 arrivals (aggregated from all related platforms/sections)
       ✗ Time diff out of range: 2min
       ✗ No matching arrival found
       Sample of available trains:
         - S 9027 at 2510200359
         - S 9025 at 2510200339
         - S 9023 at 2510200326
    🔍 Looking for train S 5545 at Berlin Ostkreuz (S)
       Departing at: 2025-10-20 09:42
       Checking 0 arrivals (aggregated from all related platforms/sections)
       ✗ No matching arrival found
       ⚠️  NO S-Bahn arrivals found within 30 minutes of departure
    🔍 Looking for train S 3077 at Berlin Warschauer Straße
       Departing at: 2025-10-20 09:27
       Checking 530 arrivals (aggregated from all related platforms/sections)
       ✗ Time diff out of range: 2min
       ✗ No matching arrival found
       Sample of available trains:
         - S 9027 at 2510200359
         - S 9025 at 2510200339
         - S 9023 at 2510200326
    🔍 Looking for train S 3077 at Berlin Ostkreuz (S)
       Departing at: 2025-10-20 09:27
       Checking 0 arrivals (aggregated from all related platforms/sections)
       ✗ No matching arrival found
       ⚠️  NO S-Bahn arrivals found within 30 minutes of departure
    🔍 Looking for train S 3077 at Berlin-Karlshorst (S)
       Departing at: 2025-10-20 09:27
       Checking 0 arrivals (aggregated from all related platforms/sections)
       ✗ No matching arrival found
    🔍 Looking for train S 3077 at Berlin-Köpenick
       Departing at: 2025-10-20 09:27
       Checking 139 arrivals (aggregated from all related platforms/sections)
       ✓ Found match! Arrives at: 2025-10-20 09:44 (travel: 17min)
    🔍 Looking for train S 3077 at Berlin-Friedrichshagen
       Departing at: 2025-10-20 09:27
       Checking 139 arrivals (aggregated from all related platforms/sections)
       ✓ Found match! Arrives at: 2025-10-20 09:49 (travel: 22min)
    🔍 Looking for train S 5541 at Berlin Warschauer Straße
       Departing at: 2025-10-20 09:02
       Checking 530 arrivals (aggregated from all related platforms/sections)
       ✗ Time diff out of range: 2min
       ✗ No matching arrival found
       Sample of available trains:
         - S 9027 at 2510200359
         - S 9025 at 2510200339
         - S 9023 at 2510200326
    🔍 Looking for train S 5541 at Berlin Ostkreuz (S)
       Departing at: 2025-10-20 09:02
       Checking 0 arrivals (aggregated from all related platforms/sections)
       ✗ No matching arrival found
       ⚠️  NO S-Bahn arrivals found within 30 minutes of departure
    🔍 Looking for train S 3749 at Berlin Warschauer Straße
       Departing at: 2025-10-20 09:57
       Checking 530 arrivals (aggregated from all related platforms/sections)
       ✗ Time diff out of range: 2min
       ✗ No matching arrival found
       Sample of available trains:
         - S 9027 at 2510200359
         - S 9025 at 2510200339
         - S 9023 at 2510200326
    🔍 Looking for train S 3749 at Berlin Ostkreuz (S)
       Departing at: 2025-10-20 09:57
       Checking 0 arrivals (aggregated from all related platforms/sections)
       ✗ No matching arrival found
       ⚠️  NO S-Bahn arrivals found within 30 minutes of departure
    🔍 Looking for train S 3749 at Berlin-Karlshorst (S)
       Departing at: 2025-10-20 09:57
       Checking 0 arrivals (aggregated from all related platforms/sections)
       ✗ No matching arrival found
    🔍 Looking for train S 3749 at Berlin-Köpenick
       Departing at: 2025-10-20 09:57
       Checking 139 arrivals (aggregated from all related platforms/sections)
       ✓ Found match! Arrives at: 2025-10-20 10:14 (travel: 17min)
    🔍 Looking for train S 3749 at Berlin-Friedrichshagen
       Departing at: 2025-10-20 09:57
       Checking 139 arrivals (aggregated from all related platforms/sections)
       ✓ Found match! Arrives at: 2025-10-20 10:19 (travel: 22min)
    🔍 Looking for train S 3744 at Berlin Friedrichstraße (S)
       Departing at: 2025-10-20 09:51
       Checking 884 arrivals (aggregated from all related platforms/sections)
       ✓ Found match! Arrives at: 2025-10-20 09:58 (travel: 7min)
    🔍 Looking for train S 5061 at Berlin Warschauer Straße
       Departing at: 2025-10-20 09:52
       Checking 530 arrivals (aggregated from all related platforms/sections)
       ✗ Time diff out of range: 2min
       ✗ No matching arrival found
       Sample of available trains:
         - S 9027 at 2510200359
         - S 9025 at 2510200339
         - S 9023 at 2510200326
    🔍 Looking for train S 5061 at Berlin Ostkreuz (S)
       Departing at: 2025-10-20 09:52
       Checking 0 arrivals (aggregated from all related platforms/sections)
       ✗ No matching arrival found
       ⚠️  NO S-Bahn arrivals found within 30 minutes of departure
    🔍 Looking for train S 5061 at Berlin-Friedrichsfelde Ost
       Departing at: 2025-10-20 09:52
       Checking 0 arrivals (aggregated from all related platforms/sections)
       ✗ No matching arrival found
    🔍 Looking for train S 3078 at Berlin Friedrichstraße (S)
       Departing at: 2025-10-20 09:38
       Checking 884 arrivals (aggregated from all related platforms/sections)
       ✓ Found match! Arrives at: 2025-10-20 09:46 (travel: 8min)
    🔍 Looking for train S 3078 at Berlin Westkreuz
       Departing at: 2025-10-20 09:38
       Checking 0 arrivals (aggregated from all related platforms/sections)
       ✗ No matching arrival found
       ⚠️  NO S-Bahn arrivals found within 30 minutes of departure
    🔍 Looking for train S 3078 at Berlin Messe Süd (Eichkamp)
       Departing at: 2025-10-20 09:38
       Checking 0 arrivals (aggregated from all related platforms/sections)
       ✗ No matching arrival found
    🔍 Looking for train S 3078 at Berlin Olympiastadion
       Departing at: 2025-10-20 09:38
       Checking 0 arrivals (aggregated from all related platforms/sections)
       ✗ No matching arrival found
    🔍 Looking for train S 3078 at Berlin-Spandau (S)
       Departing at: 2025-10-20 09:38
       Checking 0 arrivals (aggregated from all related platforms/sections)
       ✗ No matching arrival found
    🔍 Looking for train S 7540 at Berlin Friedrichstraße (S)
       Departing at: 2025-10-20 09:36
       Checking 884 arrivals (aggregated from all related platforms/sections)
       ✓ Found match! Arrives at: 2025-10-20 09:43 (travel: 7min)
    🔍 Looking for train S 7540 at Berlin Westkreuz
       Departing at: 2025-10-20 09:36
       Checking 0 arrivals (aggregated from all related platforms/sections)
       ✗ No matching arrival found
       ⚠️  NO S-Bahn arrivals found within 30 minutes of departure
    🔍 Looking for train S 7540 at Berlin-Nikolassee
       Departing at: 2025-10-20 09:36
       Checking 274 arrivals (aggregated from all related platforms/sections)
       ✓ Found match! Arrives at: 2025-10-20 10:10 (travel: 34min)
    🔍 Looking for train S 3742 at Berlin Friedrichstraße (S)
       Departing at: 2025-10-20 09:31
       Checking 884 arrivals (aggregated from all related platforms/sections)
       ✓ Found match! Arrives at: 2025-10-20 09:38 (travel: 7min)
    🔍 Looking for train S 3742 at Berlin Westkreuz
       Departing at: 2025-10-20 09:31
       Checking 0 arrivals (aggregated from all related platforms/sections)
       ✗ No matching arrival found
       ⚠️  NO S-Bahn arrivals found within 30 minutes of departure
    🔍 Looking for train S 9363 at Berlin Warschauer Straße
       Departing at: 2025-10-20 09:57
       Checking 530 arrivals (aggregated from all related platforms/sections)
       ✗ Time diff out of range: 2min
       ✗ No matching arrival found
       Sample of available trains:
         - S 9027 at 2510200359
         - S 9025 at 2510200339
         - S 9023 at 2510200326
    🔍 Looking for train S 9363 at Berlin Treptower Park
       Departing at: 2025-10-20 09:57
       Checking 463 arrivals (aggregated from all related platforms/sections)
       ✓ Found match! Arrives at: 2025-10-20 10:02 (travel: 5min)
    🔍 Looking for train S 9363 at Berlin Baumschulenweg
       Departing at: 2025-10-20 09:57
       Checking 421 arrivals (aggregated from all related platforms/sections)
       ✓ Found match! Arrives at: 2025-10-20 10:07 (travel: 10min)
    🔍 Looking for train S 9363 at Berlin-Adlershof
       Departing at: 2025-10-20 09:57
       Checking 370 arrivals (aggregated from all related platforms/sections)
       ✓ Found match! Arrives at: 2025-10-20 10:18 (travel: 21min)
    🔍 Looking for train S 9363 at Schönefeld(bei Berlin)
       Departing at: 2025-10-20 09:57
       Checking 168 arrivals (aggregated from all related platforms/sections)
       ✓ Found match! Arrives at: 2025-10-20 10:28 (travel: 31min)
    🔍 Looking for train S 3075 at Berlin Warschauer Straße
       Departing at: 2025-10-20 09:07
       Checking 530 arrivals (aggregated from all related platforms/sections)
       ✗ Time diff out of range: 2min
       ✗ No matching arrival found
       Sample of available trains:
         - S 9027 at 2510200359
         - S 9025 at 2510200339
         - S 9023 at 2510200326
    🔍 Looking for train S 3075 at Berlin Ostkreuz (S)
       Departing at: 2025-10-20 09:07
       Checking 0 arrivals (aggregated from all related platforms/sections)
       ✗ No matching arrival found
       ⚠️  NO S-Bahn arrivals found within 30 minutes of departure
    🔍 Looking for train S 3075 at Berlin-Karlshorst (S)
       Departing at: 2025-10-20 09:07
       Checking 0 arrivals (aggregated from all related platforms/sections)
       ✗ No matching arrival found
    🔍 Looking for train S 3075 at Berlin-Köpenick
       Departing at: 2025-10-20 09:07
       Checking 139 arrivals (aggregated from all related platforms/sections)
       ✓ Found match! Arrives at: 2025-10-20 09:24 (travel: 17min)
    🔍 Looking for train S 3075 at Berlin-Friedrichshagen
       Departing at: 2025-10-20 09:07
       Checking 139 arrivals (aggregated from all related platforms/sections)
       ✓ Found match! Arrives at: 2025-10-20 09:29 (travel: 22min)
    🔍 Looking for train S 7072 at Berlin Friedrichstraße (S)
       Departing at: 2025-10-20 09:26
       Checking 884 arrivals (aggregated from all related platforms/sections)
       ✓ Found match! Arrives at: 2025-10-20 09:33 (travel: 7min)
    🔍 Looking for train S 7072 at Berlin Westkreuz
       Departing at: 2025-10-20 09:26
       Checking 0 arrivals (aggregated from all related platforms/sections)
       ✗ No matching arrival found
       ⚠️  NO S-Bahn arrivals found within 30 minutes of departure
    🔍 Looking for train S 7072 at Berlin-Nikolassee
       Departing at: 2025-10-20 09:26
       Checking 274 arrivals (aggregated from all related platforms/sections)
       ✓ Found match! Arrives at: 2025-10-20 10:00 (travel: 34min)
    🔍 Looking for train S 9361 at Berlin Warschauer Straße
       Departing at: 2025-10-20 09:37
       Checking 530 arrivals (aggregated from all related platforms/sections)
       ✗ Time diff out of range: 2min
       ✗ No matching arrival found
       Sample of available trains:
         - S 9027 at 2510200359
         - S 9025 at 2510200339
         - S 9023 at 2510200326
    🔍 Looking for train S 9361 at Berlin Treptower Park
       Departing at: 2025-10-20 09:37
       Checking 463 arrivals (aggregated from all related platforms/sections)
       ✓ Found match! Arrives at: 2025-10-20 09:42 (travel: 5min)
    🔍 Looking for train S 9361 at Berlin Baumschulenweg
       Departing at: 2025-10-20 09:37
       Checking 421 arrivals (aggregated from all related platforms/sections)
       ✓ Found match! Arrives at: 2025-10-20 09:47 (travel: 10min)
    🔍 Looking for train S 9361 at Berlin-Adlershof
       Departing at: 2025-10-20 09:37
       Checking 370 arrivals (aggregated from all related platforms/sections)
       ✓ Found match! Arrives at: 2025-10-20 09:58 (travel: 21min)
    🔍 Looking for train S 9361 at Schönefeld(bei Berlin)
       Departing at: 2025-10-20 09:37
       Checking 168 arrivals (aggregated from all related platforms/sections)
       ✓ Found match! Arrives at: 2025-10-20 10:08 (travel: 31min)
    🔍 Looking for train S 3079 at Berlin Warschauer Straße
       Departing at: 2025-10-20 09:47
       Checking 530 arrivals (aggregated from all related platforms/sections)
       ✗ Time diff out of range: 2min
       ✗ No matching arrival found
       Sample of available trains:
         - S 9027 at 2510200359
         - S 9025 at 2510200339
         - S 9023 at 2510200326
    🔍 Looking for train S 3079 at Berlin Ostkreuz (S)
       Departing at: 2025-10-20 09:47
       Checking 0 arrivals (aggregated from all related platforms/sections)
       ✗ No matching arrival found
       ⚠️  NO S-Bahn arrivals found within 30 minutes of departure
    🔍 Looking for train S 3079 at Berlin-Karlshorst (S)
       Departing at: 2025-10-20 09:47
       Checking 0 arrivals (aggregated from all related platforms/sections)
       ✗ No matching arrival found
    🔍 Looking for train S 3079 at Berlin-Köpenick
       Departing at: 2025-10-20 09:47
       Checking 139 arrivals (aggregated from all related platforms/sections)
       ✓ Found match! Arrives at: 2025-10-20 10:04 (travel: 17min)
    🔍 Looking for train S 3079 at Berlin-Friedrichshagen
       Departing at: 2025-10-20 09:47
       Checking 139 arrivals (aggregated from all related platforms/sections)
       ✓ Found match! Arrives at: 2025-10-20 10:09 (travel: 22min)
    🔍 Looking for train S 5057 at Berlin Warschauer Straße
       Departing at: 2025-10-20 09:12
       Checking 530 arrivals (aggregated from all related platforms/sections)
       ✗ Time diff out of range: 2min
       ✗ No matching arrival found
       Sample of available trains:
         - S 9027 at 2510200359
         - S 9025 at 2510200339
         - S 9023 at 2510200326
    🔍 Looking for train S 5057 at Berlin Ostkreuz (S)
       Departing at: 2025-10-20 09:12
       Checking 0 arrivals (aggregated from all related platforms/sections)
       ✗ No matching arrival found
       ⚠️  NO S-Bahn arrivals found within 30 minutes of departure
    🔍 Looking for train S 5057 at Berlin-Friedrichsfelde Ost
       Departing at: 2025-10-20 09:12
       Checking 0 arrivals (aggregated from all related platforms/sections)
       ✗ No matching arrival found
    🔍 Looking for train S 5056 at Berlin Friedrichstraße (S)
       Departing at: 2025-10-20 09:43
       Checking 884 arrivals (aggregated from all related platforms/sections)
       ✓ Found match! Arrives at: 2025-10-20 09:51 (travel: 8min)
    🔍 Looking for train S 5056 at Berlin Westkreuz
       Departing at: 2025-10-20 09:43
       Checking 0 arrivals (aggregated from all related platforms/sections)
       ✗ No matching arrival found
       ⚠️  NO S-Bahn arrivals found within 30 minutes of departure
    🔍 Looking for train S 9360 at Berlin Friedrichstraße (S)
       Departing at: 2025-10-20 09:28
       Checking 884 arrivals (aggregated from all related platforms/sections)
       ✓ Found match! Arrives at: 2025-10-20 09:36 (travel: 8min)
    🔍 Looking for train S 9360 at Berlin Westkreuz
       Departing at: 2025-10-20 09:28
       Checking 0 arrivals (aggregated from all related platforms/sections)
       ✗ No matching arrival found
       ⚠️  NO S-Bahn arrivals found within 30 minutes of departure
    🔍 Looking for train S 9360 at Berlin Messe Süd (Eichkamp)
       Departing at: 2025-10-20 09:28
       Checking 0 arrivals (aggregated from all related platforms/sections)
       ✗ No matching arrival found
    🔍 Looking for train S 9360 at Berlin Olympiastadion
       Departing at: 2025-10-20 09:28
       Checking 0 arrivals (aggregated from all related platforms/sections)
       ✗ No matching arrival found
    🔍 Looking for train S 9360 at Berlin-Spandau (S)
       Departing at: 2025-10-20 09:28
       Checking 0 arrivals (aggregated from all related platforms/sections)
       ✗ No matching arrival found
    🔍 Looking for train S 5052 at Berlin Friedrichstraße (S)
       Departing at: 2025-10-20 09:03
       Checking 884 arrivals (aggregated from all related platforms/sections)
       ✓ Found match! Arrives at: 2025-10-20 09:11 (travel: 8min)
    🔍 Looking for train S 5052 at Berlin Westkreuz
       Departing at: 2025-10-20 09:03
       Checking 0 arrivals (aggregated from all related platforms/sections)
       ✗ No matching arrival found
       ⚠️  NO S-Bahn arrivals found within 30 minutes of departure
    🔍 Looking for train S 5052 at Berlin Messe Süd (Eichkamp)
       Departing at: 2025-10-20 09:03
       Checking 0 arrivals (aggregated from all related platforms/sections)
       ✗ No matching arrival found
    🔍 Looking for train S 5052 at Berlin Olympiastadion
       Departing at: 2025-10-20 09:03
       Checking 0 arrivals (aggregated from all related platforms/sections)
       ✗ No matching arrival found
    🔍 Looking for train S 7535 at Berlin Warschauer Straße
       Departing at: 2025-10-20 09:19
       Checking 530 arrivals (aggregated from all related platforms/sections)
       ✗ Time diff out of range: 2min
       ✗ No matching arrival found
       Sample of available trains:
         - S 9027 at 2510200359
         - S 9025 at 2510200339
         - S 9023 at 2510200326
    🔍 Looking for train S 7535 at Berlin Ostkreuz (S)
       Departing at: 2025-10-20 09:19
       Checking 0 arrivals (aggregated from all related platforms/sections)
       ✗ No matching arrival found
       ⚠️  NO S-Bahn arrivals found within 30 minutes of departure
    🔍 Looking for train S 5546 at Berlin Friedrichstraße (S)
       Departing at: 2025-10-20 09:53
       Checking 884 arrivals (aggregated from all related platforms/sections)
       ✓ Found match! Arrives at: 2025-10-20 10:01 (travel: 8min)
    🔍 Looking for train S 5546 at Berlin Westkreuz
       Departing at: 2025-10-20 09:53
       Checking 0 arrivals (aggregated from all related platforms/sections)
       ✗ No matching arrival found
       ⚠️  NO S-Bahn arrivals found within 30 minutes of departure
    🔍 Looking for train S 7070 at Berlin Friedrichstraße (S)
       Departing at: 2025-10-20 09:06
       Checking 884 arrivals (aggregated from all related platforms/sections)
       ✓ Found match! Arrives at: 2025-10-20 09:13 (travel: 7min)
    🔍 Looking for train S 7070 at Berlin Westkreuz
       Departing at: 2025-10-20 09:06
       Checking 0 arrivals (aggregated from all related platforms/sections)
       ✗ No matching arrival found
       ⚠️  NO S-Bahn arrivals found within 30 minutes of departure
    🔍 Looking for train S 7070 at Berlin-Nikolassee
       Departing at: 2025-10-20 09:06
       Checking 274 arrivals (aggregated from all related platforms/sections)
       ✓ Found match! Arrives at: 2025-10-20 09:40 (travel: 34min)
    🔍 Looking for train S 7537 at Berlin Warschauer Straße
       Departing at: 2025-10-20 09:39
       Checking 530 arrivals (aggregated from all related platforms/sections)
       ✗ Time diff out of range: 2min
       ✗ No matching arrival found
       Sample of available trains:
         - S 9027 at 2510200359
         - S 9025 at 2510200339
         - S 9023 at 2510200326
    🔍 Looking for train S 7537 at Berlin Ostkreuz (S)
       Departing at: 2025-10-20 09:39
       Checking 0 arrivals (aggregated from all related platforms/sections)
       ✗ No matching arrival found
       ⚠️  NO S-Bahn arrivals found within 30 minutes of departure
    🔍 Looking for train S 9058 at Berlin Friedrichstraße (S)
       Departing at: 2025-10-20 09:08
       Checking 884 arrivals (aggregated from all related platforms/sections)
       ✓ Found match! Arrives at: 2025-10-20 09:16 (travel: 8min)
    🔍 Looking for train S 9058 at Berlin Westkreuz
       Departing at: 2025-10-20 09:08
       Checking 0 arrivals (aggregated from all related platforms/sections)
       ✗ No matching arrival found
       ⚠️  NO S-Bahn arrivals found within 30 minutes of departure
    🔍 Looking for train S 9058 at Berlin Messe Süd (Eichkamp)
       Departing at: 2025-10-20 09:08
       Checking 0 arrivals (aggregated from all related platforms/sections)
       ✗ No matching arrival found
    🔍 Looking for train S 9058 at Berlin Olympiastadion
       Departing at: 2025-10-20 09:08
       Checking 0 arrivals (aggregated from all related platforms/sections)
       ✗ No matching arrival found
    🔍 Looking for train S 9058 at Berlin-Spandau (S)
       Departing at: 2025-10-20 09:08
       Checking 0 arrivals (aggregated from all related platforms/sections)
       ✗ No matching arrival found
    🔍 Looking for train S 3080 at Berlin Friedrichstraße (S)
       Departing at: 2025-10-20 09:58
       Checking 884 arrivals (aggregated from all related platforms/sections)
       ✓ Found match! Arrives at: 2025-10-20 10:06 (travel: 8min)
    🔍 Looking for train S 3080 at Berlin Westkreuz
       Departing at: 2025-10-20 09:58
       Checking 0 arrivals (aggregated from all related platforms/sections)
       ✗ No matching arrival found
       ⚠️  NO S-Bahn arrivals found within 30 minutes of departure
    🔍 Looking for train S 3080 at Berlin Messe Süd (Eichkamp)
       Departing at: 2025-10-20 09:58
       Checking 0 arrivals (aggregated from all related platforms/sections)
       ✗ No matching arrival found
    🔍 Looking for train S 3080 at Berlin Olympiastadion
       Departing at: 2025-10-20 09:58
       Checking 0 arrivals (aggregated from all related platforms/sections)
       ✗ No matching arrival found
    🔍 Looking for train S 3080 at Berlin-Spandau (S)
       Departing at: 2025-10-20 09:58
       Checking 0 arrivals (aggregated from all related platforms/sections)
       ✗ No matching arrival found
    🔍 Looking for train S 7071 at Berlin Warschauer Straße
       Departing at: 2025-10-20 09:29
       Checking 530 arrivals (aggregated from all related platforms/sections)
       ✗ Time diff out of range: 2min
       ✗ No matching arrival found
       Sample of available trains:
         - S 9027 at 2510200359
         - S 9025 at 2510200339
         - S 9023 at 2510200326
    🔍 Looking for train S 7071 at Berlin Ostkreuz (S)
       Departing at: 2025-10-20 09:29
       Checking 0 arrivals (aggregated from all related platforms/sections)
       ✗ No matching arrival found
       ⚠️  NO S-Bahn arrivals found within 30 minutes of departure
    🔍 Looking for train S 7071 at Berlin-Friedrichsfelde Ost
       Departing at: 2025-10-20 09:29
       Checking 0 arrivals (aggregated from all related platforms/sections)
       ✗ No matching arrival found
    🔍 Looking for train S 7542 at Berlin Friedrichstraße (S)
       Departing at: 2025-10-20 09:56
       Checking 884 arrivals (aggregated from all related platforms/sections)
       ✓ Found match! Arrives at: 2025-10-20 10:03 (travel: 7min)
    🔍 Looking for train S 7542 at Berlin Westkreuz
       Departing at: 2025-10-20 09:56
       Checking 0 arrivals (aggregated from all related platforms/sections)
       ✗ No matching arrival found
       ⚠️  NO S-Bahn arrivals found within 30 minutes of departure
    🔍 Looking for train S 7542 at Berlin-Nikolassee
       Departing at: 2025-10-20 09:56
       Checking 274 arrivals (aggregated from all related platforms/sections)
       ✓ Found match! Arrives at: 2025-10-20 10:30 (travel: 34min)
    🔍 Looking for train S 7539 at Berlin Warschauer Straße
       Departing at: 2025-10-20 09:59
       Checking 530 arrivals (aggregated from all related platforms/sections)
       ✗ Time diff out of range: 2min
       ✗ No matching arrival found
       Sample of available trains:
         - S 9027 at 2510200359
         - S 9025 at 2510200339
         - S 9023 at 2510200326
    🔍 Looking for train S 7539 at Berlin Ostkreuz (S)
       Departing at: 2025-10-20 09:59
       Checking 0 arrivals (aggregated from all related platforms/sections)
       ✗ No matching arrival found
       ⚠️  NO S-Bahn arrivals found within 30 minutes of departure
    🔍 Looking for train S 3745 at Berlin Warschauer Straße
       Departing at: 2025-10-20 09:17
       Checking 530 arrivals (aggregated from all related platforms/sections)
       ✗ Time diff out of range: 2min
       ✗ No matching arrival found
       Sample of available trains:
         - S 9027 at 2510200359
         - S 9025 at 2510200339
         - S 9023 at 2510200326
    🔍 Looking for train S 3745 at Berlin Ostkreuz (S)
       Departing at: 2025-10-20 09:17
       Checking 0 arrivals (aggregated from all related platforms/sections)
       ✗ No matching arrival found
       ⚠️  NO S-Bahn arrivals found within 30 minutes of departure
    🔍 Looking for train S 3745 at Berlin-Karlshorst (S)
       Departing at: 2025-10-20 09:17
       Checking 0 arrivals (aggregated from all related platforms/sections)
       ✗ No matching arrival found
    🔍 Looking for train S 3745 at Berlin-Köpenick
       Departing at: 2025-10-20 09:17
       Checking 139 arrivals (aggregated from all related platforms/sections)
       ✓ Found match! Arrives at: 2025-10-20 09:34 (travel: 17min)
    🔍 Looking for train S 3745 at Berlin-Friedrichshagen
       Departing at: 2025-10-20 09:17
       Checking 139 arrivals (aggregated from all related platforms/sections)
       ✓ Found match! Arrives at: 2025-10-20 09:39 (travel: 22min)
    🔍 Looking for train S 7538 at Berlin Friedrichstraße (S)
       Departing at: 2025-10-20 09:16
       Checking 884 arrivals (aggregated from all related platforms/sections)
       ✓ Found match! Arrives at: 2025-10-20 09:23 (travel: 7min)
    🔍 Looking for train S 7538 at Berlin Westkreuz
       Departing at: 2025-10-20 09:16
       Checking 0 arrivals (aggregated from all related platforms/sections)
       ✗ No matching arrival found
       ⚠️  NO S-Bahn arrivals found within 30 minutes of departure
    🔍 Looking for train S 7538 at Berlin-Nikolassee
       Departing at: 2025-10-20 09:16
       Checking 274 arrivals (aggregated from all related platforms/sections)
       ✓ Found match! Arrives at: 2025-10-20 09:50 (travel: 34min)
    🔍 Looking for train S 7074 at Berlin Friedrichstraße (S)
       Departing at: 2025-10-20 09:46
       Checking 884 arrivals (aggregated from all related platforms/sections)
       ✓ Found match! Arrives at: 2025-10-20 09:53 (travel: 7min)
    🔍 Looking for train S 7074 at Berlin Westkreuz
       Departing at: 2025-10-20 09:46
       Checking 0 arrivals (aggregated from all related platforms/sections)
       ✗ No matching arrival found
       ⚠️  NO S-Bahn arrivals found within 30 minutes of departure
    🔍 Looking for train S 7074 at Berlin-Nikolassee
       Departing at: 2025-10-20 09:46
       Checking 274 arrivals (aggregated from all related platforms/sections)
       ✓ Found match! Arrives at: 2025-10-20 10:20 (travel: 34min)
    🔍 Looking for train S 7073 at Berlin Warschauer Straße
       Departing at: 2025-10-20 09:49
       Checking 530 arrivals (aggregated from all related platforms/sections)
       ✗ Time diff out of range: 2min
       ✗ No matching arrival found
       Sample of available trains:
         - S 9027 at 2510200359
         - S 9025 at 2510200339
         - S 9023 at 2510200326
    🔍 Looking for train S 7073 at Berlin Ostkreuz (S)
       Departing at: 2025-10-20 09:49
       Checking 0 arrivals (aggregated from all related platforms/sections)
       ✗ No matching arrival found
       ⚠️  NO S-Bahn arrivals found within 30 minutes of departure
    🔍 Looking for train S 7073 at Berlin-Friedrichsfelde Ost
       Departing at: 2025-10-20 09:49
       Checking 0 arrivals (aggregated from all related platforms/sections)
       ✗ No matching arrival found
    🔍 Looking for train S 3740 at Berlin Friedrichstraße (S)
       Departing at: 2025-10-20 09:11
       Checking 884 arrivals (aggregated from all related platforms/sections)
       ✓ Found match! Arrives at: 2025-10-20 09:18 (travel: 7min)
    🔍 Looking for train S 3740 at Berlin Westkreuz
       Departing at: 2025-10-20 09:11
       Checking 0 arrivals (aggregated from all related platforms/sections)
       ✗ No matching arrival found
       ⚠️  NO S-Bahn arrivals found within 30 minutes of departure
    🔍 Looking for train S 3076 at Berlin Friedrichstraße (S)
       Departing at: 2025-10-20 09:18
       Checking 884 arrivals (aggregated from all related platforms/sections)
       ✓ Found match! Arrives at: 2025-10-20 09:26 (travel: 8min)
    🔍 Looking for train S 3076 at Berlin Westkreuz
       Departing at: 2025-10-20 09:18
       Checking 0 arrivals (aggregated from all related platforms/sections)
       ✗ No matching arrival found
       ⚠️  NO S-Bahn arrivals found within 30 minutes of departure
    🔍 Looking for train S 3076 at Berlin Messe Süd (Eichkamp)
       Departing at: 2025-10-20 09:18
       Checking 0 arrivals (aggregated from all related platforms/sections)
       ✗ No matching arrival found
    🔍 Looking for train S 3076 at Berlin Olympiastadion
       Departing at: 2025-10-20 09:18
       Checking 0 arrivals (aggregated from all related platforms/sections)
       ✗ No matching arrival found
    🔍 Looking for train S 3076 at Berlin-Spandau (S)
       Departing at: 2025-10-20 09:18
       Checking 0 arrivals (aggregated from all related platforms/sections)
       ✗ No matching arrival found
    🔍 Looking for train S 7546 at Berlin Friedrichstraße (S)
       Departing at: 2025-10-20 10:36
       Checking 884 arrivals (aggregated from all related platforms/sections)
       ✓ Found match! Arrives at: 2025-10-20 10:43 (travel: 7min)
    🔍 Looking for train S 7546 at Berlin Westkreuz
       Departing at: 2025-10-20 10:36
       Checking 0 arrivals (aggregated from all related platforms/sections)
       ✗ No matching arrival found
       ⚠️  NO S-Bahn arrivals found within 30 minutes of departure
    🔍 Looking for train S 7546 at Berlin-Nikolassee
       Departing at: 2025-10-20 10:36
       Checking 274 arrivals (aggregated from all related platforms/sections)
       ✓ Found match! Arrives at: 2025-10-20 11:10 (travel: 34min)
    🔍 Looking for train S 5058 at Berlin Friedrichstraße (S)
       Departing at: 2025-10-20 10:03
       Checking 884 arrivals (aggregated from all related platforms/sections)
       ✓ Found match! Arrives at: 2025-10-20 10:11 (travel: 8min)
    🔍 Looking for train S 5058 at Berlin Westkreuz
       Departing at: 2025-10-20 10:03
       Checking 0 arrivals (aggregated from all related platforms/sections)
       ✗ No matching arrival found
       ⚠️  NO S-Bahn arrivals found within 30 minutes of departure
    🔍 Looking for train S 5548 at Berlin Friedrichstraße (S)
       Departing at: 2025-10-20 10:13
       Checking 884 arrivals (aggregated from all related platforms/sections)
       ✓ Found match! Arrives at: 2025-10-20 10:21 (travel: 8min)
    🔍 Looking for train S 5548 at Berlin Westkreuz
       Departing at: 2025-10-20 10:13
       Checking 0 arrivals (aggregated from all related platforms/sections)
       ✗ No matching arrival found
       ⚠️  NO S-Bahn arrivals found within 30 minutes of departure
    🔍 Looking for train S 3081 at Berlin Warschauer Straße
       Departing at: 2025-10-20 10:07
       Checking 530 arrivals (aggregated from all related platforms/sections)
       ✗ Time diff out of range: 2min
       ✗ No matching arrival found
       Sample of available trains:
         - S 9027 at 2510200359
         - S 9025 at 2510200339
         - S 9023 at 2510200326
    🔍 Looking for train S 3081 at Berlin Ostkreuz (S)
       Departing at: 2025-10-20 10:07
       Checking 0 arrivals (aggregated from all related platforms/sections)
       ✗ No matching arrival found
       ⚠️  NO S-Bahn arrivals found within 30 minutes of departure
    🔍 Looking for train S 3081 at Berlin-Karlshorst (S)
       Departing at: 2025-10-20 10:07
       Checking 0 arrivals (aggregated from all related platforms/sections)
       ✗ No matching arrival found
    🔍 Looking for train S 3081 at Berlin-Köpenick
       Departing at: 2025-10-20 10:07
       Checking 139 arrivals (aggregated from all related platforms/sections)
       ✓ Found match! Arrives at: 2025-10-20 10:24 (travel: 17min)
    🔍 Looking for train S 3081 at Berlin-Friedrichshagen
       Departing at: 2025-10-20 10:07
       Checking 139 arrivals (aggregated from all related platforms/sections)
       ✓ Found match! Arrives at: 2025-10-20 10:29 (travel: 22min)
    🔍 Looking for train S 3083 at Berlin Warschauer Straße
       Departing at: 2025-10-20 10:27
       Checking 530 arrivals (aggregated from all related platforms/sections)
       ✗ Time diff out of range: 2min
       ✗ No matching arrival found
       Sample of available trains:
         - S 9027 at 2510200359
         - S 9025 at 2510200339
         - S 9023 at 2510200326
    🔍 Looking for train S 3083 at Berlin Ostkreuz (S)
       Departing at: 2025-10-20 10:27
       Checking 0 arrivals (aggregated from all related platforms/sections)
       ✗ No matching arrival found
       ⚠️  NO S-Bahn arrivals found within 30 minutes of departure
    🔍 Looking for train S 3083 at Berlin-Karlshorst (S)
       Departing at: 2025-10-20 10:27
       Checking 0 arrivals (aggregated from all related platforms/sections)
       ✗ No matching arrival found
    🔍 Looking for train S 3083 at Berlin-Köpenick
       Departing at: 2025-10-20 10:27
       Checking 139 arrivals (aggregated from all related platforms/sections)
       ✓ Found match! Arrives at: 2025-10-20 10:44 (travel: 17min)
    🔍 Looking for train S 3083 at Berlin-Friedrichshagen
       Departing at: 2025-10-20 10:27
       Checking 139 arrivals (aggregated from all related platforms/sections)
       ✓ Found match! Arrives at: 2025-10-20 10:49 (travel: 22min)
    🔍 Looking for train S 3084 at Berlin Friedrichstraße (S)
       Departing at: 2025-10-20 10:38
       Checking 884 arrivals (aggregated from all related platforms/sections)
       ✓ Found match! Arrives at: 2025-10-20 10:46 (travel: 8min)
    🔍 Looking for train S 3084 at Berlin Westkreuz
       Departing at: 2025-10-20 10:38
       Checking 0 arrivals (aggregated from all related platforms/sections)
       ✗ No matching arrival found
       ⚠️  NO S-Bahn arrivals found within 30 minutes of departure
    🔍 Looking for train S 3084 at Berlin Messe Süd (Eichkamp)
       Departing at: 2025-10-20 10:38
       Checking 0 arrivals (aggregated from all related platforms/sections)
       ✗ No matching arrival found
    🔍 Looking for train S 3084 at Berlin Olympiastadion
       Departing at: 2025-10-20 10:38
       Checking 0 arrivals (aggregated from all related platforms/sections)
       ✗ No matching arrival found
    🔍 Looking for train S 3084 at Berlin-Spandau (S)
       Departing at: 2025-10-20 10:38
       Checking 0 arrivals (aggregated from all related platforms/sections)
       ✗ No matching arrival found
    🔍 Looking for train S 7075 at Berlin Warschauer Straße
       Departing at: 2025-10-20 10:09
       Checking 530 arrivals (aggregated from all related platforms/sections)
       ✗ Time diff out of range: 2min
       ✗ No matching arrival found
       Sample of available trains:
         - S 9027 at 2510200359
         - S 9025 at 2510200339
         - S 9023 at 2510200326
    🔍 Looking for train S 7075 at Berlin Ostkreuz (S)
       Departing at: 2025-10-20 10:09
       Checking 0 arrivals (aggregated from all related platforms/sections)
       ✗ No matching arrival found
       ⚠️  NO S-Bahn arrivals found within 30 minutes of departure
    🔍 Looking for train S 7075 at Berlin-Friedrichsfelde Ost
       Departing at: 2025-10-20 10:09
       Checking 0 arrivals (aggregated from all related platforms/sections)
       ✗ No matching arrival found
    🔍 Looking for train S 5063 at Berlin Warschauer Straße
       Departing at: 2025-10-20 10:12
       Checking 530 arrivals (aggregated from all related platforms/sections)
       ✗ Time diff out of range: 2min
       ✗ No matching arrival found
       Sample of available trains:
         - S 9027 at 2510200359
         - S 9025 at 2510200339
         - S 9023 at 2510200326
    🔍 Looking for train S 5063 at Berlin Ostkreuz (S)
       Departing at: 2025-10-20 10:12
       Checking 0 arrivals (aggregated from all related platforms/sections)
       ✗ No matching arrival found
       ⚠️  NO S-Bahn arrivals found within 30 minutes of departure
    🔍 Looking for train S 5063 at Berlin-Friedrichsfelde Ost
       Departing at: 2025-10-20 10:12
       Checking 0 arrivals (aggregated from all related platforms/sections)
       ✗ No matching arrival found
    🔍 Looking for train S 3085 at Berlin Warschauer Straße
       Departing at: 2025-10-20 10:47
       Checking 530 arrivals (aggregated from all related platforms/sections)
       ✗ Time diff out of range: 2min
       ✗ No matching arrival found
       Sample of available trains:
         - S 9027 at 2510200359
         - S 9025 at 2510200339
         - S 9023 at 2510200326
    🔍 Looking for train S 3085 at Berlin Ostkreuz (S)
       Departing at: 2025-10-20 10:47
       Checking 0 arrivals (aggregated from all related platforms/sections)
       ✗ No matching arrival found
       ⚠️  NO S-Bahn arrivals found within 30 minutes of departure
    🔍 Looking for train S 3085 at Berlin-Karlshorst (S)
       Departing at: 2025-10-20 10:47
       Checking 0 arrivals (aggregated from all related platforms/sections)
       ✗ No matching arrival found
    🔍 Looking for train S 3085 at Berlin-Köpenick
       Departing at: 2025-10-20 10:47
       Checking 139 arrivals (aggregated from all related platforms/sections)
       ✓ Found match! Arrives at: 2025-10-20 11:04 (travel: 17min)
    🔍 Looking for train S 3085 at Berlin-Friedrichshagen
       Departing at: 2025-10-20 10:47
       Checking 139 arrivals (aggregated from all related platforms/sections)
       ✓ Found match! Arrives at: 2025-10-20 11:09 (travel: 22min)
    🔍 Looking for train S 3551 at Berlin Warschauer Straße
       Departing at: 2025-10-20 10:17
       Checking 530 arrivals (aggregated from all related platforms/sections)
       ✗ Time diff out of range: 2min
       ✗ No matching arrival found
       Sample of available trains:
         - S 9027 at 2510200359
         - S 9025 at 2510200339
         - S 9023 at 2510200326
    🔍 Looking for train S 3551 at Berlin Ostkreuz (S)
       Departing at: 2025-10-20 10:17
       Checking 0 arrivals (aggregated from all related platforms/sections)
       ✗ No matching arrival found
       ⚠️  NO S-Bahn arrivals found within 30 minutes of departure
    🔍 Looking for train S 3551 at Berlin-Karlshorst (S)
       Departing at: 2025-10-20 10:17
       Checking 0 arrivals (aggregated from all related platforms/sections)
       ✗ No matching arrival found
    🔍 Looking for train S 3551 at Berlin-Köpenick
       Departing at: 2025-10-20 10:17
       Checking 139 arrivals (aggregated from all related platforms/sections)
       ✓ Found match! Arrives at: 2025-10-20 10:34 (travel: 17min)
    🔍 Looking for train S 3551 at Berlin-Friedrichshagen
       Departing at: 2025-10-20 10:17
       Checking 139 arrivals (aggregated from all related platforms/sections)
       ✓ Found match! Arrives at: 2025-10-20 10:39 (travel: 22min)
    🔍 Looking for train S 5549 at Berlin Warschauer Straße
       Departing at: 2025-10-20 10:22
       Checking 530 arrivals (aggregated from all related platforms/sections)
       ✗ Time diff out of range: 2min
       ✗ No matching arrival found
       Sample of available trains:
         - S 9027 at 2510200359
         - S 9025 at 2510200339
         - S 9023 at 2510200326
    🔍 Looking for train S 5549 at Berlin Ostkreuz (S)
       Departing at: 2025-10-20 10:22
       Checking 0 arrivals (aggregated from all related platforms/sections)
       ✗ No matching arrival found
       ⚠️  NO S-Bahn arrivals found within 30 minutes of departure
    🔍 Looking for train S 7078 at Berlin Friedrichstraße (S)
       Departing at: 2025-10-20 10:26
       Checking 884 arrivals (aggregated from all related platforms/sections)
       ✓ Found match! Arrives at: 2025-10-20 10:33 (travel: 7min)
    🔍 Looking for train S 7078 at Berlin Westkreuz
       Departing at: 2025-10-20 10:26
       Checking 0 arrivals (aggregated from all related platforms/sections)
       ✗ No matching arrival found
       ⚠️  NO S-Bahn arrivals found within 30 minutes of departure
    🔍 Looking for train S 7078 at Berlin-Nikolassee
       Departing at: 2025-10-20 10:26
       Checking 274 arrivals (aggregated from all related platforms/sections)
       ✓ Found match! Arrives at: 2025-10-20 11:00 (travel: 34min)
    🔍 Looking for train S 7545 at Berlin Warschauer Straße
       Departing at: 2025-10-20 10:59
       Checking 530 arrivals (aggregated from all related platforms/sections)
       ✗ Time diff out of range: 2min
       ✗ No matching arrival found
       Sample of available trains:
         - S 9027 at 2510200359
         - S 9025 at 2510200339
         - S 9023 at 2510200326
    🔍 Looking for train S 7545 at Berlin Ostkreuz (S)
       Departing at: 2025-10-20 10:59
       Checking 0 arrivals (aggregated from all related platforms/sections)
       ✗ No matching arrival found
       ⚠️  NO S-Bahn arrivals found within 30 minutes of departure
    🔍 Looking for train S 9066 at Berlin Friedrichstraße (S)
       Departing at: 2025-10-20 10:28
       Checking 884 arrivals (aggregated from all related platforms/sections)
       ✓ Found match! Arrives at: 2025-10-20 10:36 (travel: 8min)
    🔍 Looking for train S 9066 at Berlin Westkreuz
       Departing at: 2025-10-20 10:28
       Checking 0 arrivals (aggregated from all related platforms/sections)
       ✗ No matching arrival found
       ⚠️  NO S-Bahn arrivals found within 30 minutes of departure
    🔍 Looking for train S 9066 at Berlin Messe Süd (Eichkamp)
       Departing at: 2025-10-20 10:28
       Checking 0 arrivals (aggregated from all related platforms/sections)
       ✗ No matching arrival found
    🔍 Looking for train S 9066 at Berlin Olympiastadion
       Departing at: 2025-10-20 10:28
       Checking 0 arrivals (aggregated from all related platforms/sections)
       ✗ No matching arrival found
    🔍 Looking for train S 9066 at Berlin-Spandau (S)
       Departing at: 2025-10-20 10:28
       Checking 0 arrivals (aggregated from all related platforms/sections)
       ✗ No matching arrival found
    🔍 Looking for train S 3553 at Berlin Warschauer Straße
       Departing at: 2025-10-20 10:37
       Checking 530 arrivals (aggregated from all related platforms/sections)
       ✗ Time diff out of range: 2min
       ✗ No matching arrival found
       Sample of available trains:
         - S 9027 at 2510200359
         - S 9025 at 2510200339
         - S 9023 at 2510200326
    🔍 Looking for train S 3553 at Berlin Ostkreuz (S)
       Departing at: 2025-10-20 10:37
       Checking 0 arrivals (aggregated from all related platforms/sections)
       ✗ No matching arrival found
       ⚠️  NO S-Bahn arrivals found within 30 minutes of departure
    🔍 Looking for train S 3553 at Berlin-Karlshorst (S)
       Departing at: 2025-10-20 10:37
       Checking 0 arrivals (aggregated from all related platforms/sections)
       ✗ No matching arrival found
    🔍 Looking for train S 3553 at Berlin-Köpenick
       Departing at: 2025-10-20 10:37
       Checking 139 arrivals (aggregated from all related platforms/sections)
       ✓ Found match! Arrives at: 2025-10-20 10:54 (travel: 17min)
    🔍 Looking for train S 3553 at Berlin-Friedrichshagen
       Departing at: 2025-10-20 10:37
       Checking 139 arrivals (aggregated from all related platforms/sections)
       ✓ Found match! Arrives at: 2025-10-20 10:59 (travel: 22min)
    🔍 Looking for train S 7076 at Berlin Friedrichstraße (S)
       Departing at: 2025-10-20 10:06
       Checking 884 arrivals (aggregated from all related platforms/sections)
       ✓ Found match! Arrives at: 2025-10-20 10:13 (travel: 7min)
    🔍 Looking for train S 7076 at Berlin Westkreuz
       Departing at: 2025-10-20 10:06
       Checking 0 arrivals (aggregated from all related platforms/sections)
       ✗ No matching arrival found
       ⚠️  NO S-Bahn arrivals found within 30 minutes of departure
    🔍 Looking for train S 7076 at Berlin-Nikolassee
       Departing at: 2025-10-20 10:06
       Checking 274 arrivals (aggregated from all related platforms/sections)
       ✓ Found match! Arrives at: 2025-10-20 10:40 (travel: 34min)
    🔍 Looking for train S 7079 at Berlin Warschauer Straße
       Departing at: 2025-10-20 10:49
       Checking 530 arrivals (aggregated from all related platforms/sections)
       ✗ Time diff out of range: 2min
       ✗ No matching arrival found
       Sample of available trains:
         - S 9027 at 2510200359
         - S 9025 at 2510200339
         - S 9023 at 2510200326
    🔍 Looking for train S 7079 at Berlin Ostkreuz (S)
       Departing at: 2025-10-20 10:49
       Checking 0 arrivals (aggregated from all related platforms/sections)
       ✗ No matching arrival found
       ⚠️  NO S-Bahn arrivals found within 30 minutes of departure
    🔍 Looking for train S 7079 at Berlin-Friedrichsfelde Ost
       Departing at: 2025-10-20 10:49
       Checking 0 arrivals (aggregated from all related platforms/sections)
       ✗ No matching arrival found
    🔍 Looking for train S 5062 at Berlin Friedrichstraße (S)
       Departing at: 2025-10-20 10:43
       Checking 884 arrivals (aggregated from all related platforms/sections)
       ✓ Found match! Arrives at: 2025-10-20 10:51 (travel: 8min)
    🔍 Looking for train S 5062 at Berlin Westkreuz
       Departing at: 2025-10-20 10:43
       Checking 0 arrivals (aggregated from all related platforms/sections)
       ✗ No matching arrival found
       ⚠️  NO S-Bahn arrivals found within 30 minutes of departure
    🔍 Looking for train S 7548 at Berlin Friedrichstraße (S)
       Departing at: 2025-10-20 10:56
       Checking 884 arrivals (aggregated from all related platforms/sections)
       ✓ Found match! Arrives at: 2025-10-20 11:03 (travel: 7min)
    🔍 Looking for train S 7548 at Berlin Westkreuz
       Departing at: 2025-10-20 10:56
       Checking 0 arrivals (aggregated from all related platforms/sections)
       ✗ No matching arrival found
       ⚠️  NO S-Bahn arrivals found within 30 minutes of departure
    🔍 Looking for train S 7548 at Berlin-Nikolassee
       Departing at: 2025-10-20 10:56
       Checking 274 arrivals (aggregated from all related platforms/sections)
       ✓ Found match! Arrives at: 2025-10-20 11:30 (travel: 34min)
    🔍 Looking for train S 9065 at Berlin Warschauer Straße
       Departing at: 2025-10-20 10:17
       Checking 530 arrivals (aggregated from all related platforms/sections)
       ✗ Time diff out of range: 2min
       ✗ No matching arrival found
       Sample of available trains:
         - S 9027 at 2510200359
         - S 9025 at 2510200339
         - S 9023 at 2510200326
    🔍 Looking for train S 9065 at Berlin Treptower Park
       Departing at: 2025-10-20 10:17
       Checking 463 arrivals (aggregated from all related platforms/sections)
       ✓ Found match! Arrives at: 2025-10-20 10:22 (travel: 5min)
    🔍 Looking for train S 9065 at Berlin Baumschulenweg
       Departing at: 2025-10-20 10:17
       Checking 421 arrivals (aggregated from all related platforms/sections)
       ✓ Found match! Arrives at: 2025-10-20 10:27 (travel: 10min)
    🔍 Looking for train S 9065 at Berlin-Adlershof
       Departing at: 2025-10-20 10:17
       Checking 370 arrivals (aggregated from all related platforms/sections)
       ✓ Found match! Arrives at: 2025-10-20 10:38 (travel: 21min)
    🔍 Looking for train S 9065 at Schönefeld(bei Berlin)
       Departing at: 2025-10-20 10:17
       Checking 168 arrivals (aggregated from all related platforms/sections)
       ✓ Found match! Arrives at: 2025-10-20 10:48 (travel: 31min)
    🔍 Looking for train S 9067 at Berlin Warschauer Straße
       Departing at: 2025-10-20 10:37
       Checking 530 arrivals (aggregated from all related platforms/sections)
       ✗ Time diff out of range: 2min
       ✗ No matching arrival found
       Sample of available trains:
         - S 9027 at 2510200359
         - S 9025 at 2510200339
         - S 9023 at 2510200326
    🔍 Looking for train S 9067 at Berlin Treptower Park
       Departing at: 2025-10-20 10:37
       Checking 463 arrivals (aggregated from all related platforms/sections)
       ✓ Found match! Arrives at: 2025-10-20 10:42 (travel: 5min)
    🔍 Looking for train S 9067 at Berlin Baumschulenweg
       Departing at: 2025-10-20 10:37
       Checking 421 arrivals (aggregated from all related platforms/sections)
       ✓ Found match! Arrives at: 2025-10-20 10:47 (travel: 10min)
    🔍 Looking for train S 9067 at Berlin-Adlershof
       Departing at: 2025-10-20 10:37
       Checking 370 arrivals (aggregated from all related platforms/sections)
       ✓ Found match! Arrives at: 2025-10-20 10:58 (travel: 21min)
    🔍 Looking for train S 9067 at Schönefeld(bei Berlin)
       Departing at: 2025-10-20 10:37
       Checking 168 arrivals (aggregated from all related platforms/sections)
       ✓ Found match! Arrives at: 2025-10-20 11:08 (travel: 31min)
    🔍 Looking for train S 3555 at Berlin Warschauer Straße
       Departing at: 2025-10-20 10:57
       Checking 530 arrivals (aggregated from all related platforms/sections)
       ✗ Time diff out of range: 2min
       ✗ No matching arrival found
       Sample of available trains:
         - S 9027 at 2510200359
         - S 9025 at 2510200339
         - S 9023 at 2510200326
    🔍 Looking for train S 3555 at Berlin Ostkreuz (S)
       Departing at: 2025-10-20 10:57
       Checking 0 arrivals (aggregated from all related platforms/sections)
       ✗ No matching arrival found
       ⚠️  NO S-Bahn arrivals found within 30 minutes of departure
    🔍 Looking for train S 3555 at Berlin-Karlshorst (S)
       Departing at: 2025-10-20 10:57
       Checking 0 arrivals (aggregated from all related platforms/sections)
       ✗ No matching arrival found
    🔍 Looking for train S 3555 at Berlin-Köpenick
       Departing at: 2025-10-20 10:57
       Checking 139 arrivals (aggregated from all related platforms/sections)
       ✓ Found match! Arrives at: 2025-10-20 11:14 (travel: 17min)
    🔍 Looking for train S 3555 at Berlin-Friedrichshagen
       Departing at: 2025-10-20 10:57
       Checking 139 arrivals (aggregated from all related platforms/sections)
       ✓ Found match! Arrives at: 2025-10-20 11:19 (travel: 22min)
    🔍 Looking for train S 5551 at Berlin Warschauer Straße
       Departing at: 2025-10-20 10:42
       Checking 530 arrivals (aggregated from all related platforms/sections)
       ✗ Time diff out of range: 2min
       ✗ No matching arrival found
       Sample of available trains:
         - S 9027 at 2510200359
         - S 9025 at 2510200339
         - S 9023 at 2510200326
    🔍 Looking for train S 5551 at Berlin Ostkreuz (S)
       Departing at: 2025-10-20 10:42
       Checking 0 arrivals (aggregated from all related platforms/sections)
       ✗ No matching arrival found
       ⚠️  NO S-Bahn arrivals found within 30 minutes of departure
    🔍 Looking for train S 5550 at Berlin Friedrichstraße (S)
       Departing at: 2025-10-20 10:33
       Checking 884 arrivals (aggregated from all related platforms/sections)
       ✓ Found match! Arrives at: 2025-10-20 10:41 (travel: 8min)
    🔍 Looking for train S 5550 at Berlin Westkreuz
       Departing at: 2025-10-20 10:33
       Checking 0 arrivals (aggregated from all related platforms/sections)
       ✗ No matching arrival found
       ⚠️  NO S-Bahn arrivals found within 30 minutes of departure
    🔍 Looking for train S 5060 at Berlin Friedrichstraße (S)
       Departing at: 2025-10-20 10:23
       Checking 884 arrivals (aggregated from all related platforms/sections)
       ✓ Found match! Arrives at: 2025-10-20 10:31 (travel: 8min)
    🔍 Looking for train S 5060 at Berlin Westkreuz
       Departing at: 2025-10-20 10:23
       Checking 0 arrivals (aggregated from all related platforms/sections)
       ✗ No matching arrival found
       ⚠️  NO S-Bahn arrivals found within 30 minutes of departure
    🔍 Looking for train S 9064 at Berlin Friedrichstraße (S)
       Departing at: 2025-10-20 10:08
       Checking 884 arrivals (aggregated from all related platforms/sections)
       ✓ Found match! Arrives at: 2025-10-20 10:16 (travel: 8min)
    🔍 Looking for train S 9064 at Berlin Westkreuz
       Departing at: 2025-10-20 10:08
       Checking 0 arrivals (aggregated from all related platforms/sections)
       ✗ No matching arrival found
       ⚠️  NO S-Bahn arrivals found within 30 minutes of departure
    🔍 Looking for train S 9064 at Berlin Messe Süd (Eichkamp)
       Departing at: 2025-10-20 10:08
       Checking 0 arrivals (aggregated from all related platforms/sections)
       ✗ No matching arrival found
    🔍 Looking for train S 9064 at Berlin Olympiastadion
       Departing at: 2025-10-20 10:08
       Checking 0 arrivals (aggregated from all related platforms/sections)
       ✗ No matching arrival found
    🔍 Looking for train S 9064 at Berlin-Spandau (S)
       Departing at: 2025-10-20 10:08
       Checking 0 arrivals (aggregated from all related platforms/sections)
       ✗ No matching arrival found
    🔍 Looking for train S 9068 at Berlin Friedrichstraße (S)
       Departing at: 2025-10-20 10:48
       Checking 884 arrivals (aggregated from all related platforms/sections)
       ✓ Found match! Arrives at: 2025-10-20 10:56 (travel: 8min)
    🔍 Looking for train S 9068 at Berlin Westkreuz
       Departing at: 2025-10-20 10:48
       Checking 0 arrivals (aggregated from all related platforms/sections)
       ✗ No matching arrival found
       ⚠️  NO S-Bahn arrivals found within 30 minutes of departure
    🔍 Looking for train S 9068 at Berlin Messe Süd (Eichkamp)
       Departing at: 2025-10-20 10:48
       Checking 0 arrivals (aggregated from all related platforms/sections)
       ✗ No matching arrival found
    🔍 Looking for train S 9068 at Berlin Olympiastadion
       Departing at: 2025-10-20 10:48
       Checking 0 arrivals (aggregated from all related platforms/sections)
       ✗ No matching arrival found
    🔍 Looking for train S 9068 at Berlin-Spandau (S)
       Departing at: 2025-10-20 10:48
       Checking 0 arrivals (aggregated from all related platforms/sections)
       ✗ No matching arrival found
    🔍 Looking for train S 5067 at Berlin Warschauer Straße
       Departing at: 2025-10-20 10:52
       Checking 530 arrivals (aggregated from all related platforms/sections)
       ✗ Time diff out of range: 2min
       ✗ No matching arrival found
       Sample of available trains:
         - S 9027 at 2510200359
         - S 9025 at 2510200339
         - S 9023 at 2510200326
    🔍 Looking for train S 5067 at Berlin Ostkreuz (S)
       Departing at: 2025-10-20 10:52
       Checking 0 arrivals (aggregated from all related platforms/sections)
       ✗ No matching arrival found
       ⚠️  NO S-Bahn arrivals found within 30 minutes of departure
    🔍 Looking for train S 5067 at Berlin-Friedrichsfelde Ost
       Departing at: 2025-10-20 10:52
       Checking 0 arrivals (aggregated from all related platforms/sections)
       ✗ No matching arrival found
    🔍 Looking for train S 9069 at Berlin Warschauer Straße
       Departing at: 2025-10-20 10:57
       Checking 530 arrivals (aggregated from all related platforms/sections)
       ✗ Time diff out of range: 2min
       ✗ No matching arrival found
       Sample of available trains:
         - S 9027 at 2510200359
         - S 9025 at 2510200339
         - S 9023 at 2510200326
    🔍 Looking for train S 9069 at Berlin Treptower Park
       Departing at: 2025-10-20 10:57
       Checking 463 arrivals (aggregated from all related platforms/sections)
       ✓ Found match! Arrives at: 2025-10-20 11:02 (travel: 5min)
    🔍 Looking for train S 9069 at Berlin Baumschulenweg
       Departing at: 2025-10-20 10:57
       Checking 421 arrivals (aggregated from all related platforms/sections)
       ✓ Found match! Arrives at: 2025-10-20 11:07 (travel: 10min)
    🔍 Looking for train S 9069 at Berlin-Adlershof
       Departing at: 2025-10-20 10:57
       Checking 370 arrivals (aggregated from all related platforms/sections)
       ✓ Found match! Arrives at: 2025-10-20 11:18 (travel: 21min)
    🔍 Looking for train S 9069 at Schönefeld(bei Berlin)
       Departing at: 2025-10-20 10:57
       Checking 168 arrivals (aggregated from all related platforms/sections)
       ✓ Found match! Arrives at: 2025-10-20 11:28 (travel: 31min)
    🔍 Looking for train S 3082 at Berlin Friedrichstraße (S)
       Departing at: 2025-10-20 10:18
       Checking 884 arrivals (aggregated from all related platforms/sections)
       ✓ Found match! Arrives at: 2025-10-20 10:26 (travel: 8min)
    🔍 Looking for train S 3082 at Berlin Westkreuz
       Departing at: 2025-10-20 10:18
       Checking 0 arrivals (aggregated from all related platforms/sections)
       ✗ No matching arrival found
       ⚠️  NO S-Bahn arrivals found within 30 minutes of departure
    🔍 Looking for train S 3082 at Berlin Messe Süd (Eichkamp)
       Departing at: 2025-10-20 10:18
       Checking 0 arrivals (aggregated from all related platforms/sections)
       ✗ No matching arrival found
    🔍 Looking for train S 3082 at Berlin Olympiastadion
       Departing at: 2025-10-20 10:18
       Checking 0 arrivals (aggregated from all related platforms/sections)
       ✗ No matching arrival found
    🔍 Looking for train S 3082 at Berlin-Spandau (S)
       Departing at: 2025-10-20 10:18
       Checking 0 arrivals (aggregated from all related platforms/sections)
       ✗ No matching arrival found
    🔍 Looking for train S 7544 at Berlin Friedrichstraße (S)
       Departing at: 2025-10-20 10:16
       Checking 884 arrivals (aggregated from all related platforms/sections)
       ✓ Found match! Arrives at: 2025-10-20 10:23 (travel: 7min)
    🔍 Looking for train S 7544 at Berlin Westkreuz
       Departing at: 2025-10-20 10:16
       Checking 0 arrivals (aggregated from all related platforms/sections)
       ✗ No matching arrival found
       ⚠️  NO S-Bahn arrivals found within 30 minutes of departure
    🔍 Looking for train S 7544 at Berlin-Nikolassee
       Departing at: 2025-10-20 10:16
       Checking 274 arrivals (aggregated from all related platforms/sections)
       ✓ Found match! Arrives at: 2025-10-20 10:50 (travel: 34min)
    🔍 Looking for train S 5065 at Berlin Warschauer Straße
       Departing at: 2025-10-20 10:32
       Checking 530 arrivals (aggregated from all related platforms/sections)
       ✗ Time diff out of range: 2min
       ✗ No matching arrival found
       Sample of available trains:
         - S 9027 at 2510200359
         - S 9025 at 2510200339
         - S 9023 at 2510200326
    🔍 Looking for train S 5065 at Berlin Ostkreuz (S)
       Departing at: 2025-10-20 10:32
       Checking 0 arrivals (aggregated from all related platforms/sections)
       ✗ No matching arrival found
       ⚠️  NO S-Bahn arrivals found within 30 minutes of departure
    🔍 Looking for train S 5065 at Berlin-Friedrichsfelde Ost
       Departing at: 2025-10-20 10:32
       Checking 0 arrivals (aggregated from all related platforms/sections)
       ✗ No matching arrival found
    🔍 Looking for train S 3086 at Berlin Friedrichstraße (S)
       Departing at: 2025-10-20 10:58
       Checking 884 arrivals (aggregated from all related platforms/sections)
       ✓ Found match! Arrives at: 2025-10-20 11:06 (travel: 8min)
    🔍 Looking for train S 3086 at Berlin Westkreuz
       Departing at: 2025-10-20 10:58
       Checking 0 arrivals (aggregated from all related platforms/sections)
       ✗ No matching arrival found
       ⚠️  NO S-Bahn arrivals found within 30 minutes of departure
    🔍 Looking for train S 3086 at Berlin Messe Süd (Eichkamp)
       Departing at: 2025-10-20 10:58
       Checking 0 arrivals (aggregated from all related platforms/sections)
       ✗ No matching arrival found
    🔍 Looking for train S 3086 at Berlin Olympiastadion
       Departing at: 2025-10-20 10:58
       Checking 0 arrivals (aggregated from all related platforms/sections)
       ✗ No matching arrival found
    🔍 Looking for train S 3086 at Berlin-Spandau (S)
       Departing at: 2025-10-20 10:58
       Checking 0 arrivals (aggregated from all related platforms/sections)
       ✗ No matching arrival found
    🔍 Looking for train S 7080 at Berlin Friedrichstraße (S)
       Departing at: 2025-10-20 10:46
       Checking 884 arrivals (aggregated from all related platforms/sections)
       ✓ Found match! Arrives at: 2025-10-20 10:53 (travel: 7min)
    🔍 Looking for train S 7080 at Berlin Westkreuz
       Departing at: 2025-10-20 10:46
       Checking 0 arrivals (aggregated from all related platforms/sections)
       ✗ No matching arrival found
       ⚠️  NO S-Bahn arrivals found within 30 minutes of departure
    🔍 Looking for train S 7080 at Berlin-Nikolassee
       Departing at: 2025-10-20 10:46
       Checking 274 arrivals (aggregated from all related platforms/sections)
       ✓ Found match! Arrives at: 2025-10-20 11:20 (travel: 34min)
    🔍 Looking for train S 7077 at Berlin Warschauer Straße
       Departing at: 2025-10-20 10:29
       Checking 530 arrivals (aggregated from all related platforms/sections)
       ✗ Time diff out of range: 2min
       ✗ No matching arrival found
       Sample of available trains:
         - S 9027 at 2510200359
         - S 9025 at 2510200339
         - S 9023 at 2510200326
    🔍 Looking for train S 7077 at Berlin Ostkreuz (S)
       Departing at: 2025-10-20 10:29
       Checking 0 arrivals (aggregated from all related platforms/sections)
       ✗ No matching arrival found
       ⚠️  NO S-Bahn arrivals found within 30 minutes of departure
    🔍 Looking for train S 7077 at Berlin-Friedrichsfelde Ost
       Departing at: 2025-10-20 10:29
       Checking 0 arrivals (aggregated from all related platforms/sections)
       ✗ No matching arrival found
    🔍 Looking for train S 7541 at Berlin Warschauer Straße
       Departing at: 2025-10-20 10:19
       Checking 530 arrivals (aggregated from all related platforms/sections)
       ✗ Time diff out of range: 2min
       ✗ No matching arrival found
       Sample of available trains:
         - S 9027 at 2510200359
         - S 9025 at 2510200339
         - S 9023 at 2510200326
    🔍 Looking for train S 7541 at Berlin Ostkreuz (S)
       Departing at: 2025-10-20 10:19
       Checking 0 arrivals (aggregated from all related platforms/sections)
       ✗ No matching arrival found
       ⚠️  NO S-Bahn arrivals found within 30 minutes of departure
    🔍 Looking for train S 7543 at Berlin Warschauer Straße
       Departing at: 2025-10-20 10:39
       Checking 530 arrivals (aggregated from all related platforms/sections)
       ✗ Time diff out of range: 2min
       ✗ No matching arrival found
       Sample of available trains:
         - S 9027 at 2510200359
         - S 9025 at 2510200339
         - S 9023 at 2510200326
    🔍 Looking for train S 7543 at Berlin Ostkreuz (S)
       Departing at: 2025-10-20 10:39
       Checking 0 arrivals (aggregated from all related platforms/sections)
       ✗ No matching arrival found
       ⚠️  NO S-Bahn arrivals found within 30 minutes of departure
    🔍 Looking for train S 5552 at Berlin Friedrichstraße (S)
       Departing at: 2025-10-20 10:53
       Checking 884 arrivals (aggregated from all related platforms/sections)
       ✓ Found match! Arrives at: 2025-10-20 11:01 (travel: 8min)
    🔍 Looking for train S 5552 at Berlin Westkreuz
       Departing at: 2025-10-20 10:53
       Checking 0 arrivals (aggregated from all related platforms/sections)
       ✗ No matching arrival found
       ⚠️  NO S-Bahn arrivals found within 30 minutes of departure
    🔍 Looking for train S 5547 at Berlin Warschauer Straße
       Departing at: 2025-10-20 10:02
       Checking 530 arrivals (aggregated from all related platforms/sections)
       ✗ Time diff out of range: 2min
       ✗ No matching arrival found
       Sample of available trains:
         - S 9027 at 2510200359
         - S 9025 at 2510200339
         - S 9023 at 2510200326
    🔍 Looking for train S 5547 at Berlin Ostkreuz (S)
       Departing at: 2025-10-20 10:02
       Checking 0 arrivals (aggregated from all related platforms/sections)
       ✗ No matching arrival found
       ⚠️  NO S-Bahn arrivals found within 30 minutes of departure
    🔍 Looking for train S 5555 at Berlin Warschauer Straße
       Departing at: 2025-10-20 11:22
       Checking 530 arrivals (aggregated from all related platforms/sections)
       ✗ Time diff out of range: 2min
       ✗ No matching arrival found
       Sample of available trains:
         - S 9027 at 2510200359
         - S 9025 at 2510200339
         - S 9023 at 2510200326
    🔍 Looking for train S 5555 at Berlin Ostkreuz (S)
       Departing at: 2025-10-20 11:22
       Checking 0 arrivals (aggregated from all related platforms/sections)
       ✗ No matching arrival found
       ⚠️  NO S-Bahn arrivals found within 30 minutes of departure
    🔍 Looking for train S 7082 at Berlin Friedrichstraße (S)
       Departing at: 2025-10-20 11:06
       Checking 884 arrivals (aggregated from all related platforms/sections)
       ✓ Found match! Arrives at: 2025-10-20 11:13 (travel: 7min)
    🔍 Looking for train S 7082 at Berlin Westkreuz
       Departing at: 2025-10-20 11:06
       Checking 0 arrivals (aggregated from all related platforms/sections)
       ✗ No matching arrival found
       ⚠️  NO S-Bahn arrivals found within 30 minutes of departure
    🔍 Looking for train S 7082 at Berlin-Nikolassee
       Departing at: 2025-10-20 11:06
       Checking 274 arrivals (aggregated from all related platforms/sections)
       ✓ Found match! Arrives at: 2025-10-20 11:40 (travel: 34min)
    🔍 Looking for train S 5064 at Berlin Friedrichstraße (S)
       Departing at: 2025-10-20 11:03
       Checking 884 arrivals (aggregated from all related platforms/sections)
       ✓ Found match! Arrives at: 2025-10-20 11:11 (travel: 8min)
    🔍 Looking for train S 5064 at Berlin Westkreuz
       Departing at: 2025-10-20 11:03
       Checking 0 arrivals (aggregated from all related platforms/sections)
       ✗ No matching arrival found
       ⚠️  NO S-Bahn arrivals found within 30 minutes of departure
    🔍 Looking for train S 5069 at Berlin Warschauer Straße
       Departing at: 2025-10-20 11:12
       Checking 530 arrivals (aggregated from all related platforms/sections)
       ✗ Time diff out of range: 2min
       ✗ No matching arrival found
       Sample of available trains:
         - S 9027 at 2510200359
         - S 9025 at 2510200339
         - S 9023 at 2510200326
    🔍 Looking for train S 5069 at Berlin Ostkreuz (S)
       Departing at: 2025-10-20 11:12
       Checking 0 arrivals (aggregated from all related platforms/sections)
       ✗ No matching arrival found
       ⚠️  NO S-Bahn arrivals found within 30 minutes of departure
    🔍 Looking for train S 5069 at Berlin-Friedrichsfelde Ost
       Departing at: 2025-10-20 11:12
       Checking 0 arrivals (aggregated from all related platforms/sections)
       ✗ No matching arrival found
    🔍 Looking for train S 3089 at Berlin Warschauer Straße
       Departing at: 2025-10-20 11:27
       Checking 530 arrivals (aggregated from all related platforms/sections)
       ✗ Time diff out of range: 2min
       ✗ No matching arrival found
       Sample of available trains:
         - S 9027 at 2510200359
         - S 9025 at 2510200339
         - S 9023 at 2510200326
    🔍 Looking for train S 3089 at Berlin Ostkreuz (S)
       Departing at: 2025-10-20 11:27
       Checking 0 arrivals (aggregated from all related platforms/sections)
       ✗ No matching arrival found
       ⚠️  NO S-Bahn arrivals found within 30 minutes of departure
    🔍 Looking for train S 3089 at Berlin-Karlshorst (S)
       Departing at: 2025-10-20 11:27
       Checking 0 arrivals (aggregated from all related platforms/sections)
       ✗ No matching arrival found
    🔍 Looking for train S 3089 at Berlin-Köpenick
       Departing at: 2025-10-20 11:27
       Checking 139 arrivals (aggregated from all related platforms/sections)
       ✓ Found match! Arrives at: 2025-10-20 11:44 (travel: 17min)
    🔍 Looking for train S 3089 at Berlin-Friedrichshagen
       Departing at: 2025-10-20 11:27
       Checking 139 arrivals (aggregated from all related platforms/sections)
       ✓ Found match! Arrives at: 2025-10-20 11:49 (travel: 22min)
    🔍 Looking for train S 7081 at Berlin Warschauer Straße
       Departing at: 2025-10-20 11:09
       Checking 530 arrivals (aggregated from all related platforms/sections)
       ✗ Time diff out of range: 2min
       ✗ No matching arrival found
       Sample of available trains:
         - S 9027 at 2510200359
         - S 9025 at 2510200339
         - S 9023 at 2510200326
    🔍 Looking for train S 7081 at Berlin Ostkreuz (S)
       Departing at: 2025-10-20 11:09
       Checking 0 arrivals (aggregated from all related platforms/sections)
       ✗ No matching arrival found
       ⚠️  NO S-Bahn arrivals found within 30 minutes of departure
    🔍 Looking for train S 7081 at Berlin-Friedrichsfelde Ost
       Departing at: 2025-10-20 11:09
       Checking 0 arrivals (aggregated from all related platforms/sections)
       ✗ No matching arrival found
    🔍 Looking for train S 7085 at Berlin Warschauer Straße
       Departing at: 2025-10-20 11:49
       Checking 530 arrivals (aggregated from all related platforms/sections)
       ✗ Time diff out of range: 2min
       ✗ No matching arrival found
       Sample of available trains:
         - S 9027 at 2510200359
         - S 9025 at 2510200339
         - S 9023 at 2510200326
    🔍 Looking for train S 7085 at Berlin Ostkreuz (S)
       Departing at: 2025-10-20 11:49
       Checking 0 arrivals (aggregated from all related platforms/sections)
       ✗ No matching arrival found
       ⚠️  NO S-Bahn arrivals found within 30 minutes of departure
    🔍 Looking for train S 7085 at Berlin-Friedrichsfelde Ost
       Departing at: 2025-10-20 11:49
       Checking 0 arrivals (aggregated from all related platforms/sections)
       ✗ No matching arrival found
    🔍 Looking for train S 3087 at Berlin Warschauer Straße
       Departing at: 2025-10-20 11:07
       Checking 530 arrivals (aggregated from all related platforms/sections)
       ✗ Time diff out of range: 2min
       ✗ No matching arrival found
       Sample of available trains:
         - S 9027 at 2510200359
         - S 9025 at 2510200339
         - S 9023 at 2510200326
    🔍 Looking for train S 3087 at Berlin Ostkreuz (S)
       Departing at: 2025-10-20 11:07
       Checking 0 arrivals (aggregated from all related platforms/sections)
       ✗ No matching arrival found
       ⚠️  NO S-Bahn arrivals found within 30 minutes of departure
    🔍 Looking for train S 3087 at Berlin-Karlshorst (S)
       Departing at: 2025-10-20 11:07
       Checking 0 arrivals (aggregated from all related platforms/sections)
       ✗ No matching arrival found
    🔍 Looking for train S 3087 at Berlin-Köpenick
       Departing at: 2025-10-20 11:07
       Checking 139 arrivals (aggregated from all related platforms/sections)
       ✓ Found match! Arrives at: 2025-10-20 11:24 (travel: 17min)
    🔍 Looking for train S 3087 at Berlin-Friedrichshagen
       Departing at: 2025-10-20 11:07
       Checking 139 arrivals (aggregated from all related platforms/sections)
       ✓ Found match! Arrives at: 2025-10-20 11:29 (travel: 22min)
    🔍 Looking for train S 3561 at Berlin Warschauer Straße
       Departing at: 2025-10-20 11:57
       Checking 530 arrivals (aggregated from all related platforms/sections)
       ✗ Time diff out of range: 2min
       ✗ No matching arrival found
       Sample of available trains:
         - S 9027 at 2510200359
         - S 9025 at 2510200339
         - S 9023 at 2510200326
    🔍 Looking for train S 3561 at Berlin Ostkreuz (S)
       Departing at: 2025-10-20 11:57
       Checking 0 arrivals (aggregated from all related platforms/sections)
       ✗ No matching arrival found
       ⚠️  NO S-Bahn arrivals found within 30 minutes of departure
    🔍 Looking for train S 3561 at Berlin-Karlshorst (S)
       Departing at: 2025-10-20 11:57
       Checking 0 arrivals (aggregated from all related platforms/sections)
       ✗ No matching arrival found
    🔍 Looking for train S 3561 at Berlin-Köpenick
       Departing at: 2025-10-20 11:57
       Checking 139 arrivals (aggregated from all related platforms/sections)
       ✓ Found match! Arrives at: 2025-10-20 12:14 (travel: 17min)
    🔍 Looking for train S 3561 at Berlin-Friedrichshagen
       Departing at: 2025-10-20 11:57
       Checking 139 arrivals (aggregated from all related platforms/sections)
       ✓ Found match! Arrives at: 2025-10-20 12:19 (travel: 22min)
    🔍 Looking for train S 3091 at Berlin Warschauer Straße
       Departing at: 2025-10-20 11:47
       Checking 530 arrivals (aggregated from all related platforms/sections)
       ✗ Time diff out of range: 2min
       ✗ No matching arrival found
       Sample of available trains:
         - S 9027 at 2510200359
         - S 9025 at 2510200339
         - S 9023 at 2510200326
    🔍 Looking for train S 3091 at Berlin Ostkreuz (S)
       Departing at: 2025-10-20 11:47
       Checking 0 arrivals (aggregated from all related platforms/sections)
       ✗ No matching arrival found
       ⚠️  NO S-Bahn arrivals found within 30 minutes of departure
    🔍 Looking for train S 3091 at Berlin-Karlshorst (S)
       Departing at: 2025-10-20 11:47
       Checking 0 arrivals (aggregated from all related platforms/sections)
       ✗ No matching arrival found
    🔍 Looking for train S 3091 at Berlin-Köpenick
       Departing at: 2025-10-20 11:47
       Checking 139 arrivals (aggregated from all related platforms/sections)
       ✓ Found match! Arrives at: 2025-10-20 12:04 (travel: 17min)
    🔍 Looking for train S 3091 at Berlin-Friedrichshagen
       Departing at: 2025-10-20 11:47
       Checking 139 arrivals (aggregated from all related platforms/sections)
       ✓ Found match! Arrives at: 2025-10-20 12:09 (travel: 22min)
    🔍 Looking for train S 9072 at Berlin Friedrichstraße (S)
       Departing at: 2025-10-20 11:28
       Checking 884 arrivals (aggregated from all related platforms/sections)
       ✓ Found match! Arrives at: 2025-10-20 11:36 (travel: 8min)
    🔍 Looking for train S 9072 at Berlin Westkreuz
       Departing at: 2025-10-20 11:28
       Checking 0 arrivals (aggregated from all related platforms/sections)
       ✗ No matching arrival found
       ⚠️  NO S-Bahn arrivals found within 30 minutes of departure
    🔍 Looking for train S 9072 at Berlin Messe Süd (Eichkamp)
       Departing at: 2025-10-20 11:28
       Checking 0 arrivals (aggregated from all related platforms/sections)
       ✗ No matching arrival found
    🔍 Looking for train S 9072 at Berlin Olympiastadion
       Departing at: 2025-10-20 11:28
       Checking 0 arrivals (aggregated from all related platforms/sections)
       ✗ No matching arrival found
    🔍 Looking for train S 9072 at Berlin-Spandau (S)
       Departing at: 2025-10-20 11:28
       Checking 0 arrivals (aggregated from all related platforms/sections)
       ✗ No matching arrival found
    🔍 Looking for train S 5073 at Berlin Warschauer Straße
       Departing at: 2025-10-20 11:52
       Checking 530 arrivals (aggregated from all related platforms/sections)
       ✗ Time diff out of range: 2min
       ✗ No matching arrival found
       Sample of available trains:
         - S 9027 at 2510200359
         - S 9025 at 2510200339
         - S 9023 at 2510200326
    🔍 Looking for train S 5073 at Berlin Ostkreuz (S)
       Departing at: 2025-10-20 11:52
       Checking 0 arrivals (aggregated from all related platforms/sections)
       ✗ No matching arrival found
       ⚠️  NO S-Bahn arrivals found within 30 minutes of departure
    🔍 Looking for train S 5073 at Berlin-Friedrichsfelde Ost
       Departing at: 2025-10-20 11:52
       Checking 0 arrivals (aggregated from all related platforms/sections)
       ✗ No matching arrival found
    🔍 Looking for train S 7550 at Berlin Friedrichstraße (S)
       Departing at: 2025-10-20 11:16
       Checking 884 arrivals (aggregated from all related platforms/sections)
       ✓ Found match! Arrives at: 2025-10-20 11:23 (travel: 7min)
    🔍 Looking for train S 7550 at Berlin Westkreuz
       Departing at: 2025-10-20 11:16
       Checking 0 arrivals (aggregated from all related platforms/sections)
       ✗ No matching arrival found
       ⚠️  NO S-Bahn arrivals found within 30 minutes of departure
    🔍 Looking for train S 7550 at Berlin-Nikolassee
       Departing at: 2025-10-20 11:16
       Checking 274 arrivals (aggregated from all related platforms/sections)
       ✓ Found match! Arrives at: 2025-10-20 11:50 (travel: 34min)
    🔍 Looking for train S 3092 at Berlin Friedrichstraße (S)
       Departing at: 2025-10-20 11:58
       Checking 884 arrivals (aggregated from all related platforms/sections)
       ✓ Found match! Arrives at: 2025-10-20 12:06 (travel: 8min)
    🔍 Looking for train S 3092 at Berlin Westkreuz
       Departing at: 2025-10-20 11:58
       Checking 0 arrivals (aggregated from all related platforms/sections)
       ✗ No matching arrival found
       ⚠️  NO S-Bahn arrivals found within 30 minutes of departure
    🔍 Looking for train S 3092 at Berlin Messe Süd (Eichkamp)
       Departing at: 2025-10-20 11:58
       Checking 0 arrivals (aggregated from all related platforms/sections)
       ✗ No matching arrival found
    🔍 Looking for train S 3092 at Berlin Olympiastadion
       Departing at: 2025-10-20 11:58
       Checking 0 arrivals (aggregated from all related platforms/sections)
       ✗ No matching arrival found
    🔍 Looking for train S 3092 at Berlin-Spandau (S)
       Departing at: 2025-10-20 11:58
       Checking 0 arrivals (aggregated from all related platforms/sections)
       ✗ No matching arrival found
    🔍 Looking for train S 3088 at Berlin Friedrichstraße (S)
       Departing at: 2025-10-20 11:18
       Checking 884 arrivals (aggregated from all related platforms/sections)
       ✓ Found match! Arrives at: 2025-10-20 11:26 (travel: 8min)
    🔍 Looking for train S 3088 at Berlin Westkreuz
       Departing at: 2025-10-20 11:18
       Checking 0 arrivals (aggregated from all related platforms/sections)
       ✗ No matching arrival found
       ⚠️  NO S-Bahn arrivals found within 30 minutes of departure
    🔍 Looking for train S 3088 at Berlin Messe Süd (Eichkamp)
       Departing at: 2025-10-20 11:18
       Checking 0 arrivals (aggregated from all related platforms/sections)
       ✗ No matching arrival found
    🔍 Looking for train S 3088 at Berlin Olympiastadion
       Departing at: 2025-10-20 11:18
       Checking 0 arrivals (aggregated from all related platforms/sections)
       ✗ No matching arrival found
    🔍 Looking for train S 3088 at Berlin-Spandau (S)
       Departing at: 2025-10-20 11:18
       Checking 0 arrivals (aggregated from all related platforms/sections)
       ✗ No matching arrival found
    🔍 Looking for train S 3557 at Berlin Warschauer Straße
       Departing at: 2025-10-20 11:17
       Checking 530 arrivals (aggregated from all related platforms/sections)
       ✗ Time diff out of range: 2min
       ✗ No matching arrival found
       Sample of available trains:
         - S 9027 at 2510200359
         - S 9025 at 2510200339
         - S 9023 at 2510200326
    🔍 Looking for train S 3557 at Berlin Ostkreuz (S)
       Departing at: 2025-10-20 11:17
       Checking 0 arrivals (aggregated from all related platforms/sections)
       ✗ No matching arrival found
       ⚠️  NO S-Bahn arrivals found within 30 minutes of departure
    🔍 Looking for train S 3557 at Berlin-Karlshorst (S)
       Departing at: 2025-10-20 11:17
       Checking 0 arrivals (aggregated from all related platforms/sections)
       ✗ No matching arrival found
    🔍 Looking for train S 3557 at Berlin-Köpenick
       Departing at: 2025-10-20 11:17
       Checking 139 arrivals (aggregated from all related platforms/sections)
       ✓ Found match! Arrives at: 2025-10-20 11:34 (travel: 17min)
    🔍 Looking for train S 3557 at Berlin-Friedrichshagen
       Departing at: 2025-10-20 11:17
       Checking 139 arrivals (aggregated from all related platforms/sections)
       ✓ Found match! Arrives at: 2025-10-20 11:39 (travel: 22min)
    🔍 Looking for train S 9071 at Berlin Warschauer Straße
       Departing at: 2025-10-20 11:17
       Checking 530 arrivals (aggregated from all related platforms/sections)
       ✗ Time diff out of range: 2min
       ✗ No matching arrival found
       Sample of available trains:
         - S 9027 at 2510200359
         - S 9025 at 2510200339
         - S 9023 at 2510200326
    🔍 Looking for train S 9071 at Berlin Treptower Park
       Departing at: 2025-10-20 11:17
       Checking 463 arrivals (aggregated from all related platforms/sections)
       ✓ Found match! Arrives at: 2025-10-20 11:22 (travel: 5min)
    🔍 Looking for train S 9071 at Berlin Baumschulenweg
       Departing at: 2025-10-20 11:17
       Checking 421 arrivals (aggregated from all related platforms/sections)
       ✓ Found match! Arrives at: 2025-10-20 11:27 (travel: 10min)
    🔍 Looking for train S 9071 at Berlin-Adlershof
       Departing at: 2025-10-20 11:17
       Checking 370 arrivals (aggregated from all related platforms/sections)
       ✓ Found match! Arrives at: 2025-10-20 11:38 (travel: 21min)
    🔍 Looking for train S 9071 at Schönefeld(bei Berlin)
       Departing at: 2025-10-20 11:17
       Checking 168 arrivals (aggregated from all related platforms/sections)
       ✓ Found match! Arrives at: 2025-10-20 11:48 (travel: 31min)
    🔍 Looking for train S 7551 at Berlin Warschauer Straße
       Departing at: 2025-10-20 11:59
       Checking 530 arrivals (aggregated from all related platforms/sections)
       ✗ Time diff out of range: 2min
       ✗ No matching arrival found
       Sample of available trains:
         - S 9027 at 2510200359
         - S 9025 at 2510200339
         - S 9023 at 2510200326
    🔍 Looking for train S 7551 at Berlin Ostkreuz (S)
       Departing at: 2025-10-20 11:59
       Checking 0 arrivals (aggregated from all related platforms/sections)
       ✗ No matching arrival found
       ⚠️  NO S-Bahn arrivals found within 30 minutes of departure
    🔍 Looking for train S 5554 at Berlin Friedrichstraße (S)
       Departing at: 2025-10-20 11:13
       Checking 884 arrivals (aggregated from all related platforms/sections)
       ✓ Found match! Arrives at: 2025-10-20 11:21 (travel: 8min)
    🔍 Looking for train S 5554 at Berlin Westkreuz
       Departing at: 2025-10-20 11:13
       Checking 0 arrivals (aggregated from all related platforms/sections)
       ✗ No matching arrival found
       ⚠️  NO S-Bahn arrivals found within 30 minutes of departure
    🔍 Looking for train S 7086 at Berlin Friedrichstraße (S)
       Departing at: 2025-10-20 11:46
       Checking 884 arrivals (aggregated from all related platforms/sections)
       ✓ Found match! Arrives at: 2025-10-20 11:53 (travel: 7min)
    🔍 Looking for train S 7086 at Berlin Westkreuz
       Departing at: 2025-10-20 11:46
       Checking 0 arrivals (aggregated from all related platforms/sections)
       ✗ No matching arrival found
       ⚠️  NO S-Bahn arrivals found within 30 minutes of departure
    🔍 Looking for train S 7086 at Berlin-Nikolassee
       Departing at: 2025-10-20 11:46
       Checking 274 arrivals (aggregated from all related platforms/sections)
       ✓ Found match! Arrives at: 2025-10-20 12:20 (travel: 34min)
    🔍 Looking for train S 5068 at Berlin Friedrichstraße (S)
       Departing at: 2025-10-20 11:43
       Checking 884 arrivals (aggregated from all related platforms/sections)
       ✓ Found match! Arrives at: 2025-10-20 11:51 (travel: 8min)
    🔍 Looking for train S 5068 at Berlin Westkreuz
       Departing at: 2025-10-20 11:43
       Checking 0 arrivals (aggregated from all related platforms/sections)
       ✗ No matching arrival found
       ⚠️  NO S-Bahn arrivals found within 30 minutes of departure
    🔍 Looking for train S 5557 at Berlin Warschauer Straße
       Departing at: 2025-10-20 11:42
       Checking 530 arrivals (aggregated from all related platforms/sections)
       ✗ Time diff out of range: 2min
       ✗ No matching arrival found
       Sample of available trains:
         - S 9027 at 2510200359
         - S 9025 at 2510200339
         - S 9023 at 2510200326
    🔍 Looking for train S 5557 at Berlin Ostkreuz (S)
       Departing at: 2025-10-20 11:42
       Checking 0 arrivals (aggregated from all related platforms/sections)
       ✗ No matching arrival found
       ⚠️  NO S-Bahn arrivals found within 30 minutes of departure
    🔍 Looking for train S 7552 at Berlin Friedrichstraße (S)
       Departing at: 2025-10-20 11:36
       Checking 884 arrivals (aggregated from all related platforms/sections)
       ✓ Found match! Arrives at: 2025-10-20 11:43 (travel: 7min)
    🔍 Looking for train S 7552 at Berlin Westkreuz
       Departing at: 2025-10-20 11:36
       Checking 0 arrivals (aggregated from all related platforms/sections)
       ✗ No matching arrival found
       ⚠️  NO S-Bahn arrivals found within 30 minutes of departure
    🔍 Looking for train S 7552 at Berlin-Nikolassee
       Departing at: 2025-10-20 11:36
       Checking 274 arrivals (aggregated from all related platforms/sections)
       ✓ Found match! Arrives at: 2025-10-20 12:10 (travel: 34min)
    🔍 Looking for train S 3090 at Berlin Friedrichstraße (S)
       Departing at: 2025-10-20 11:38
       Checking 884 arrivals (aggregated from all related platforms/sections)
       ✓ Found match! Arrives at: 2025-10-20 11:46 (travel: 8min)
    🔍 Looking for train S 3090 at Berlin Westkreuz
       Departing at: 2025-10-20 11:38
       Checking 0 arrivals (aggregated from all related platforms/sections)
       ✗ No matching arrival found
       ⚠️  NO S-Bahn arrivals found within 30 minutes of departure
    🔍 Looking for train S 3090 at Berlin Messe Süd (Eichkamp)
       Departing at: 2025-10-20 11:38
       Checking 0 arrivals (aggregated from all related platforms/sections)
       ✗ No matching arrival found
    🔍 Looking for train S 3090 at Berlin Olympiastadion
       Departing at: 2025-10-20 11:38
       Checking 0 arrivals (aggregated from all related platforms/sections)
       ✗ No matching arrival found
    🔍 Looking for train S 3090 at Berlin-Spandau (S)
       Departing at: 2025-10-20 11:38
       Checking 0 arrivals (aggregated from all related platforms/sections)
       ✗ No matching arrival found
    🔍 Looking for train S 5553 at Berlin Warschauer Straße
       Departing at: 2025-10-20 11:02
       Checking 530 arrivals (aggregated from all related platforms/sections)
       ✗ Time diff out of range: 2min
       ✗ No matching arrival found
       Sample of available trains:
         - S 9027 at 2510200359
         - S 9025 at 2510200339
         - S 9023 at 2510200326
    🔍 Looking for train S 5553 at Berlin Ostkreuz (S)
       Departing at: 2025-10-20 11:02
       Checking 0 arrivals (aggregated from all related platforms/sections)
       ✗ No matching arrival found
       ⚠️  NO S-Bahn arrivals found within 30 minutes of departure
    🔍 Looking for train S 9074 at Berlin Friedrichstraße (S)
       Departing at: 2025-10-20 11:48
       Checking 884 arrivals (aggregated from all related platforms/sections)
       ✓ Found match! Arrives at: 2025-10-20 11:56 (travel: 8min)
    🔍 Looking for train S 9074 at Berlin Westkreuz
       Departing at: 2025-10-20 11:48
       Checking 0 arrivals (aggregated from all related platforms/sections)
       ✗ No matching arrival found
       ⚠️  NO S-Bahn arrivals found within 30 minutes of departure
    🔍 Looking for train S 9074 at Berlin Messe Süd (Eichkamp)
       Departing at: 2025-10-20 11:48
       Checking 0 arrivals (aggregated from all related platforms/sections)
       ✗ No matching arrival found
    🔍 Looking for train S 9074 at Berlin Olympiastadion
       Departing at: 2025-10-20 11:48
       Checking 0 arrivals (aggregated from all related platforms/sections)
       ✗ No matching arrival found
    🔍 Looking for train S 9074 at Berlin-Spandau (S)
       Departing at: 2025-10-20 11:48
       Checking 0 arrivals (aggregated from all related platforms/sections)
       ✗ No matching arrival found
    🔍 Looking for train S 7549 at Berlin Warschauer Straße
       Departing at: 2025-10-20 11:39
       Checking 530 arrivals (aggregated from all related platforms/sections)
       ✗ Time diff out of range: 2min
       ✗ No matching arrival found
       Sample of available trains:
         - S 9027 at 2510200359
         - S 9025 at 2510200339
         - S 9023 at 2510200326
    🔍 Looking for train S 7549 at Berlin Ostkreuz (S)
       Departing at: 2025-10-20 11:39
       Checking 0 arrivals (aggregated from all related platforms/sections)
       ✗ No matching arrival found
       ⚠️  NO S-Bahn arrivals found within 30 minutes of departure
    🔍 Looking for train S 7554 at Berlin Friedrichstraße (S)
       Departing at: 2025-10-20 11:56
       Checking 884 arrivals (aggregated from all related platforms/sections)
       ✓ Found match! Arrives at: 2025-10-20 12:03 (travel: 7min)
    🔍 Looking for train S 7554 at Berlin Westkreuz
       Departing at: 2025-10-20 11:56
       Checking 0 arrivals (aggregated from all related platforms/sections)
       ✗ No matching arrival found
       ⚠️  NO S-Bahn arrivals found within 30 minutes of departure
    🔍 Looking for train S 7554 at Berlin-Nikolassee
       Departing at: 2025-10-20 11:56
       Checking 274 arrivals (aggregated from all related platforms/sections)
       ✓ Found match! Arrives at: 2025-10-20 12:30 (travel: 34min)
    🔍 Looking for train S 9070 at Berlin Friedrichstraße (S)
       Departing at: 2025-10-20 11:08
       Checking 884 arrivals (aggregated from all related platforms/sections)
       ✓ Found match! Arrives at: 2025-10-20 11:16 (travel: 8min)
    🔍 Looking for train S 9070 at Berlin Westkreuz
       Departing at: 2025-10-20 11:08
       Checking 0 arrivals (aggregated from all related platforms/sections)
       ✗ No matching arrival found
       ⚠️  NO S-Bahn arrivals found within 30 minutes of departure
    🔍 Looking for train S 9070 at Berlin Messe Süd (Eichkamp)
       Departing at: 2025-10-20 11:08
       Checking 0 arrivals (aggregated from all related platforms/sections)
       ✗ No matching arrival found
    🔍 Looking for train S 9070 at Berlin Olympiastadion
       Departing at: 2025-10-20 11:08
       Checking 0 arrivals (aggregated from all related platforms/sections)
       ✗ No matching arrival found
    🔍 Looking for train S 9070 at Berlin-Spandau (S)
       Departing at: 2025-10-20 11:08
       Checking 0 arrivals (aggregated from all related platforms/sections)
       ✗ No matching arrival found
    🔍 Looking for train S 7084 at Berlin Friedrichstraße (S)
       Departing at: 2025-10-20 11:26
       Checking 884 arrivals (aggregated from all related platforms/sections)
       ✓ Found match! Arrives at: 2025-10-20 11:33 (travel: 7min)
    🔍 Looking for train S 7084 at Berlin Westkreuz
       Departing at: 2025-10-20 11:26
       Checking 0 arrivals (aggregated from all related platforms/sections)
       ✗ No matching arrival found
       ⚠️  NO S-Bahn arrivals found within 30 minutes of departure
    🔍 Looking for train S 7084 at Berlin-Nikolassee
       Departing at: 2025-10-20 11:26
       Checking 274 arrivals (aggregated from all related platforms/sections)
       ✓ Found match! Arrives at: 2025-10-20 12:00 (travel: 34min)
    🔍 Looking for train S 7547 at Berlin Warschauer Straße
       Departing at: 2025-10-20 11:19
       Checking 530 arrivals (aggregated from all related platforms/sections)
       ✗ Time diff out of range: 2min
       ✗ No matching arrival found
       Sample of available trains:
         - S 9027 at 2510200359
         - S 9025 at 2510200339
         - S 9023 at 2510200326
    🔍 Looking for train S 7547 at Berlin Ostkreuz (S)
       Departing at: 2025-10-20 11:19
       Checking 0 arrivals (aggregated from all related platforms/sections)
       ✗ No matching arrival found
       ⚠️  NO S-Bahn arrivals found within 30 minutes of departure
    🔍 Looking for train S 7083 at Berlin Warschauer Straße
       Departing at: 2025-10-20 11:29
       Checking 530 arrivals (aggregated from all related platforms/sections)
       ✗ Time diff out of range: 2min
       ✗ No matching arrival found
       Sample of available trains:
         - S 9027 at 2510200359
         - S 9025 at 2510200339
         - S 9023 at 2510200326
    🔍 Looking for train S 7083 at Berlin Ostkreuz (S)
       Departing at: 2025-10-20 11:29
       Checking 0 arrivals (aggregated from all related platforms/sections)
       ✗ No matching arrival found
       ⚠️  NO S-Bahn arrivals found within 30 minutes of departure
    🔍 Looking for train S 7083 at Berlin-Friedrichsfelde Ost
       Departing at: 2025-10-20 11:29
       Checking 0 arrivals (aggregated from all related platforms/sections)
       ✗ No matching arrival found
    🔍 Looking for train S 3559 at Berlin Warschauer Straße
       Departing at: 2025-10-20 11:37
       Checking 530 arrivals (aggregated from all related platforms/sections)
       ✗ Time diff out of range: 2min
       ✗ No matching arrival found
       Sample of available trains:
         - S 9027 at 2510200359
         - S 9025 at 2510200339
         - S 9023 at 2510200326
    🔍 Looking for train S 3559 at Berlin Ostkreuz (S)
       Departing at: 2025-10-20 11:37
       Checking 0 arrivals (aggregated from all related platforms/sections)
       ✗ No matching arrival found
       ⚠️  NO S-Bahn arrivals found within 30 minutes of departure
    🔍 Looking for train S 3559 at Berlin-Karlshorst (S)
       Departing at: 2025-10-20 11:37
       Checking 0 arrivals (aggregated from all related platforms/sections)
       ✗ No matching arrival found
    🔍 Looking for train S 3559 at Berlin-Köpenick
       Departing at: 2025-10-20 11:37
       Checking 139 arrivals (aggregated from all related platforms/sections)
       ✓ Found match! Arrives at: 2025-10-20 11:54 (travel: 17min)
    🔍 Looking for train S 3559 at Berlin-Friedrichshagen
       Departing at: 2025-10-20 11:37
       Checking 139 arrivals (aggregated from all related platforms/sections)
       ✓ Found match! Arrives at: 2025-10-20 11:59 (travel: 22min)
    🔍 Looking for train S 5071 at Berlin Warschauer Straße
       Departing at: 2025-10-20 11:32
       Checking 530 arrivals (aggregated from all related platforms/sections)
       ✗ Time diff out of range: 2min
       ✗ No matching arrival found
       Sample of available trains:
         - S 9027 at 2510200359
         - S 9025 at 2510200339
         - S 9023 at 2510200326
    🔍 Looking for train S 5071 at Berlin Ostkreuz (S)
       Departing at: 2025-10-20 11:32
       Checking 0 arrivals (aggregated from all related platforms/sections)
       ✗ No matching arrival found
       ⚠️  NO S-Bahn arrivals found within 30 minutes of departure
    🔍 Looking for train S 5071 at Berlin-Friedrichsfelde Ost
       Departing at: 2025-10-20 11:32
       Checking 0 arrivals (aggregated from all related platforms/sections)
       ✗ No matching arrival found
    🔍 Looking for train S 5066 at Berlin Friedrichstraße (S)
       Departing at: 2025-10-20 11:23
       Checking 884 arrivals (aggregated from all related platforms/sections)
       ✓ Found match! Arrives at: 2025-10-20 11:31 (travel: 8min)
    🔍 Looking for train S 5066 at Berlin Westkreuz
       Departing at: 2025-10-20 11:23
       Checking 0 arrivals (aggregated from all related platforms/sections)
       ✗ No matching arrival found
       ⚠️  NO S-Bahn arrivals found within 30 minutes of departure
    🔍 Looking for train S 9073 at Berlin Warschauer Straße
       Departing at: 2025-10-20 11:37
       Checking 530 arrivals (aggregated from all related platforms/sections)
       ✗ Time diff out of range: 2min
       ✗ No matching arrival found
       Sample of available trains:
         - S 9027 at 2510200359
         - S 9025 at 2510200339
         - S 9023 at 2510200326
    🔍 Looking for train S 9073 at Berlin Treptower Park
       Departing at: 2025-10-20 11:37
       Checking 463 arrivals (aggregated from all related platforms/sections)
       ✓ Found match! Arrives at: 2025-10-20 11:42 (travel: 5min)
    🔍 Looking for train S 9073 at Berlin Baumschulenweg
       Departing at: 2025-10-20 11:37
       Checking 421 arrivals (aggregated from all related platforms/sections)
       ✓ Found match! Arrives at: 2025-10-20 11:47 (travel: 10min)
    🔍 Looking for train S 9073 at Berlin-Adlershof
       Departing at: 2025-10-20 11:37
       Checking 370 arrivals (aggregated from all related platforms/sections)
       ✓ Found match! Arrives at: 2025-10-20 11:58 (travel: 21min)
    🔍 Looking for train S 9073 at Schönefeld(bei Berlin)
       Departing at: 2025-10-20 11:37
       Checking 168 arrivals (aggregated from all related platforms/sections)
       ✓ Found match! Arrives at: 2025-10-20 12:08 (travel: 31min)
    🔍 Looking for train S 9075 at Berlin Warschauer Straße
       Departing at: 2025-10-20 11:57
       Checking 530 arrivals (aggregated from all related platforms/sections)
       ✗ Time diff out of range: 2min
       ✗ No matching arrival found
       Sample of available trains:
         - S 9027 at 2510200359
         - S 9025 at 2510200339
         - S 9023 at 2510200326
    🔍 Looking for train S 9075 at Berlin Treptower Park
       Departing at: 2025-10-20 11:57
       Checking 463 arrivals (aggregated from all related platforms/sections)
       ✓ Found match! Arrives at: 2025-10-20 12:02 (travel: 5min)
    🔍 Looking for train S 9075 at Berlin Baumschulenweg
       Departing at: 2025-10-20 11:57
       Checking 421 arrivals (aggregated from all related platforms/sections)
       ✓ Found match! Arrives at: 2025-10-20 12:07 (travel: 10min)
    🔍 Looking for train S 9075 at Berlin-Adlershof
       Departing at: 2025-10-20 11:57
       Checking 370 arrivals (aggregated from all related platforms/sections)
       ✓ Found match! Arrives at: 2025-10-20 12:18 (travel: 21min)
    🔍 Looking for train S 9075 at Schönefeld(bei Berlin)
       Departing at: 2025-10-20 11:57
       Checking 168 arrivals (aggregated from all related platforms/sections)
       ✓ Found match! Arrives at: 2025-10-20 12:28 (travel: 31min)
    🔍 Looking for train S 5558 at Berlin Friedrichstraße (S)
       Departing at: 2025-10-20 11:53
       Checking 884 arrivals (aggregated from all related platforms/sections)
       ✓ Found match! Arrives at: 2025-10-20 12:01 (travel: 8min)
    🔍 Looking for train S 5558 at Berlin Westkreuz
       Departing at: 2025-10-20 11:53
       Checking 0 arrivals (aggregated from all related platforms/sections)
       ✗ No matching arrival found
       ⚠️  NO S-Bahn arrivals found within 30 minutes of departure
    🔍 Looking for train S 5556 at Berlin Friedrichstraße (S)
       Departing at: 2025-10-20 11:33
       Checking 884 arrivals (aggregated from all related platforms/sections)
       ✓ Found match! Arrives at: 2025-10-20 11:41 (travel: 8min)
    🔍 Looking for train S 5556 at Berlin Westkreuz
       Departing at: 2025-10-20 11:33
       Checking 0 arrivals (aggregated from all related platforms/sections)
       ✗ No matching arrival found
       ⚠️  NO S-Bahn arrivals found within 30 minutes of departure
    🔍 Looking for train S 5563 at Berlin Warschauer Straße
       Departing at: 2025-10-20 12:42
       Checking 530 arrivals (aggregated from all related platforms/sections)
       ✗ Time diff out of range: 2min
       ✗ No matching arrival found
       Sample of available trains:
         - S 9027 at 2510200359
         - S 9025 at 2510200339
         - S 9023 at 2510200326
    🔍 Looking for train S 5563 at Berlin Ostkreuz (S)
       Departing at: 2025-10-20 12:42
       Checking 0 arrivals (aggregated from all related platforms/sections)
       ✗ No matching arrival found
       ⚠️  NO S-Bahn arrivals found within 30 minutes of departure
    🔍 Looking for train S 7560 at Berlin Friedrichstraße (S)
       Departing at: 2025-10-20 12:56
       Checking 884 arrivals (aggregated from all related platforms/sections)
       ✓ Found match! Arrives at: 2025-10-20 13:03 (travel: 7min)
    🔍 Looking for train S 7560 at Berlin Westkreuz
       Departing at: 2025-10-20 12:56
       Checking 0 arrivals (aggregated from all related platforms/sections)
       ✗ No matching arrival found
       ⚠️  NO S-Bahn arrivals found within 30 minutes of departure
    🔍 Looking for train S 7560 at Berlin-Nikolassee
       Departing at: 2025-10-20 12:56
       Checking 274 arrivals (aggregated from all related platforms/sections)
       ✓ Found match! Arrives at: 2025-10-20 13:30 (travel: 34min)
    🔍 Looking for train S 9079 at Berlin Warschauer Straße
       Departing at: 2025-10-20 12:37
       Checking 530 arrivals (aggregated from all related platforms/sections)
       ✗ Time diff out of range: 2min
       ✗ No matching arrival found
       Sample of available trains:
         - S 9027 at 2510200359
         - S 9025 at 2510200339
         - S 9023 at 2510200326
    🔍 Looking for train S 9079 at Berlin Treptower Park
       Departing at: 2025-10-20 12:37
       Checking 463 arrivals (aggregated from all related platforms/sections)
       ✓ Found match! Arrives at: 2025-10-20 12:42 (travel: 5min)
    🔍 Looking for train S 9079 at Berlin Baumschulenweg
       Departing at: 2025-10-20 12:37
       Checking 421 arrivals (aggregated from all related platforms/sections)
       ✓ Found match! Arrives at: 2025-10-20 12:47 (travel: 10min)
    🔍 Looking for train S 9079 at Berlin-Adlershof
       Departing at: 2025-10-20 12:37
       Checking 370 arrivals (aggregated from all related platforms/sections)
       ✓ Found match! Arrives at: 2025-10-20 12:58 (travel: 21min)
    🔍 Looking for train S 9079 at Schönefeld(bei Berlin)
       Departing at: 2025-10-20 12:37
       Checking 168 arrivals (aggregated from all related platforms/sections)
       ✓ Found match! Arrives at: 2025-10-20 13:08 (travel: 31min)
    🔍 Looking for train S 3096 at Berlin Friedrichstraße (S)
       Departing at: 2025-10-20 12:38
       Checking 884 arrivals (aggregated from all related platforms/sections)
       ✓ Found match! Arrives at: 2025-10-20 12:46 (travel: 8min)
    🔍 Looking for train S 3096 at Berlin Westkreuz
       Departing at: 2025-10-20 12:38
       Checking 0 arrivals (aggregated from all related platforms/sections)
       ✗ No matching arrival found
       ⚠️  NO S-Bahn arrivals found within 30 minutes of departure
    🔍 Looking for train S 3096 at Berlin Messe Süd (Eichkamp)
       Departing at: 2025-10-20 12:38
       Checking 0 arrivals (aggregated from all related platforms/sections)
       ✗ No matching arrival found
    🔍 Looking for train S 3096 at Berlin Olympiastadion
       Departing at: 2025-10-20 12:38
       Checking 0 arrivals (aggregated from all related platforms/sections)
       ✗ No matching arrival found
    🔍 Looking for train S 3096 at Berlin-Spandau (S)
       Departing at: 2025-10-20 12:38
       Checking 0 arrivals (aggregated from all related platforms/sections)
       ✗ No matching arrival found
    🔍 Looking for train S 3567 at Berlin Warschauer Straße
       Departing at: 2025-10-20 12:57
       Checking 530 arrivals (aggregated from all related platforms/sections)
       ✗ Time diff out of range: 2min
       ✗ No matching arrival found
       Sample of available trains:
         - S 9027 at 2510200359
         - S 9025 at 2510200339
         - S 9023 at 2510200326
    🔍 Looking for train S 3567 at Berlin Ostkreuz (S)
       Departing at: 2025-10-20 12:57
       Checking 0 arrivals (aggregated from all related platforms/sections)
       ✗ No matching arrival found
       ⚠️  NO S-Bahn arrivals found within 30 minutes of departure
    🔍 Looking for train S 3567 at Berlin-Karlshorst (S)
       Departing at: 2025-10-20 12:57
       Checking 0 arrivals (aggregated from all related platforms/sections)
       ✗ No matching arrival found
    🔍 Looking for train S 3567 at Berlin-Köpenick
       Departing at: 2025-10-20 12:57
       Checking 139 arrivals (aggregated from all related platforms/sections)
       ✓ Found match! Arrives at: 2025-10-20 13:14 (travel: 17min)
    🔍 Looking for train S 3567 at Berlin-Friedrichshagen
       Departing at: 2025-10-20 12:57
       Checking 139 arrivals (aggregated from all related platforms/sections)
       ✓ Found match! Arrives at: 2025-10-20 13:19 (travel: 22min)
    🔍 Looking for train S 7557 at Berlin Warschauer Straße
       Departing at: 2025-10-20 12:59
       Checking 530 arrivals (aggregated from all related platforms/sections)
       ✗ Time diff out of range: 2min
       ✗ No matching arrival found
       Sample of available trains:
         - S 9027 at 2510200359
         - S 9025 at 2510200339
         - S 9023 at 2510200326
    🔍 Looking for train S 7557 at Berlin Ostkreuz (S)
       Departing at: 2025-10-20 12:59
       Checking 0 arrivals (aggregated from all related platforms/sections)
       ✗ No matching arrival found
       ⚠️  NO S-Bahn arrivals found within 30 minutes of departure
    🔍 Looking for train S 7558 at Berlin Friedrichstraße (S)
       Departing at: 2025-10-20 12:36
       Checking 884 arrivals (aggregated from all related platforms/sections)
       ✓ Found match! Arrives at: 2025-10-20 12:43 (travel: 7min)
    🔍 Looking for train S 7558 at Berlin Westkreuz
       Departing at: 2025-10-20 12:36
       Checking 0 arrivals (aggregated from all related platforms/sections)
       ✗ No matching arrival found
       ⚠️  NO S-Bahn arrivals found within 30 minutes of departure
    🔍 Looking for train S 7558 at Berlin-Nikolassee
       Departing at: 2025-10-20 12:36
       Checking 274 arrivals (aggregated from all related platforms/sections)
       ✓ Found match! Arrives at: 2025-10-20 13:10 (travel: 34min)
    🔍 Looking for train S 5070 at Berlin Friedrichstraße (S)
       Departing at: 2025-10-20 12:03
       Checking 884 arrivals (aggregated from all related platforms/sections)
       ✓ Found match! Arrives at: 2025-10-20 12:11 (travel: 8min)
    🔍 Looking for train S 5070 at Berlin Westkreuz
       Departing at: 2025-10-20 12:03
       Checking 0 arrivals (aggregated from all related platforms/sections)
       ✗ No matching arrival found
       ⚠️  NO S-Bahn arrivals found within 30 minutes of departure
    🔍 Looking for train S 5559 at Berlin Warschauer Straße
       Departing at: 2025-10-20 12:02
       Checking 530 arrivals (aggregated from all related platforms/sections)
       ✗ Time diff out of range: 2min
       ✗ No matching arrival found
       Sample of available trains:
         - S 9027 at 2510200359
         - S 9025 at 2510200339
         - S 9023 at 2510200326
    🔍 Looking for train S 5559 at Berlin Ostkreuz (S)
       Departing at: 2025-10-20 12:02
       Checking 0 arrivals (aggregated from all related platforms/sections)
       ✗ No matching arrival found
       ⚠️  NO S-Bahn arrivals found within 30 minutes of departure
    🔍 Looking for train S 5072 at Berlin Friedrichstraße (S)
       Departing at: 2025-10-20 12:23
       Checking 884 arrivals (aggregated from all related platforms/sections)
       ✓ Found match! Arrives at: 2025-10-20 12:31 (travel: 8min)
    🔍 Looking for train S 5072 at Berlin Westkreuz
       Departing at: 2025-10-20 12:23
       Checking 0 arrivals (aggregated from all related platforms/sections)
       ✗ No matching arrival found
       ⚠️  NO S-Bahn arrivals found within 30 minutes of departure
    🔍 Looking for train S 3093 at Berlin Warschauer Straße
       Departing at: 2025-10-20 12:07
       Checking 530 arrivals (aggregated from all related platforms/sections)
       ✗ Time diff out of range: 2min
       ✗ No matching arrival found
       Sample of available trains:
         - S 9027 at 2510200359
         - S 9025 at 2510200339
         - S 9023 at 2510200326
    🔍 Looking for train S 3093 at Berlin Ostkreuz (S)
       Departing at: 2025-10-20 12:07
       Checking 0 arrivals (aggregated from all related platforms/sections)
       ✗ No matching arrival found
       ⚠️  NO S-Bahn arrivals found within 30 minutes of departure
    🔍 Looking for train S 3093 at Berlin-Karlshorst (S)
       Departing at: 2025-10-20 12:07
       Checking 0 arrivals (aggregated from all related platforms/sections)
       ✗ No matching arrival found
    🔍 Looking for train S 3093 at Berlin-Köpenick
       Departing at: 2025-10-20 12:07
       Checking 139 arrivals (aggregated from all related platforms/sections)
       ✓ Found match! Arrives at: 2025-10-20 12:24 (travel: 17min)
    🔍 Looking for train S 3093 at Berlin-Friedrichshagen
       Departing at: 2025-10-20 12:07
       Checking 139 arrivals (aggregated from all related platforms/sections)
       ✓ Found match! Arrives at: 2025-10-20 12:29 (travel: 22min)
    🔍 Looking for train S 7553 at Berlin Warschauer Straße
       Departing at: 2025-10-20 12:19
       Checking 530 arrivals (aggregated from all related platforms/sections)
       ✗ Time diff out of range: 2min
       ✗ No matching arrival found
       Sample of available trains:
         - S 9027 at 2510200359
         - S 9025 at 2510200339
         - S 9023 at 2510200326
    🔍 Looking for train S 7553 at Berlin Ostkreuz (S)
       Departing at: 2025-10-20 12:19
       Checking 0 arrivals (aggregated from all related platforms/sections)
       ✗ No matching arrival found
       ⚠️  NO S-Bahn arrivals found within 30 minutes of departure
    🔍 Looking for train S 3095 at Berlin Warschauer Straße
       Departing at: 2025-10-20 12:27
       Checking 530 arrivals (aggregated from all related platforms/sections)
       ✗ Time diff out of range: 2min
       ✗ No matching arrival found
       Sample of available trains:
         - S 9027 at 2510200359
         - S 9025 at 2510200339
         - S 9023 at 2510200326
    🔍 Looking for train S 3095 at Berlin Ostkreuz (S)
       Departing at: 2025-10-20 12:27
       Checking 0 arrivals (aggregated from all related platforms/sections)
       ✗ No matching arrival found
       ⚠️  NO S-Bahn arrivals found within 30 minutes of departure
    🔍 Looking for train S 3095 at Berlin-Karlshorst (S)
       Departing at: 2025-10-20 12:27
       Checking 0 arrivals (aggregated from all related platforms/sections)
       ✗ No matching arrival found
    🔍 Looking for train S 3095 at Berlin-Köpenick
       Departing at: 2025-10-20 12:27
       Checking 139 arrivals (aggregated from all related platforms/sections)
       ✓ Found match! Arrives at: 2025-10-20 12:44 (travel: 17min)
    🔍 Looking for train S 3095 at Berlin-Friedrichshagen
       Departing at: 2025-10-20 12:27
       Checking 139 arrivals (aggregated from all related platforms/sections)
       ✓ Found match! Arrives at: 2025-10-20 12:49 (travel: 22min)
    🔍 Looking for train S 7087 at Berlin Warschauer Straße
       Departing at: 2025-10-20 12:09
       Checking 530 arrivals (aggregated from all related platforms/sections)
       ✗ Time diff out of range: 2min
       ✗ No matching arrival found
       Sample of available trains:
         - S 9027 at 2510200359
         - S 9025 at 2510200339
         - S 9023 at 2510200326
    🔍 Looking for train S 7087 at Berlin Ostkreuz (S)
       Departing at: 2025-10-20 12:09
       Checking 0 arrivals (aggregated from all related platforms/sections)
       ✗ No matching arrival found
       ⚠️  NO S-Bahn arrivals found within 30 minutes of departure
    🔍 Looking for train S 7087 at Berlin-Friedrichsfelde Ost
       Departing at: 2025-10-20 12:09
       Checking 0 arrivals (aggregated from all related platforms/sections)
       ✗ No matching arrival found
    🔍 Looking for train S 3094 at Berlin Friedrichstraße (S)
       Departing at: 2025-10-20 12:18
       Checking 884 arrivals (aggregated from all related platforms/sections)
       ✓ Found match! Arrives at: 2025-10-20 12:26 (travel: 8min)
    🔍 Looking for train S 3094 at Berlin Westkreuz
       Departing at: 2025-10-20 12:18
       Checking 0 arrivals (aggregated from all related platforms/sections)
       ✗ No matching arrival found
       ⚠️  NO S-Bahn arrivals found within 30 minutes of departure
    🔍 Looking for train S 3094 at Berlin Messe Süd (Eichkamp)
       Departing at: 2025-10-20 12:18
       Checking 0 arrivals (aggregated from all related platforms/sections)
       ✗ No matching arrival found
    🔍 Looking for train S 3094 at Berlin Olympiastadion
       Departing at: 2025-10-20 12:18
       Checking 0 arrivals (aggregated from all related platforms/sections)
       ✗ No matching arrival found
    🔍 Looking for train S 3094 at Berlin-Spandau (S)
       Departing at: 2025-10-20 12:18
       Checking 0 arrivals (aggregated from all related platforms/sections)
       ✗ No matching arrival found
    🔍 Looking for train S 5560 at Berlin Friedrichstraße (S)
       Departing at: 2025-10-20 12:13
       Checking 884 arrivals (aggregated from all related platforms/sections)
       ✓ Found match! Arrives at: 2025-10-20 12:21 (travel: 8min)
    🔍 Looking for train S 5560 at Berlin Westkreuz
       Departing at: 2025-10-20 12:13
       Checking 0 arrivals (aggregated from all related platforms/sections)
       ✗ No matching arrival found
       ⚠️  NO S-Bahn arrivals found within 30 minutes of departure
    🔍 Looking for train S 5074 at Berlin Friedrichstraße (S)
       Departing at: 2025-10-20 12:43
       Checking 884 arrivals (aggregated from all related platforms/sections)
       ✓ Found match! Arrives at: 2025-10-20 12:51 (travel: 8min)
    🔍 Looking for train S 5074 at Berlin Westkreuz
       Departing at: 2025-10-20 12:43
       Checking 0 arrivals (aggregated from all related platforms/sections)
       ✗ No matching arrival found
       ⚠️  NO S-Bahn arrivals found within 30 minutes of departure
    🔍 Looking for train S 5561 at Berlin Warschauer Straße
       Departing at: 2025-10-20 12:22
       Checking 530 arrivals (aggregated from all related platforms/sections)
       ✗ Time diff out of range: 2min
       ✗ No matching arrival found
       Sample of available trains:
         - S 9027 at 2510200359
         - S 9025 at 2510200339
         - S 9023 at 2510200326
    🔍 Looking for train S 5561 at Berlin Ostkreuz (S)
       Departing at: 2025-10-20 12:22
       Checking 0 arrivals (aggregated from all related platforms/sections)
       ✗ No matching arrival found
       ⚠️  NO S-Bahn arrivals found within 30 minutes of departure
    🔍 Looking for train S 7091 at Berlin Warschauer Straße
       Departing at: 2025-10-20 12:49
       Checking 530 arrivals (aggregated from all related platforms/sections)
       ✗ Time diff out of range: 2min
       ✗ No matching arrival found
       Sample of available trains:
         - S 9027 at 2510200359
         - S 9025 at 2510200339
         - S 9023 at 2510200326
    🔍 Looking for train S 7091 at Berlin Ostkreuz (S)
       Departing at: 2025-10-20 12:49
       Checking 0 arrivals (aggregated from all related platforms/sections)
       ✗ No matching arrival found
       ⚠️  NO S-Bahn arrivals found within 30 minutes of departure
    🔍 Looking for train S 7091 at Berlin-Friedrichsfelde Ost
       Departing at: 2025-10-20 12:49
       Checking 0 arrivals (aggregated from all related platforms/sections)
       ✗ No matching arrival found
    🔍 Looking for train S 5077 at Berlin Warschauer Straße
       Departing at: 2025-10-20 12:32
       Checking 530 arrivals (aggregated from all related platforms/sections)
       ✗ Time diff out of range: 2min
       ✗ No matching arrival found
       Sample of available trains:
         - S 9027 at 2510200359
         - S 9025 at 2510200339
         - S 9023 at 2510200326
    🔍 Looking for train S 5077 at Berlin Ostkreuz (S)
       Departing at: 2025-10-20 12:32
       Checking 0 arrivals (aggregated from all related platforms/sections)
       ✗ No matching arrival found
       ⚠️  NO S-Bahn arrivals found within 30 minutes of departure
    🔍 Looking for train S 5077 at Berlin-Friedrichsfelde Ost
       Departing at: 2025-10-20 12:32
       Checking 0 arrivals (aggregated from all related platforms/sections)
       ✗ No matching arrival found
    🔍 Looking for train S 7555 at Berlin Warschauer Straße
       Departing at: 2025-10-20 12:39
       Checking 530 arrivals (aggregated from all related platforms/sections)
       ✗ Time diff out of range: 2min
       ✗ No matching arrival found
       Sample of available trains:
         - S 9027 at 2510200359
         - S 9025 at 2510200339
         - S 9023 at 2510200326
    🔍 Looking for train S 7555 at Berlin Ostkreuz (S)
       Departing at: 2025-10-20 12:39
       Checking 0 arrivals (aggregated from all related platforms/sections)
       ✗ No matching arrival found
       ⚠️  NO S-Bahn arrivals found within 30 minutes of departure
    🔍 Looking for train S 3097 at Berlin Warschauer Straße
       Departing at: 2025-10-20 12:47
       Checking 530 arrivals (aggregated from all related platforms/sections)
       ✗ Time diff out of range: 2min
       ✗ No matching arrival found
       Sample of available trains:
         - S 9027 at 2510200359
         - S 9025 at 2510200339
         - S 9023 at 2510200326
    🔍 Looking for train S 3097 at Berlin Ostkreuz (S)
       Departing at: 2025-10-20 12:47
       Checking 0 arrivals (aggregated from all related platforms/sections)
       ✗ No matching arrival found
       ⚠️  NO S-Bahn arrivals found within 30 minutes of departure
    🔍 Looking for train S 3097 at Berlin-Karlshorst (S)
       Departing at: 2025-10-20 12:47
       Checking 0 arrivals (aggregated from all related platforms/sections)
       ✗ No matching arrival found
    🔍 Looking for train S 3097 at Berlin-Köpenick
       Departing at: 2025-10-20 12:47
       Checking 139 arrivals (aggregated from all related platforms/sections)
       ✓ Found match! Arrives at: 2025-10-20 13:04 (travel: 17min)
    🔍 Looking for train S 3097 at Berlin-Friedrichshagen
       Departing at: 2025-10-20 12:47
       Checking 139 arrivals (aggregated from all related platforms/sections)
       ✓ Found match! Arrives at: 2025-10-20 13:09 (travel: 22min)
    🔍 Looking for train S 9078 at Berlin Friedrichstraße (S)
       Departing at: 2025-10-20 12:28
       Checking 884 arrivals (aggregated from all related platforms/sections)
       ✓ Found match! Arrives at: 2025-10-20 12:36 (travel: 8min)
    🔍 Looking for train S 9078 at Berlin Westkreuz
       Departing at: 2025-10-20 12:28
       Checking 0 arrivals (aggregated from all related platforms/sections)
       ✗ No matching arrival found
       ⚠️  NO S-Bahn arrivals found within 30 minutes of departure
    🔍 Looking for train S 9078 at Berlin Messe Süd (Eichkamp)
       Departing at: 2025-10-20 12:28
       Checking 0 arrivals (aggregated from all related platforms/sections)
       ✗ No matching arrival found
    🔍 Looking for train S 9078 at Berlin Olympiastadion
       Departing at: 2025-10-20 12:28
       Checking 0 arrivals (aggregated from all related platforms/sections)
       ✗ No matching arrival found
    🔍 Looking for train S 9078 at Berlin-Spandau (S)
       Departing at: 2025-10-20 12:28
       Checking 0 arrivals (aggregated from all related platforms/sections)
       ✗ No matching arrival found
    🔍 Looking for train S 3563 at Berlin Warschauer Straße
       Departing at: 2025-10-20 12:17
       Checking 530 arrivals (aggregated from all related platforms/sections)
       ✗ Time diff out of range: 2min
       ✗ No matching arrival found
       Sample of available trains:
         - S 9027 at 2510200359
         - S 9025 at 2510200339
         - S 9023 at 2510200326
    🔍 Looking for train S 3563 at Berlin Ostkreuz (S)
       Departing at: 2025-10-20 12:17
       Checking 0 arrivals (aggregated from all related platforms/sections)
       ✗ No matching arrival found
       ⚠️  NO S-Bahn arrivals found within 30 minutes of departure
    🔍 Looking for train S 3563 at Berlin-Karlshorst (S)
       Departing at: 2025-10-20 12:17
       Checking 0 arrivals (aggregated from all related platforms/sections)
       ✗ No matching arrival found
    🔍 Looking for train S 3563 at Berlin-Köpenick
       Departing at: 2025-10-20 12:17
       Checking 139 arrivals (aggregated from all related platforms/sections)
       ✓ Found match! Arrives at: 2025-10-20 12:34 (travel: 17min)
    🔍 Looking for train S 3563 at Berlin-Friedrichshagen
       Departing at: 2025-10-20 12:17
       Checking 139 arrivals (aggregated from all related platforms/sections)
       ✓ Found match! Arrives at: 2025-10-20 12:39 (travel: 22min)
    🔍 Looking for train S 7556 at Berlin Friedrichstraße (S)
       Departing at: 2025-10-20 12:16
       Checking 884 arrivals (aggregated from all related platforms/sections)
       ✓ Found match! Arrives at: 2025-10-20 12:23 (travel: 7min)
    🔍 Looking for train S 7556 at Berlin Westkreuz
       Departing at: 2025-10-20 12:16
       Checking 0 arrivals (aggregated from all related platforms/sections)
       ✗ No matching arrival found
       ⚠️  NO S-Bahn arrivals found within 30 minutes of departure
    🔍 Looking for train S 7556 at Berlin-Nikolassee
       Departing at: 2025-10-20 12:16
       Checking 274 arrivals (aggregated from all related platforms/sections)
       ✓ Found match! Arrives at: 2025-10-20 12:50 (travel: 34min)
    🔍 Looking for train S 3098 at Berlin Friedrichstraße (S)
       Departing at: 2025-10-20 12:58
       Checking 884 arrivals (aggregated from all related platforms/sections)
       ✓ Found match! Arrives at: 2025-10-20 13:06 (travel: 8min)
    🔍 Looking for train S 3098 at Berlin Westkreuz
       Departing at: 2025-10-20 12:58
       Checking 0 arrivals (aggregated from all related platforms/sections)
       ✗ No matching arrival found
       ⚠️  NO S-Bahn arrivals found within 30 minutes of departure
    🔍 Looking for train S 3098 at Berlin Messe Süd (Eichkamp)
       Departing at: 2025-10-20 12:58
       Checking 0 arrivals (aggregated from all related platforms/sections)
       ✗ No matching arrival found
    🔍 Looking for train S 3098 at Berlin Olympiastadion
       Departing at: 2025-10-20 12:58
       Checking 0 arrivals (aggregated from all related platforms/sections)
       ✗ No matching arrival found
    🔍 Looking for train S 3098 at Berlin-Spandau (S)
       Departing at: 2025-10-20 12:58
       Checking 0 arrivals (aggregated from all related platforms/sections)
       ✗ No matching arrival found
    🔍 Looking for train S 7090 at Berlin Friedrichstraße (S)
       Departing at: 2025-10-20 12:26
       Checking 884 arrivals (aggregated from all related platforms/sections)
       ✓ Found match! Arrives at: 2025-10-20 12:33 (travel: 7min)
    🔍 Looking for train S 7090 at Berlin Westkreuz
       Departing at: 2025-10-20 12:26
       Checking 0 arrivals (aggregated from all related platforms/sections)
       ✗ No matching arrival found
       ⚠️  NO S-Bahn arrivals found within 30 minutes of departure
    🔍 Looking for train S 7090 at Berlin-Nikolassee
       Departing at: 2025-10-20 12:26
       Checking 274 arrivals (aggregated from all related platforms/sections)
       ✓ Found match! Arrives at: 2025-10-20 13:00 (travel: 34min)
    🔍 Looking for train S 7092 at Berlin Friedrichstraße (S)
       Departing at: 2025-10-20 12:46
       Checking 884 arrivals (aggregated from all related platforms/sections)
       ✓ Found match! Arrives at: 2025-10-20 12:53 (travel: 7min)
    🔍 Looking for train S 7092 at Berlin Westkreuz
       Departing at: 2025-10-20 12:46
       Checking 0 arrivals (aggregated from all related platforms/sections)
       ✗ No matching arrival found
       ⚠️  NO S-Bahn arrivals found within 30 minutes of departure
    🔍 Looking for train S 7092 at Berlin-Nikolassee
       Departing at: 2025-10-20 12:46
       Checking 274 arrivals (aggregated from all related platforms/sections)
       ✓ Found match! Arrives at: 2025-10-20 13:20 (travel: 34min)
    🔍 Looking for train S 7088 at Berlin Friedrichstraße (S)
       Departing at: 2025-10-20 12:06
       Checking 884 arrivals (aggregated from all related platforms/sections)
       ✓ Found match! Arrives at: 2025-10-20 12:13 (travel: 7min)
    🔍 Looking for train S 7088 at Berlin Westkreuz
       Departing at: 2025-10-20 12:06
       Checking 0 arrivals (aggregated from all related platforms/sections)
       ✗ No matching arrival found
       ⚠️  NO S-Bahn arrivals found within 30 minutes of departure
    🔍 Looking for train S 7088 at Berlin-Nikolassee
       Departing at: 2025-10-20 12:06
       Checking 274 arrivals (aggregated from all related platforms/sections)
       ✓ Found match! Arrives at: 2025-10-20 12:40 (travel: 34min)
    🔍 Looking for train S 7089 at Berlin Warschauer Straße
       Departing at: 2025-10-20 12:29
       Checking 530 arrivals (aggregated from all related platforms/sections)
       ✗ Time diff out of range: 2min
       ✗ No matching arrival found
       Sample of available trains:
         - S 9027 at 2510200359
         - S 9025 at 2510200339
         - S 9023 at 2510200326
    🔍 Looking for train S 7089 at Berlin Ostkreuz (S)
       Departing at: 2025-10-20 12:29
       Checking 0 arrivals (aggregated from all related platforms/sections)
       ✗ No matching arrival found
       ⚠️  NO S-Bahn arrivals found within 30 minutes of departure
    🔍 Looking for train S 7089 at Berlin-Friedrichsfelde Ost
       Departing at: 2025-10-20 12:29
       Checking 0 arrivals (aggregated from all related platforms/sections)
       ✗ No matching arrival found
    🔍 Looking for train S 5562 at Berlin Friedrichstraße (S)
       Departing at: 2025-10-20 12:33
       Checking 884 arrivals (aggregated from all related platforms/sections)
       ✓ Found match! Arrives at: 2025-10-20 12:41 (travel: 8min)
    🔍 Looking for train S 5562 at Berlin Westkreuz
       Departing at: 2025-10-20 12:33
       Checking 0 arrivals (aggregated from all related platforms/sections)
       ✗ No matching arrival found
       ⚠️  NO S-Bahn arrivals found within 30 minutes of departure
    🔍 Looking for train S 9081 at Berlin Warschauer Straße
       Departing at: 2025-10-20 12:57
       Checking 530 arrivals (aggregated from all related platforms/sections)
       ✗ Time diff out of range: 2min
       ✗ No matching arrival found
       Sample of available trains:
         - S 9027 at 2510200359
         - S 9025 at 2510200339
         - S 9023 at 2510200326
    🔍 Looking for train S 9081 at Berlin Treptower Park
       Departing at: 2025-10-20 12:57
       Checking 463 arrivals (aggregated from all related platforms/sections)
       ✓ Found match! Arrives at: 2025-10-20 13:02 (travel: 5min)
    🔍 Looking for train S 9081 at Berlin Baumschulenweg
       Departing at: 2025-10-20 12:57
       Checking 421 arrivals (aggregated from all related platforms/sections)
       ✓ Found match! Arrives at: 2025-10-20 13:07 (travel: 10min)
    🔍 Looking for train S 9081 at Berlin-Adlershof
       Departing at: 2025-10-20 12:57
       Checking 370 arrivals (aggregated from all related platforms/sections)
       ✓ Found match! Arrives at: 2025-10-20 13:18 (travel: 21min)
    🔍 Looking for train S 9081 at Schönefeld(bei Berlin)
       Departing at: 2025-10-20 12:57
       Checking 168 arrivals (aggregated from all related platforms/sections)
       ✓ Found match! Arrives at: 2025-10-20 13:28 (travel: 31min)
    🔍 Looking for train S 9077 at Berlin Warschauer Straße
       Departing at: 2025-10-20 12:17
       Checking 530 arrivals (aggregated from all related platforms/sections)
       ✗ Time diff out of range: 2min
       ✗ No matching arrival found
       Sample of available trains:
         - S 9027 at 2510200359
         - S 9025 at 2510200339
         - S 9023 at 2510200326
    🔍 Looking for train S 9077 at Berlin Treptower Park
       Departing at: 2025-10-20 12:17
       Checking 463 arrivals (aggregated from all related platforms/sections)
       ✓ Found match! Arrives at: 2025-10-20 12:22 (travel: 5min)
    🔍 Looking for train S 9077 at Berlin Baumschulenweg
       Departing at: 2025-10-20 12:17
       Checking 421 arrivals (aggregated from all related platforms/sections)
       ✓ Found match! Arrives at: 2025-10-20 12:27 (travel: 10min)
    🔍 Looking for train S 9077 at Berlin-Adlershof
       Departing at: 2025-10-20 12:17
       Checking 370 arrivals (aggregated from all related platforms/sections)
       ✓ Found match! Arrives at: 2025-10-20 12:38 (travel: 21min)
    🔍 Looking for train S 9077 at Schönefeld(bei Berlin)
       Departing at: 2025-10-20 12:17
       Checking 168 arrivals (aggregated from all related platforms/sections)
       ✓ Found match! Arrives at: 2025-10-20 12:48 (travel: 31min)
    🔍 Looking for train S 5564 at Berlin Friedrichstraße (S)
       Departing at: 2025-10-20 12:53
       Checking 884 arrivals (aggregated from all related platforms/sections)
       ✓ Found match! Arrives at: 2025-10-20 13:01 (travel: 8min)
    🔍 Looking for train S 5564 at Berlin Westkreuz
       Departing at: 2025-10-20 12:53
       Checking 0 arrivals (aggregated from all related platforms/sections)
       ✗ No matching arrival found
       ⚠️  NO S-Bahn arrivals found within 30 minutes of departure
    🔍 Looking for train S 3565 at Berlin Warschauer Straße
       Departing at: 2025-10-20 12:37
       Checking 530 arrivals (aggregated from all related platforms/sections)
       ✗ Time diff out of range: 2min
       ✗ No matching arrival found
       Sample of available trains:
         - S 9027 at 2510200359
         - S 9025 at 2510200339
         - S 9023 at 2510200326
    🔍 Looking for train S 3565 at Berlin Ostkreuz (S)
       Departing at: 2025-10-20 12:37
       Checking 0 arrivals (aggregated from all related platforms/sections)
       ✗ No matching arrival found
       ⚠️  NO S-Bahn arrivals found within 30 minutes of departure
    🔍 Looking for train S 3565 at Berlin-Karlshorst (S)
       Departing at: 2025-10-20 12:37
       Checking 0 arrivals (aggregated from all related platforms/sections)
       ✗ No matching arrival found
    🔍 Looking for train S 3565 at Berlin-Köpenick
       Departing at: 2025-10-20 12:37
       Checking 139 arrivals (aggregated from all related platforms/sections)
       ✓ Found match! Arrives at: 2025-10-20 12:54 (travel: 17min)
    🔍 Looking for train S 3565 at Berlin-Friedrichshagen
       Departing at: 2025-10-20 12:37
       Checking 139 arrivals (aggregated from all related platforms/sections)
       ✓ Found match! Arrives at: 2025-10-20 12:59 (travel: 22min)
    🔍 Looking for train S 5079 at Berlin Warschauer Straße
       Departing at: 2025-10-20 12:52
       Checking 530 arrivals (aggregated from all related platforms/sections)
       ✗ Time diff out of range: 2min
       ✗ No matching arrival found
       Sample of available trains:
         - S 9027 at 2510200359
         - S 9025 at 2510200339
         - S 9023 at 2510200326
    🔍 Looking for train S 5079 at Berlin Ostkreuz (S)
       Departing at: 2025-10-20 12:52
       Checking 0 arrivals (aggregated from all related platforms/sections)
       ✗ No matching arrival found
       ⚠️  NO S-Bahn arrivals found within 30 minutes of departure
    🔍 Looking for train S 5079 at Berlin-Friedrichsfelde Ost
       Departing at: 2025-10-20 12:52
       Checking 0 arrivals (aggregated from all related platforms/sections)
       ✗ No matching arrival found
    🔍 Looking for train S 5075 at Berlin Warschauer Straße
       Departing at: 2025-10-20 12:12
       Checking 530 arrivals (aggregated from all related platforms/sections)
       ✗ Time diff out of range: 2min
       ✗ No matching arrival found
       Sample of available trains:
         - S 9027 at 2510200359
         - S 9025 at 2510200339
         - S 9023 at 2510200326
    🔍 Looking for train S 5075 at Berlin Ostkreuz (S)
       Departing at: 2025-10-20 12:12
       Checking 0 arrivals (aggregated from all related platforms/sections)
       ✗ No matching arrival found
       ⚠️  NO S-Bahn arrivals found within 30 minutes of departure
    🔍 Looking for train S 5075 at Berlin-Friedrichsfelde Ost
       Departing at: 2025-10-20 12:12
       Checking 0 arrivals (aggregated from all related platforms/sections)
       ✗ No matching arrival found
    🔍 Looking for train S 9080 at Berlin Friedrichstraße (S)
       Departing at: 2025-10-20 12:48
       Checking 884 arrivals (aggregated from all related platforms/sections)
       ✓ Found match! Arrives at: 2025-10-20 12:56 (travel: 8min)
    🔍 Looking for train S 9080 at Berlin Westkreuz
       Departing at: 2025-10-20 12:48
       Checking 0 arrivals (aggregated from all related platforms/sections)
       ✗ No matching arrival found
       ⚠️  NO S-Bahn arrivals found within 30 minutes of departure
    🔍 Looking for train S 9080 at Berlin Messe Süd (Eichkamp)
       Departing at: 2025-10-20 12:48
       Checking 0 arrivals (aggregated from all related platforms/sections)
       ✗ No matching arrival found
    🔍 Looking for train S 9080 at Berlin Olympiastadion
       Departing at: 2025-10-20 12:48
       Checking 0 arrivals (aggregated from all related platforms/sections)
       ✗ No matching arrival found
    🔍 Looking for train S 9080 at Berlin-Spandau (S)
       Departing at: 2025-10-20 12:48
       Checking 0 arrivals (aggregated from all related platforms/sections)
       ✗ No matching arrival found
    🔍 Looking for train S 9076 at Berlin Friedrichstraße (S)
       Departing at: 2025-10-20 12:08
       Checking 884 arrivals (aggregated from all related platforms/sections)
       ✓ Found match! Arrives at: 2025-10-20 12:16 (travel: 8min)
    🔍 Looking for train S 9076 at Berlin Westkreuz
       Departing at: 2025-10-20 12:08
       Checking 0 arrivals (aggregated from all related platforms/sections)
       ✗ No matching arrival found
       ⚠️  NO S-Bahn arrivals found within 30 minutes of departure
    🔍 Looking for train S 9076 at Berlin Messe Süd (Eichkamp)
       Departing at: 2025-10-20 12:08
       Checking 0 arrivals (aggregated from all related platforms/sections)
       ✗ No matching arrival found
    🔍 Looking for train S 9076 at Berlin Olympiastadion
       Departing at: 2025-10-20 12:08
       Checking 0 arrivals (aggregated from all related platforms/sections)
       ✗ No matching arrival found
    🔍 Looking for train S 9076 at Berlin-Spandau (S)
       Departing at: 2025-10-20 12:08
       Checking 0 arrivals (aggregated from all related platforms/sections)
       ✗ No matching arrival found
    🔍 Looking for train S 5567 at Berlin Warschauer Straße
       Departing at: 2025-10-20 13:22
       Checking 530 arrivals (aggregated from all related platforms/sections)
       ✗ Time diff out of range: 2min
       ✗ No matching arrival found
       Sample of available trains:
         - S 9027 at 2510200359
         - S 9025 at 2510200339
         - S 9023 at 2510200326
    🔍 Looking for train S 5567 at Berlin Ostkreuz (S)
       Departing at: 2025-10-20 13:22
       Checking 0 arrivals (aggregated from all related platforms/sections)
       ✗ No matching arrival found
       ⚠️  NO S-Bahn arrivals found within 30 minutes of departure
    🔍 Looking for train S 5568 at Berlin Friedrichstraße (S)
       Departing at: 2025-10-20 13:33
       Checking 884 arrivals (aggregated from all related platforms/sections)
       ✓ Found match! Arrives at: 2025-10-20 13:41 (travel: 8min)
    🔍 Looking for train S 5568 at Berlin Westkreuz
       Departing at: 2025-10-20 13:33
       Checking 0 arrivals (aggregated from all related platforms/sections)
       ✗ No matching arrival found
       ⚠️  NO S-Bahn arrivals found within 30 minutes of departure
    🔍 Looking for train S 7561 at Berlin Warschauer Straße
       Departing at: 2025-10-20 13:39
       Checking 530 arrivals (aggregated from all related platforms/sections)
       ✗ Time diff out of range: 2min
       ✗ No matching arrival found
       Sample of available trains:
         - S 9027 at 2510200359
         - S 9025 at 2510200339
         - S 9023 at 2510200326
    🔍 Looking for train S 7561 at Berlin Ostkreuz (S)
       Departing at: 2025-10-20 13:39
       Checking 0 arrivals (aggregated from all related platforms/sections)
       ✗ No matching arrival found
       ⚠️  NO S-Bahn arrivals found within 30 minutes of departure
    🔍 Looking for train S 5570 at Berlin Friedrichstraße (S)
       Departing at: 2025-10-20 13:53
       Checking 884 arrivals (aggregated from all related platforms/sections)
       ✓ Found match! Arrives at: 2025-10-20 14:01 (travel: 8min)
    🔍 Looking for train S 5570 at Berlin Westkreuz
       Departing at: 2025-10-20 13:53
       Checking 0 arrivals (aggregated from all related platforms/sections)
       ✗ No matching arrival found
       ⚠️  NO S-Bahn arrivals found within 30 minutes of departure
    🔍 Looking for train S 7563 at Berlin Warschauer Straße
       Departing at: 2025-10-20 13:59
       Checking 530 arrivals (aggregated from all related platforms/sections)
       ✗ Time diff out of range: 2min
       ✗ No matching arrival found
       Sample of available trains:
         - S 9027 at 2510200359
         - S 9025 at 2510200339
         - S 9023 at 2510200326
    🔍 Looking for train S 7563 at Berlin Ostkreuz (S)
       Departing at: 2025-10-20 13:59
       Checking 0 arrivals (aggregated from all related platforms/sections)
       ✗ No matching arrival found
       ⚠️  NO S-Bahn arrivals found within 30 minutes of departure
    🔍 Looking for train S 5565 at Berlin Warschauer Straße
       Departing at: 2025-10-20 13:02
       Checking 530 arrivals (aggregated from all related platforms/sections)
       ✗ Time diff out of range: 2min
       ✗ No matching arrival found
       Sample of available trains:
         - S 9027 at 2510200359
         - S 9025 at 2510200339
         - S 9023 at 2510200326
    🔍 Looking for train S 5565 at Berlin Ostkreuz (S)
       Departing at: 2025-10-20 13:02
       Checking 0 arrivals (aggregated from all related platforms/sections)
       ✗ No matching arrival found
       ⚠️  NO S-Bahn arrivals found within 30 minutes of departure
    🔍 Looking for train S 7093 at Berlin Warschauer Straße
       Departing at: 2025-10-20 13:09
       Checking 530 arrivals (aggregated from all related platforms/sections)
       ✗ Time diff out of range: 2min
       ✗ No matching arrival found
       Sample of available trains:
         - S 9027 at 2510200359
         - S 9025 at 2510200339
         - S 9023 at 2510200326
    🔍 Looking for train S 7093 at Berlin Ostkreuz (S)
       Departing at: 2025-10-20 13:09
       Checking 0 arrivals (aggregated from all related platforms/sections)
       ✗ No matching arrival found
       ⚠️  NO S-Bahn arrivals found within 30 minutes of departure
    🔍 Looking for train S 7093 at Berlin-Friedrichsfelde Ost
       Departing at: 2025-10-20 13:09
       Checking 0 arrivals (aggregated from all related platforms/sections)
       ✗ No matching arrival found
    🔍 Looking for train S 5081 at Berlin Warschauer Straße
       Departing at: 2025-10-20 13:12
       Checking 530 arrivals (aggregated from all related platforms/sections)
       ✗ Time diff out of range: 2min
       ✗ No matching arrival found
       Sample of available trains:
         - S 9027 at 2510200359
         - S 9025 at 2510200339
         - S 9023 at 2510200326
    🔍 Looking for train S 5081 at Berlin Ostkreuz (S)
       Departing at: 2025-10-20 13:12
       Checking 0 arrivals (aggregated from all related platforms/sections)
       ✗ No matching arrival found
       ⚠️  NO S-Bahn arrivals found within 30 minutes of departure
    🔍 Looking for train S 5081 at Berlin-Friedrichsfelde Ost
       Departing at: 2025-10-20 13:12
       Checking 0 arrivals (aggregated from all related platforms/sections)
       ✗ No matching arrival found
    🔍 Looking for train S 7095 at Berlin Warschauer Straße
       Departing at: 2025-10-20 13:29
       Checking 530 arrivals (aggregated from all related platforms/sections)
       ✗ Time diff out of range: 2min
       ✗ No matching arrival found
       Sample of available trains:
         - S 9027 at 2510200359
         - S 9025 at 2510200339
         - S 9023 at 2510200326
    🔍 Looking for train S 7095 at Berlin Ostkreuz (S)
       Departing at: 2025-10-20 13:29
       Checking 0 arrivals (aggregated from all related platforms/sections)
       ✗ No matching arrival found
       ⚠️  NO S-Bahn arrivals found within 30 minutes of departure
    🔍 Looking for train S 7095 at Berlin-Friedrichsfelde Ost
       Departing at: 2025-10-20 13:29
       Checking 0 arrivals (aggregated from all related platforms/sections)
       ✗ No matching arrival found
    🔍 Looking for train S 7094 at Berlin Friedrichstraße (S)
       Departing at: 2025-10-20 13:06
       Checking 884 arrivals (aggregated from all related platforms/sections)
       ✓ Found match! Arrives at: 2025-10-20 13:13 (travel: 7min)
    🔍 Looking for train S 7094 at Berlin Westkreuz
       Departing at: 2025-10-20 13:06
       Checking 0 arrivals (aggregated from all related platforms/sections)
       ✗ No matching arrival found
       ⚠️  NO S-Bahn arrivals found within 30 minutes of departure
    🔍 Looking for train S 7094 at Berlin-Nikolassee
       Departing at: 2025-10-20 13:06
       Checking 274 arrivals (aggregated from all related platforms/sections)
       ✓ Found match! Arrives at: 2025-10-20 13:40 (travel: 34min)
    🔍 Looking for train S 9082 at Berlin Friedrichstraße (S)
       Departing at: 2025-10-20 13:08
       Checking 884 arrivals (aggregated from all related platforms/sections)
       ✓ Found match! Arrives at: 2025-10-20 13:16 (travel: 8min)
    🔍 Looking for train S 9082 at Berlin Westkreuz
       Departing at: 2025-10-20 13:08
       Checking 0 arrivals (aggregated from all related platforms/sections)
       ✗ No matching arrival found
       ⚠️  NO S-Bahn arrivals found within 30 minutes of departure
    🔍 Looking for train S 9082 at Berlin Messe Süd (Eichkamp)
       Departing at: 2025-10-20 13:08
       Checking 0 arrivals (aggregated from all related platforms/sections)
       ✗ No matching arrival found
    🔍 Looking for train S 9082 at Berlin Olympiastadion
       Departing at: 2025-10-20 13:08
       Checking 0 arrivals (aggregated from all related platforms/sections)
       ✗ No matching arrival found
    🔍 Looking for train S 9082 at Berlin-Spandau (S)
       Departing at: 2025-10-20 13:08
       Checking 0 arrivals (aggregated from all related platforms/sections)
       ✗ No matching arrival found
    🔍 Looking for train S 3569 at Berlin Warschauer Straße
       Departing at: 2025-10-20 13:17
       Checking 530 arrivals (aggregated from all related platforms/sections)
       ✗ Time diff out of range: 2min
       ✗ No matching arrival found
       Sample of available trains:
         - S 9027 at 2510200359
         - S 9025 at 2510200339
         - S 9023 at 2510200326
    🔍 Looking for train S 3569 at Berlin Ostkreuz (S)
       Departing at: 2025-10-20 13:17
       Checking 0 arrivals (aggregated from all related platforms/sections)
       ✗ No matching arrival found
       ⚠️  NO S-Bahn arrivals found within 30 minutes of departure
    🔍 Looking for train S 3569 at Berlin-Karlshorst (S)
       Departing at: 2025-10-20 13:17
       Checking 0 arrivals (aggregated from all related platforms/sections)
       ✗ No matching arrival found
    🔍 Looking for train S 3569 at Berlin-Köpenick
       Departing at: 2025-10-20 13:17
       Checking 139 arrivals (aggregated from all related platforms/sections)
       ✓ Found match! Arrives at: 2025-10-20 13:34 (travel: 17min)
    🔍 Looking for train S 3569 at Berlin-Friedrichshagen
       Departing at: 2025-10-20 13:17
       Checking 139 arrivals (aggregated from all related platforms/sections)
       ✓ Found match! Arrives at: 2025-10-20 13:39 (travel: 22min)
    🔍 Looking for train S 3571 at Berlin Warschauer Straße
       Departing at: 2025-10-20 13:37
       Checking 530 arrivals (aggregated from all related platforms/sections)
       ✗ Time diff out of range: 2min
       ✗ No matching arrival found
       Sample of available trains:
         - S 9027 at 2510200359
         - S 9025 at 2510200339
         - S 9023 at 2510200326
    🔍 Looking for train S 3571 at Berlin Ostkreuz (S)
       Departing at: 2025-10-20 13:37
       Checking 0 arrivals (aggregated from all related platforms/sections)
       ✗ No matching arrival found
       ⚠️  NO S-Bahn arrivals found within 30 minutes of departure
    🔍 Looking for train S 3571 at Berlin-Karlshorst (S)
       Departing at: 2025-10-20 13:37
       Checking 0 arrivals (aggregated from all related platforms/sections)
       ✗ No matching arrival found
    🔍 Looking for train S 3571 at Berlin-Köpenick
       Departing at: 2025-10-20 13:37
       Checking 139 arrivals (aggregated from all related platforms/sections)
       ✓ Found match! Arrives at: 2025-10-20 13:54 (travel: 17min)
    🔍 Looking for train S 3571 at Berlin-Friedrichshagen
       Departing at: 2025-10-20 13:37
       Checking 139 arrivals (aggregated from all related platforms/sections)
       ✓ Found match! Arrives at: 2025-10-20 13:59 (travel: 22min)
    🔍 Looking for train S 3103 at Berlin Warschauer Straße
       Departing at: 2025-10-20 13:47
       Checking 530 arrivals (aggregated from all related platforms/sections)
       ✗ Time diff out of range: 2min
       ✗ No matching arrival found
       Sample of available trains:
         - S 9027 at 2510200359
         - S 9025 at 2510200339
         - S 9023 at 2510200326
    🔍 Looking for train S 3103 at Berlin Ostkreuz (S)
       Departing at: 2025-10-20 13:47
       Checking 0 arrivals (aggregated from all related platforms/sections)
       ✗ No matching arrival found
       ⚠️  NO S-Bahn arrivals found within 30 minutes of departure
    🔍 Looking for train S 3103 at Berlin-Karlshorst (S)
       Departing at: 2025-10-20 13:47
       Checking 0 arrivals (aggregated from all related platforms/sections)
       ✗ No matching arrival found
    🔍 Looking for train S 3103 at Berlin-Köpenick
       Departing at: 2025-10-20 13:47
       Checking 139 arrivals (aggregated from all related platforms/sections)
       ✓ Found match! Arrives at: 2025-10-20 14:04 (travel: 17min)
    🔍 Looking for train S 3103 at Berlin-Friedrichshagen
       Departing at: 2025-10-20 13:47
       Checking 139 arrivals (aggregated from all related platforms/sections)
       ✓ Found match! Arrives at: 2025-10-20 14:09 (travel: 22min)
    🔍 Looking for train S 9386 at Berlin Friedrichstraße (S)
       Departing at: 2025-10-20 13:48
       Checking 884 arrivals (aggregated from all related platforms/sections)
       ✓ Found match! Arrives at: 2025-10-20 13:56 (travel: 8min)
    🔍 Looking for train S 9386 at Berlin Westkreuz
       Departing at: 2025-10-20 13:48
       Checking 0 arrivals (aggregated from all related platforms/sections)
       ✗ No matching arrival found
       ⚠️  NO S-Bahn arrivals found within 30 minutes of departure
    🔍 Looking for train S 9386 at Berlin Messe Süd (Eichkamp)
       Departing at: 2025-10-20 13:48
       Checking 0 arrivals (aggregated from all related platforms/sections)
       ✗ No matching arrival found
    🔍 Looking for train S 9386 at Berlin Olympiastadion
       Departing at: 2025-10-20 13:48
       Checking 0 arrivals (aggregated from all related platforms/sections)
       ✗ No matching arrival found
    🔍 Looking for train S 9386 at Berlin-Spandau (S)
       Departing at: 2025-10-20 13:48
       Checking 0 arrivals (aggregated from all related platforms/sections)
       ✗ No matching arrival found
    🔍 Looking for train S 5078 at Berlin Friedrichstraße (S)
       Departing at: 2025-10-20 13:23
       Checking 884 arrivals (aggregated from all related platforms/sections)
       ✓ Found match! Arrives at: 2025-10-20 13:31 (travel: 8min)
    🔍 Looking for train S 5078 at Berlin Westkreuz
       Departing at: 2025-10-20 13:23
       Checking 0 arrivals (aggregated from all related platforms/sections)
       ✗ No matching arrival found
       ⚠️  NO S-Bahn arrivals found within 30 minutes of departure
    🔍 Looking for train S 9084 at Berlin Friedrichstraße (S)
       Departing at: 2025-10-20 13:28
       Checking 884 arrivals (aggregated from all related platforms/sections)
       ✓ Found match! Arrives at: 2025-10-20 13:36 (travel: 8min)
    🔍 Looking for train S 9084 at Berlin Westkreuz
       Departing at: 2025-10-20 13:28
       Checking 0 arrivals (aggregated from all related platforms/sections)
       ✗ No matching arrival found
       ⚠️  NO S-Bahn arrivals found within 30 minutes of departure
    🔍 Looking for train S 9084 at Berlin Messe Süd (Eichkamp)
       Departing at: 2025-10-20 13:28
       Checking 0 arrivals (aggregated from all related platforms/sections)
       ✗ No matching arrival found
    🔍 Looking for train S 9084 at Berlin Olympiastadion
       Departing at: 2025-10-20 13:28
       Checking 0 arrivals (aggregated from all related platforms/sections)
       ✗ No matching arrival found
    🔍 Looking for train S 9084 at Berlin-Spandau (S)
       Departing at: 2025-10-20 13:28
       Checking 0 arrivals (aggregated from all related platforms/sections)
       ✗ No matching arrival found
    🔍 Looking for train S 7559 at Berlin Warschauer Straße
       Departing at: 2025-10-20 13:19
       Checking 530 arrivals (aggregated from all related platforms/sections)
       ✗ Time diff out of range: 2min
       ✗ No matching arrival found
       Sample of available trains:
         - S 9027 at 2510200359
         - S 9025 at 2510200339
         - S 9023 at 2510200326
    🔍 Looking for train S 7559 at Berlin Ostkreuz (S)
       Departing at: 2025-10-20 13:19
       Checking 0 arrivals (aggregated from all related platforms/sections)
       ✗ No matching arrival found
       ⚠️  NO S-Bahn arrivals found within 30 minutes of departure
    🔍 Looking for train S 5085 at Berlin Warschauer Straße
       Departing at: 2025-10-20 13:52
       Checking 530 arrivals (aggregated from all related platforms/sections)
       ✗ Time diff out of range: 2min
       ✗ No matching arrival found
       Sample of available trains:
         - S 9027 at 2510200359
         - S 9025 at 2510200339
         - S 9023 at 2510200326
    🔍 Looking for train S 5085 at Berlin Ostkreuz (S)
       Departing at: 2025-10-20 13:52
       Checking 0 arrivals (aggregated from all related platforms/sections)
       ✗ No matching arrival found
       ⚠️  NO S-Bahn arrivals found within 30 minutes of departure
    🔍 Looking for train S 5085 at Berlin-Friedrichsfelde Ost
       Departing at: 2025-10-20 13:52
       Checking 0 arrivals (aggregated from all related platforms/sections)
       ✗ No matching arrival found
    🔍 Looking for train S 7098 at Berlin Friedrichstraße (S)
       Departing at: 2025-10-20 13:46
       Checking 884 arrivals (aggregated from all related platforms/sections)
       ✓ Found match! Arrives at: 2025-10-20 13:53 (travel: 7min)
    🔍 Looking for train S 7098 at Berlin Westkreuz
       Departing at: 2025-10-20 13:46
       Checking 0 arrivals (aggregated from all related platforms/sections)
       ✗ No matching arrival found
       ⚠️  NO S-Bahn arrivals found within 30 minutes of departure
    🔍 Looking for train S 7098 at Berlin-Nikolassee
       Departing at: 2025-10-20 13:46
       Checking 274 arrivals (aggregated from all related platforms/sections)
       ✓ Found match! Arrives at: 2025-10-20 14:20 (travel: 34min)
    🔍 Looking for train S 9387 at Berlin Warschauer Straße
       Departing at: 2025-10-20 13:57
       Checking 530 arrivals (aggregated from all related platforms/sections)
       ✗ Time diff out of range: 2min
       ✗ No matching arrival found
       Sample of available trains:
         - S 9027 at 2510200359
         - S 9025 at 2510200339
         - S 9023 at 2510200326
    🔍 Looking for train S 9387 at Berlin Treptower Park
       Departing at: 2025-10-20 13:57
       Checking 463 arrivals (aggregated from all related platforms/sections)
       ✓ Found match! Arrives at: 2025-10-20 14:02 (travel: 5min)
    🔍 Looking for train S 9387 at Berlin Baumschulenweg
       Departing at: 2025-10-20 13:57
       Checking 421 arrivals (aggregated from all related platforms/sections)
       ✓ Found match! Arrives at: 2025-10-20 14:07 (travel: 10min)
    🔍 Looking for train S 9387 at Berlin-Adlershof
       Departing at: 2025-10-20 13:57
       Checking 370 arrivals (aggregated from all related platforms/sections)
       ✓ Found match! Arrives at: 2025-10-20 14:18 (travel: 21min)
    🔍 Looking for train S 9387 at Schönefeld(bei Berlin)
       Departing at: 2025-10-20 13:57
       Checking 168 arrivals (aggregated from all related platforms/sections)
       ✓ Found match! Arrives at: 2025-10-20 14:28 (travel: 31min)
    🔍 Looking for train S 9083 at Berlin Warschauer Straße
       Departing at: 2025-10-20 13:17
       Checking 530 arrivals (aggregated from all related platforms/sections)
       ✗ Time diff out of range: 2min
       ✗ No matching arrival found
       Sample of available trains:
         - S 9027 at 2510200359
         - S 9025 at 2510200339
         - S 9023 at 2510200326
    🔍 Looking for train S 9083 at Berlin Treptower Park
       Departing at: 2025-10-20 13:17
       Checking 463 arrivals (aggregated from all related platforms/sections)
       ✓ Found match! Arrives at: 2025-10-20 13:22 (travel: 5min)
    🔍 Looking for train S 9083 at Berlin Baumschulenweg
       Departing at: 2025-10-20 13:17
       Checking 421 arrivals (aggregated from all related platforms/sections)
       ✓ Found match! Arrives at: 2025-10-20 13:27 (travel: 10min)
    🔍 Looking for train S 9083 at Berlin-Adlershof
       Departing at: 2025-10-20 13:17
       Checking 370 arrivals (aggregated from all related platforms/sections)
       ✓ Found match! Arrives at: 2025-10-20 13:38 (travel: 21min)
    🔍 Looking for train S 9083 at Schönefeld(bei Berlin)
       Departing at: 2025-10-20 13:17
       Checking 168 arrivals (aggregated from all related platforms/sections)
       ✓ Found match! Arrives at: 2025-10-20 13:48 (travel: 31min)
    🔍 Looking for train S 3768 at Berlin Friedrichstraße (S)
       Departing at: 2025-10-20 13:51
       Checking 884 arrivals (aggregated from all related platforms/sections)
       ✓ Found match! Arrives at: 2025-10-20 13:58 (travel: 7min)
    🔍 Looking for train S 7562 at Berlin Friedrichstraße (S)
       Departing at: 2025-10-20 13:16
       Checking 884 arrivals (aggregated from all related platforms/sections)
       ✓ Found match! Arrives at: 2025-10-20 13:23 (travel: 7min)
    🔍 Looking for train S 7562 at Berlin Westkreuz
       Departing at: 2025-10-20 13:16
       Checking 0 arrivals (aggregated from all related platforms/sections)
       ✗ No matching arrival found
       ⚠️  NO S-Bahn arrivals found within 30 minutes of departure
    🔍 Looking for train S 7562 at Berlin-Nikolassee
       Departing at: 2025-10-20 13:16
       Checking 274 arrivals (aggregated from all related platforms/sections)
       ✓ Found match! Arrives at: 2025-10-20 13:50 (travel: 34min)
    🔍 Looking for train S 3104 at Berlin Friedrichstraße (S)
       Departing at: 2025-10-20 13:58
       Checking 884 arrivals (aggregated from all related platforms/sections)
       ✗ Time diff out of range: -453min
       ✓ Found match! Arrives at: 2025-10-20 14:06 (travel: 8min)
    🔍 Looking for train S 3104 at Berlin Westkreuz
       Departing at: 2025-10-20 13:58
       Checking 0 arrivals (aggregated from all related platforms/sections)
       ✗ No matching arrival found
       ⚠️  NO S-Bahn arrivals found within 30 minutes of departure
    🔍 Looking for train S 3104 at Berlin Messe Süd (Eichkamp)
       Departing at: 2025-10-20 13:58
       Checking 0 arrivals (aggregated from all related platforms/sections)
       ✗ No matching arrival found
    🔍 Looking for train S 3104 at Berlin Olympiastadion
       Departing at: 2025-10-20 13:58
       Checking 0 arrivals (aggregated from all related platforms/sections)
       ✗ No matching arrival found
    🔍 Looking for train S 3104 at Berlin-Spandau (S)
       Departing at: 2025-10-20 13:58
       Checking 0 arrivals (aggregated from all related platforms/sections)
       ✗ No matching arrival found
    🔍 Looking for train S 3099 at Berlin Warschauer Straße
       Departing at: 2025-10-20 13:07
       Checking 530 arrivals (aggregated from all related platforms/sections)
       ✗ Time diff out of range: 2min
       ✗ No matching arrival found
       Sample of available trains:
         - S 9027 at 2510200359
         - S 9025 at 2510200339
         - S 9023 at 2510200326
    🔍 Looking for train S 3099 at Berlin Ostkreuz (S)
       Departing at: 2025-10-20 13:07
       Checking 0 arrivals (aggregated from all related platforms/sections)
       ✗ No matching arrival found
       ⚠️  NO S-Bahn arrivals found within 30 minutes of departure
    🔍 Looking for train S 3099 at Berlin-Karlshorst (S)
       Departing at: 2025-10-20 13:07
       Checking 0 arrivals (aggregated from all related platforms/sections)
       ✗ No matching arrival found
    🔍 Looking for train S 3099 at Berlin-Köpenick
       Departing at: 2025-10-20 13:07
       Checking 139 arrivals (aggregated from all related platforms/sections)
       ✓ Found match! Arrives at: 2025-10-20 13:24 (travel: 17min)
    🔍 Looking for train S 3099 at Berlin-Friedrichshagen
       Departing at: 2025-10-20 13:07
       Checking 139 arrivals (aggregated from all related platforms/sections)
       ✓ Found match! Arrives at: 2025-10-20 13:29 (travel: 22min)
    🔍 Looking for train S 3100 at Berlin Friedrichstraße (S)
       Departing at: 2025-10-20 13:18
       Checking 884 arrivals (aggregated from all related platforms/sections)
       ✓ Found match! Arrives at: 2025-10-20 13:26 (travel: 8min)
    🔍 Looking for train S 3100 at Berlin Westkreuz
       Departing at: 2025-10-20 13:18
       Checking 0 arrivals (aggregated from all related platforms/sections)
       ✗ No matching arrival found
       ⚠️  NO S-Bahn arrivals found within 30 minutes of departure
    🔍 Looking for train S 3100 at Berlin Messe Süd (Eichkamp)
       Departing at: 2025-10-20 13:18
       Checking 0 arrivals (aggregated from all related platforms/sections)
       ✗ No matching arrival found
    🔍 Looking for train S 3100 at Berlin Olympiastadion
       Departing at: 2025-10-20 13:18
       Checking 0 arrivals (aggregated from all related platforms/sections)
       ✗ No matching arrival found
    🔍 Looking for train S 3100 at Berlin-Spandau (S)
       Departing at: 2025-10-20 13:18
       Checking 0 arrivals (aggregated from all related platforms/sections)
       ✗ No matching arrival found
    🔍 Looking for train S 5083 at Berlin Warschauer Straße
       Departing at: 2025-10-20 13:32
       Checking 530 arrivals (aggregated from all related platforms/sections)
       ✗ Time diff out of range: 2min
       ✗ No matching arrival found
       Sample of available trains:
         - S 9027 at 2510200359
         - S 9025 at 2510200339
         - S 9023 at 2510200326
    🔍 Looking for train S 5083 at Berlin Ostkreuz (S)
       Departing at: 2025-10-20 13:32
       Checking 0 arrivals (aggregated from all related platforms/sections)
       ✗ No matching arrival found
       ⚠️  NO S-Bahn arrivals found within 30 minutes of departure
    🔍 Looking for train S 5083 at Berlin-Friedrichsfelde Ost
       Departing at: 2025-10-20 13:32
       Checking 0 arrivals (aggregated from all related platforms/sections)
       ✗ No matching arrival found
    🔍 Looking for train S 7566 at Berlin Friedrichstraße (S)
       Departing at: 2025-10-20 13:56
       Checking 884 arrivals (aggregated from all related platforms/sections)
       ✓ Found match! Arrives at: 2025-10-20 14:03 (travel: 7min)
    🔍 Looking for train S 7566 at Berlin Westkreuz
       Departing at: 2025-10-20 13:56
       Checking 0 arrivals (aggregated from all related platforms/sections)
       ✗ No matching arrival found
       ⚠️  NO S-Bahn arrivals found within 30 minutes of departure
    🔍 Looking for train S 7566 at Berlin-Nikolassee
       Departing at: 2025-10-20 13:56
       Checking 274 arrivals (aggregated from all related platforms/sections)
       ✓ Found match! Arrives at: 2025-10-20 14:30 (travel: 34min)
    🔍 Looking for train S 3101 at Berlin Warschauer Straße
       Departing at: 2025-10-20 13:27
       Checking 530 arrivals (aggregated from all related platforms/sections)
       ✗ Time diff out of range: 2min
       ✗ No matching arrival found
       Sample of available trains:
         - S 9027 at 2510200359
         - S 9025 at 2510200339
         - S 9023 at 2510200326
    🔍 Looking for train S 3101 at Berlin Ostkreuz (S)
       Departing at: 2025-10-20 13:27
       Checking 0 arrivals (aggregated from all related platforms/sections)
       ✗ No matching arrival found
       ⚠️  NO S-Bahn arrivals found within 30 minutes of departure
    🔍 Looking for train S 3101 at Berlin-Karlshorst (S)
       Departing at: 2025-10-20 13:27
       Checking 0 arrivals (aggregated from all related platforms/sections)
       ✗ No matching arrival found
    🔍 Looking for train S 3101 at Berlin-Köpenick
       Departing at: 2025-10-20 13:27
       Checking 139 arrivals (aggregated from all related platforms/sections)
       ✓ Found match! Arrives at: 2025-10-20 13:44 (travel: 17min)
    🔍 Looking for train S 3101 at Berlin-Friedrichshagen
       Departing at: 2025-10-20 13:27
       Checking 139 arrivals (aggregated from all related platforms/sections)
       ✓ Found match! Arrives at: 2025-10-20 13:49 (travel: 22min)
    🔍 Looking for train S 7096 at Berlin Friedrichstraße (S)
       Departing at: 2025-10-20 13:26
       Checking 884 arrivals (aggregated from all related platforms/sections)
       ✓ Found match! Arrives at: 2025-10-20 13:33 (travel: 7min)
    🔍 Looking for train S 7096 at Berlin Westkreuz
       Departing at: 2025-10-20 13:26
       Checking 0 arrivals (aggregated from all related platforms/sections)
       ✗ No matching arrival found
       ⚠️  NO S-Bahn arrivals found within 30 minutes of departure
    🔍 Looking for train S 7096 at Berlin-Nikolassee
       Departing at: 2025-10-20 13:26
       Checking 274 arrivals (aggregated from all related platforms/sections)
       ✓ Found match! Arrives at: 2025-10-20 14:00 (travel: 34min)
    🔍 Looking for train S 5569 at Berlin Warschauer Straße
       Departing at: 2025-10-20 13:42
       Checking 530 arrivals (aggregated from all related platforms/sections)
       ✗ Time diff out of range: 2min
       ✗ No matching arrival found
       Sample of available trains:
         - S 9027 at 2510200359
         - S 9025 at 2510200339
         - S 9023 at 2510200326
    🔍 Looking for train S 5569 at Berlin Ostkreuz (S)
       Departing at: 2025-10-20 13:42
       Checking 0 arrivals (aggregated from all related platforms/sections)
       ✗ No matching arrival found
       ⚠️  NO S-Bahn arrivals found within 30 minutes of departure
    🔍 Looking for train S 3379 at Berlin Warschauer Straße
       Departing at: 2025-10-20 13:45
       Checking 530 arrivals (aggregated from all related platforms/sections)
       ✗ Time diff out of range: 1min
       ✗ No matching arrival found
       Sample of available trains:
         - S 9027 at 2510200359
         - S 9025 at 2510200339
         - S 9023 at 2510200326
    🔍 Looking for train S 3379 at Berlin Ostkreuz (S)
       Departing at: 2025-10-20 13:45
       Checking 0 arrivals (aggregated from all related platforms/sections)
       ✗ No matching arrival found
       ⚠️  NO S-Bahn arrivals found within 30 minutes of departure
    🔍 Looking for train S 3379 at Berlin-Karlshorst (S)
       Departing at: 2025-10-20 13:45
       Checking 0 arrivals (aggregated from all related platforms/sections)
       ✗ No matching arrival found
    🔍 Looking for train S 5566 at Berlin Friedrichstraße (S)
       Departing at: 2025-10-20 13:13
       Checking 884 arrivals (aggregated from all related platforms/sections)
       ✓ Found match! Arrives at: 2025-10-20 13:21 (travel: 8min)
    🔍 Looking for train S 5566 at Berlin Westkreuz
       Departing at: 2025-10-20 13:13
       Checking 0 arrivals (aggregated from all related platforms/sections)
       ✗ No matching arrival found
       ⚠️  NO S-Bahn arrivals found within 30 minutes of departure
    🔍 Looking for train S 3773 at Berlin Warschauer Straße
       Departing at: 2025-10-20 13:57
       Checking 530 arrivals (aggregated from all related platforms/sections)
       ✗ Time diff out of range: 2min
       ✗ No matching arrival found
       Sample of available trains:
         - S 9027 at 2510200359
         - S 9025 at 2510200339
         - S 9023 at 2510200326
    🔍 Looking for train S 3773 at Berlin Ostkreuz (S)
       Departing at: 2025-10-20 13:57
       Checking 0 arrivals (aggregated from all related platforms/sections)
       ✗ No matching arrival found
       ⚠️  NO S-Bahn arrivals found within 30 minutes of departure
    🔍 Looking for train S 3773 at Berlin-Karlshorst (S)
       Departing at: 2025-10-20 13:57
       Checking 0 arrivals (aggregated from all related platforms/sections)
       ✗ No matching arrival found
    🔍 Looking for train S 3773 at Berlin-Köpenick
       Departing at: 2025-10-20 13:57
       Checking 139 arrivals (aggregated from all related platforms/sections)
       ✓ Found match! Arrives at: 2025-10-20 14:14 (travel: 17min)
    🔍 Looking for train S 3773 at Berlin-Friedrichshagen
       Departing at: 2025-10-20 13:57
       Checking 139 arrivals (aggregated from all related platforms/sections)
       ✓ Found match! Arrives at: 2025-10-20 14:19 (travel: 22min)
    🔍 Looking for train S 9085 at Berlin Warschauer Straße
       Departing at: 2025-10-20 13:37
       Checking 530 arrivals (aggregated from all related platforms/sections)
       ✗ Time diff out of range: 2min
       ✗ No matching arrival found
       Sample of available trains:
         - S 9027 at 2510200359
         - S 9025 at 2510200339
         - S 9023 at 2510200326
    🔍 Looking for train S 9085 at Berlin Treptower Park
       Departing at: 2025-10-20 13:37
       Checking 463 arrivals (aggregated from all related platforms/sections)
       ✓ Found match! Arrives at: 2025-10-20 13:42 (travel: 5min)
    🔍 Looking for train S 9085 at Berlin Baumschulenweg
       Departing at: 2025-10-20 13:37
       Checking 421 arrivals (aggregated from all related platforms/sections)
       ✓ Found match! Arrives at: 2025-10-20 13:47 (travel: 10min)
    🔍 Looking for train S 9085 at Berlin-Adlershof
       Departing at: 2025-10-20 13:37
       Checking 370 arrivals (aggregated from all related platforms/sections)
       ✓ Found match! Arrives at: 2025-10-20 13:58 (travel: 21min)
    🔍 Looking for train S 9085 at Schönefeld(bei Berlin)
       Departing at: 2025-10-20 13:37
       Checking 168 arrivals (aggregated from all related platforms/sections)
       ✓ Found match! Arrives at: 2025-10-20 14:08 (travel: 31min)
    🔍 Looking for train S 5076 at Berlin Friedrichstraße (S)
       Departing at: 2025-10-20 13:03
       Checking 884 arrivals (aggregated from all related platforms/sections)
       ✓ Found match! Arrives at: 2025-10-20 13:11 (travel: 8min)
    🔍 Looking for train S 5076 at Berlin Westkreuz
       Departing at: 2025-10-20 13:03
       Checking 0 arrivals (aggregated from all related platforms/sections)
       ✗ No matching arrival found
       ⚠️  NO S-Bahn arrivals found within 30 minutes of departure
    🔍 Looking for train S 7564 at Berlin Friedrichstraße (S)
       Departing at: 2025-10-20 13:36
       Checking 884 arrivals (aggregated from all related platforms/sections)
       ✓ Found match! Arrives at: 2025-10-20 13:43 (travel: 7min)
    🔍 Looking for train S 7564 at Berlin Westkreuz
       Departing at: 2025-10-20 13:36
       Checking 0 arrivals (aggregated from all related platforms/sections)
       ✗ No matching arrival found
       ⚠️  NO S-Bahn arrivals found within 30 minutes of departure
    🔍 Looking for train S 7564 at Berlin-Nikolassee
       Departing at: 2025-10-20 13:36
       Checking 274 arrivals (aggregated from all related platforms/sections)
       ✓ Found match! Arrives at: 2025-10-20 14:10 (travel: 34min)
    🔍 Looking for train S 5080 at Berlin Friedrichstraße (S)
       Departing at: 2025-10-20 13:43
       Checking 884 arrivals (aggregated from all related platforms/sections)
       ✓ Found match! Arrives at: 2025-10-20 13:51 (travel: 8min)
    🔍 Looking for train S 5080 at Berlin Westkreuz
       Departing at: 2025-10-20 13:43
       Checking 0 arrivals (aggregated from all related platforms/sections)
       ✗ No matching arrival found
       ⚠️  NO S-Bahn arrivals found within 30 minutes of departure
    🔍 Looking for train S 7097 at Berlin Warschauer Straße
       Departing at: 2025-10-20 13:49
       Checking 530 arrivals (aggregated from all related platforms/sections)
       ✗ Time diff out of range: 2min
       ✗ No matching arrival found
       Sample of available trains:
         - S 9027 at 2510200359
         - S 9025 at 2510200339
         - S 9023 at 2510200326
    🔍 Looking for train S 7097 at Berlin Ostkreuz (S)
       Departing at: 2025-10-20 13:49
       Checking 0 arrivals (aggregated from all related platforms/sections)
       ✗ No matching arrival found
       ⚠️  NO S-Bahn arrivals found within 30 minutes of departure
    🔍 Looking for train S 7097 at Berlin-Friedrichsfelde Ost
       Departing at: 2025-10-20 13:49
       Checking 0 arrivals (aggregated from all related platforms/sections)
       ✗ No matching arrival found
    🔍 Looking for train S 3102 at Berlin Friedrichstraße (S)
       Departing at: 2025-10-20 13:38
       Checking 884 arrivals (aggregated from all related platforms/sections)
       ✗ Time diff out of range: -493min
       ✓ Found match! Arrives at: 2025-10-20 13:46 (travel: 8min)
    🔍 Looking for train S 3102 at Berlin Westkreuz
       Departing at: 2025-10-20 13:38
       Checking 0 arrivals (aggregated from all related platforms/sections)
       ✗ No matching arrival found
       ⚠️  NO S-Bahn arrivals found within 30 minutes of departure
    🔍 Looking for train S 3102 at Berlin Messe Süd (Eichkamp)
       Departing at: 2025-10-20 13:38
       Checking 0 arrivals (aggregated from all related platforms/sections)
       ✗ No matching arrival found
    🔍 Looking for train S 3102 at Berlin Olympiastadion
       Departing at: 2025-10-20 13:38
       Checking 0 arrivals (aggregated from all related platforms/sections)
       ✗ No matching arrival found
    🔍 Looking for train S 3102 at Berlin-Spandau (S)
       Departing at: 2025-10-20 13:38
       Checking 0 arrivals (aggregated from all related platforms/sections)
       ✗ No matching arrival found
    🔍 Looking for train S 5574 at Berlin Friedrichstraße (S)
       Departing at: 2025-10-20 14:33
       Checking 884 arrivals (aggregated from all related platforms/sections)
       ✓ Found match! Arrives at: 2025-10-20 14:41 (travel: 8min)
    🔍 Looking for train S 5574 at Berlin Westkreuz
       Departing at: 2025-10-20 14:33
       Checking 0 arrivals (aggregated from all related platforms/sections)
       ✗ No matching arrival found
       ⚠️  NO S-Bahn arrivals found within 30 minutes of departure
    🔍 Looking for train S 7572 at Berlin Friedrichstraße (S)
       Departing at: 2025-10-20 14:56
       Checking 884 arrivals (aggregated from all related platforms/sections)
       ✓ Found match! Arrives at: 2025-10-20 15:03 (travel: 7min)
    🔍 Looking for train S 7572 at Berlin Westkreuz
       Departing at: 2025-10-20 14:56
       Checking 0 arrivals (aggregated from all related platforms/sections)
       ✗ No matching arrival found
       ⚠️  NO S-Bahn arrivals found within 30 minutes of departure
    🔍 Looking for train S 7572 at Berlin-Nikolassee
       Departing at: 2025-10-20 14:56
       Checking 274 arrivals (aggregated from all related platforms/sections)
       ✓ Found match! Arrives at: 2025-10-20 15:30 (travel: 34min)
    🔍 Looking for train S 3105 at Berlin Warschauer Straße
       Departing at: 2025-10-20 14:07
       Checking 530 arrivals (aggregated from all related platforms/sections)
       ✗ Time diff out of range: 2min
       ✗ No matching arrival found
       Sample of available trains:
         - S 9027 at 2510200359
         - S 9025 at 2510200339
         - S 9023 at 2510200326
    🔍 Looking for train S 3105 at Berlin Ostkreuz (S)
       Departing at: 2025-10-20 14:07
       Checking 0 arrivals (aggregated from all related platforms/sections)
       ✗ No matching arrival found
       ⚠️  NO S-Bahn arrivals found within 30 minutes of departure
    🔍 Looking for train S 3105 at Berlin-Karlshorst (S)
       Departing at: 2025-10-20 14:07
       Checking 0 arrivals (aggregated from all related platforms/sections)
       ✗ No matching arrival found
    🔍 Looking for train S 3105 at Berlin-Köpenick
       Departing at: 2025-10-20 14:07
       Checking 139 arrivals (aggregated from all related platforms/sections)
       ✓ Found match! Arrives at: 2025-10-20 14:24 (travel: 17min)
    🔍 Looking for train S 3105 at Berlin-Friedrichshagen
       Departing at: 2025-10-20 14:07
       Checking 139 arrivals (aggregated from all related platforms/sections)
       ✓ Found match! Arrives at: 2025-10-20 14:29 (travel: 22min)
    🔍 Looking for train S 5572 at Berlin Friedrichstraße (S)
       Departing at: 2025-10-20 14:13
       Checking 884 arrivals (aggregated from all related platforms/sections)
       ✓ Found match! Arrives at: 2025-10-20 14:21 (travel: 8min)
    🔍 Looking for train S 5572 at Berlin Westkreuz
       Departing at: 2025-10-20 14:13
       Checking 0 arrivals (aggregated from all related platforms/sections)
       ✗ No matching arrival found
       ⚠️  NO S-Bahn arrivals found within 30 minutes of departure
    🔍 Looking for train S 7565 at Berlin Warschauer Straße
       Departing at: 2025-10-20 14:19
       Checking 530 arrivals (aggregated from all related platforms/sections)
       ✗ Time diff out of range: 2min
       ✗ No matching arrival found
       Sample of available trains:
         - S 9027 at 2510200359
         - S 9025 at 2510200339
         - S 9023 at 2510200326
    🔍 Looking for train S 7565 at Berlin Ostkreuz (S)
       Departing at: 2025-10-20 14:19
       Checking 0 arrivals (aggregated from all related platforms/sections)
       ✗ No matching arrival found
       ⚠️  NO S-Bahn arrivals found within 30 minutes of departure
    🔍 Looking for train S 3774 at Berlin Friedrichstraße (S)
       Departing at: 2025-10-20 14:51
       Checking 884 arrivals (aggregated from all related platforms/sections)
       ✓ Found match! Arrives at: 2025-10-20 14:58 (travel: 7min)
    🔍 Looking for train S 3108 at Berlin Friedrichstraße (S)
       Departing at: 2025-10-20 14:38
       Checking 884 arrivals (aggregated from all related platforms/sections)
       ✗ Time diff out of range: -373min
       ✓ Found match! Arrives at: 2025-10-20 14:46 (travel: 8min)
    🔍 Looking for train S 3108 at Berlin Westkreuz
       Departing at: 2025-10-20 14:38
       Checking 0 arrivals (aggregated from all related platforms/sections)
       ✗ No matching arrival found
       ⚠️  NO S-Bahn arrivals found within 30 minutes of departure
    🔍 Looking for train S 3108 at Berlin Messe Süd (Eichkamp)
       Departing at: 2025-10-20 14:38
       Checking 0 arrivals (aggregated from all related platforms/sections)
       ✗ No matching arrival found
    🔍 Looking for train S 3108 at Berlin Olympiastadion
       Departing at: 2025-10-20 14:38
       Checking 0 arrivals (aggregated from all related platforms/sections)
       ✗ No matching arrival found
    🔍 Looking for train S 3108 at Berlin-Spandau (S)
       Departing at: 2025-10-20 14:38
       Checking 0 arrivals (aggregated from all related platforms/sections)
       ✗ No matching arrival found
    🔍 Looking for train S 7104 at Berlin Friedrichstraße (S)
       Departing at: 2025-10-20 14:46
       Checking 884 arrivals (aggregated from all related platforms/sections)
       ✓ Found match! Arrives at: 2025-10-20 14:53 (travel: 7min)
    🔍 Looking for train S 7104 at Berlin Westkreuz
       Departing at: 2025-10-20 14:46
       Checking 0 arrivals (aggregated from all related platforms/sections)
       ✗ No matching arrival found
       ⚠️  NO S-Bahn arrivals found within 30 minutes of departure
    🔍 Looking for train S 7104 at Berlin-Nikolassee
       Departing at: 2025-10-20 14:46
       Checking 274 arrivals (aggregated from all related platforms/sections)
       ✓ Found match! Arrives at: 2025-10-20 15:20 (travel: 34min)
    🔍 Looking for train S 9392 at Berlin Friedrichstraße (S)
       Departing at: 2025-10-20 14:48
       Checking 884 arrivals (aggregated from all related platforms/sections)
       ✓ Found match! Arrives at: 2025-10-20 14:56 (travel: 8min)
    🔍 Looking for train S 9392 at Berlin Westkreuz
       Departing at: 2025-10-20 14:48
       Checking 0 arrivals (aggregated from all related platforms/sections)
       ✗ No matching arrival found
       ⚠️  NO S-Bahn arrivals found within 30 minutes of departure
    🔍 Looking for train S 9392 at Berlin Messe Süd (Eichkamp)
       Departing at: 2025-10-20 14:48
       Checking 0 arrivals (aggregated from all related platforms/sections)
       ✗ No matching arrival found
    🔍 Looking for train S 9392 at Berlin Olympiastadion
       Departing at: 2025-10-20 14:48
       Checking 0 arrivals (aggregated from all related platforms/sections)
       ✗ No matching arrival found
    🔍 Looking for train S 9392 at Berlin-Spandau (S)
       Departing at: 2025-10-20 14:48
       Checking 0 arrivals (aggregated from all related platforms/sections)
       ✗ No matching arrival found
    🔍 Looking for train S 9391 at Berlin Warschauer Straße
       Departing at: 2025-10-20 14:37
       Checking 530 arrivals (aggregated from all related platforms/sections)
       ✗ Time diff out of range: 2min
       ✗ No matching arrival found
       Sample of available trains:
         - S 9027 at 2510200359
         - S 9025 at 2510200339
         - S 9023 at 2510200326
    🔍 Looking for train S 9391 at Berlin Treptower Park
       Departing at: 2025-10-20 14:37
       Checking 463 arrivals (aggregated from all related platforms/sections)
       ✓ Found match! Arrives at: 2025-10-20 14:42 (travel: 5min)
    🔍 Looking for train S 9391 at Berlin Baumschulenweg
       Departing at: 2025-10-20 14:37
       Checking 421 arrivals (aggregated from all related platforms/sections)
       ✓ Found match! Arrives at: 2025-10-20 14:47 (travel: 10min)
    🔍 Looking for train S 9391 at Berlin-Adlershof
       Departing at: 2025-10-20 14:37
       Checking 370 arrivals (aggregated from all related platforms/sections)
       ✓ Found match! Arrives at: 2025-10-20 14:58 (travel: 21min)
    🔍 Looking for train S 9391 at Schönefeld(bei Berlin)
       Departing at: 2025-10-20 14:37
       Checking 168 arrivals (aggregated from all related platforms/sections)
       ✓ Found match! Arrives at: 2025-10-20 15:08 (travel: 31min)
    🔍 Looking for train S 7100 at Berlin Friedrichstraße (S)
       Departing at: 2025-10-20 14:06
       Checking 884 arrivals (aggregated from all related platforms/sections)
       ✓ Found match! Arrives at: 2025-10-20 14:13 (travel: 7min)
    🔍 Looking for train S 7100 at Berlin Westkreuz
       Departing at: 2025-10-20 14:06
       Checking 0 arrivals (aggregated from all related platforms/sections)
       ✗ No matching arrival found
       ⚠️  NO S-Bahn arrivals found within 30 minutes of departure
    🔍 Looking for train S 7100 at Berlin-Nikolassee
       Departing at: 2025-10-20 14:06
       Checking 274 arrivals (aggregated from all related platforms/sections)
       ✓ Found match! Arrives at: 2025-10-20 14:40 (travel: 34min)
    🔍 Looking for train S 3110 at Berlin Friedrichstraße (S)
       Departing at: 2025-10-20 14:58
       Checking 884 arrivals (aggregated from all related platforms/sections)
       ✗ Time diff out of range: -333min
       ✓ Found match! Arrives at: 2025-10-20 15:06 (travel: 8min)
    🔍 Looking for train S 3110 at Berlin Westkreuz
       Departing at: 2025-10-20 14:58
       Checking 0 arrivals (aggregated from all related platforms/sections)
       ✗ No matching arrival found
       ⚠️  NO S-Bahn arrivals found within 30 minutes of departure
    🔍 Looking for train S 3110 at Berlin Messe Süd (Eichkamp)
       Departing at: 2025-10-20 14:58
       Checking 0 arrivals (aggregated from all related platforms/sections)
       ✗ No matching arrival found
    🔍 Looking for train S 3110 at Berlin Olympiastadion
       Departing at: 2025-10-20 14:58
       Checking 0 arrivals (aggregated from all related platforms/sections)
       ✗ No matching arrival found
    🔍 Looking for train S 3110 at Berlin-Spandau (S)
       Departing at: 2025-10-20 14:58
       Checking 0 arrivals (aggregated from all related platforms/sections)
       ✗ No matching arrival found
    🔍 Looking for train S 3775 at Berlin Warschauer Straße
       Departing at: 2025-10-20 14:17
       Checking 530 arrivals (aggregated from all related platforms/sections)
       ✗ Time diff out of range: 2min
       ✗ No matching arrival found
       Sample of available trains:
         - S 9027 at 2510200359
         - S 9025 at 2510200339
         - S 9023 at 2510200326
    🔍 Looking for train S 3775 at Berlin Ostkreuz (S)
       Departing at: 2025-10-20 14:17
       Checking 0 arrivals (aggregated from all related platforms/sections)
       ✗ No matching arrival found
       ⚠️  NO S-Bahn arrivals found within 30 minutes of departure
    🔍 Looking for train S 3775 at Berlin-Karlshorst (S)
       Departing at: 2025-10-20 14:17
       Checking 0 arrivals (aggregated from all related platforms/sections)
       ✗ No matching arrival found
    🔍 Looking for train S 3775 at Berlin-Köpenick
       Departing at: 2025-10-20 14:17
       Checking 139 arrivals (aggregated from all related platforms/sections)
       ✓ Found match! Arrives at: 2025-10-20 14:34 (travel: 17min)
    🔍 Looking for train S 3775 at Berlin-Friedrichshagen
       Departing at: 2025-10-20 14:17
       Checking 139 arrivals (aggregated from all related platforms/sections)
       ✓ Found match! Arrives at: 2025-10-20 14:39 (travel: 22min)
    🔍 Looking for train S 9389 at Berlin Warschauer Straße
       Departing at: 2025-10-20 14:17
       Checking 530 arrivals (aggregated from all related platforms/sections)
       ✗ Time diff out of range: 2min
       ✗ No matching arrival found
       Sample of available trains:
         - S 9027 at 2510200359
         - S 9025 at 2510200339
         - S 9023 at 2510200326
    🔍 Looking for train S 9389 at Berlin Treptower Park
       Departing at: 2025-10-20 14:17
       Checking 463 arrivals (aggregated from all related platforms/sections)
       ✓ Found match! Arrives at: 2025-10-20 14:22 (travel: 5min)
    🔍 Looking for train S 9389 at Berlin Baumschulenweg
       Departing at: 2025-10-20 14:17
       Checking 421 arrivals (aggregated from all related platforms/sections)
       ✓ Found match! Arrives at: 2025-10-20 14:27 (travel: 10min)
    🔍 Looking for train S 9389 at Berlin-Adlershof
       Departing at: 2025-10-20 14:17
       Checking 370 arrivals (aggregated from all related platforms/sections)
       ✓ Found match! Arrives at: 2025-10-20 14:38 (travel: 21min)
    🔍 Looking for train S 9389 at Schönefeld(bei Berlin)
       Departing at: 2025-10-20 14:17
       Checking 168 arrivals (aggregated from all related platforms/sections)
       ✓ Found match! Arrives at: 2025-10-20 14:48 (travel: 31min)
    🔍 Looking for train S 3383 at Berlin Warschauer Straße
       Departing at: 2025-10-20 14:25
       Checking 530 arrivals (aggregated from all related platforms/sections)
       ✗ Time diff out of range: 1min
       ✗ No matching arrival found
       Sample of available trains:
         - S 9027 at 2510200359
         - S 9025 at 2510200339
         - S 9023 at 2510200326
    🔍 Looking for train S 3383 at Berlin Ostkreuz (S)
       Departing at: 2025-10-20 14:25
       Checking 0 arrivals (aggregated from all related platforms/sections)
       ✗ No matching arrival found
       ⚠️  NO S-Bahn arrivals found within 30 minutes of departure
    🔍 Looking for train S 3383 at Berlin-Karlshorst (S)
       Departing at: 2025-10-20 14:25
       Checking 0 arrivals (aggregated from all related platforms/sections)
       ✗ No matching arrival found
    🔍 Looking for train S 9388 at Berlin Friedrichstraße (S)
       Departing at: 2025-10-20 14:08
       Checking 884 arrivals (aggregated from all related platforms/sections)
       ✓ Found match! Arrives at: 2025-10-20 14:16 (travel: 8min)
    🔍 Looking for train S 9388 at Berlin Westkreuz
       Departing at: 2025-10-20 14:08
       Checking 0 arrivals (aggregated from all related platforms/sections)
       ✗ No matching arrival found
       ⚠️  NO S-Bahn arrivals found within 30 minutes of departure
    🔍 Looking for train S 9388 at Berlin Messe Süd (Eichkamp)
       Departing at: 2025-10-20 14:08
       Checking 0 arrivals (aggregated from all related platforms/sections)
       ✗ No matching arrival found
    🔍 Looking for train S 9388 at Berlin Olympiastadion
       Departing at: 2025-10-20 14:08
       Checking 0 arrivals (aggregated from all related platforms/sections)
       ✗ No matching arrival found
    🔍 Looking for train S 9388 at Berlin-Spandau (S)
       Departing at: 2025-10-20 14:08
       Checking 0 arrivals (aggregated from all related platforms/sections)
       ✗ No matching arrival found
    🔍 Looking for train S 5575 at Berlin Warschauer Straße
       Departing at: 2025-10-20 14:42
       Checking 530 arrivals (aggregated from all related platforms/sections)
       ✗ Time diff out of range: 2min
       ✗ No matching arrival found
       Sample of available trains:
         - S 9027 at 2510200359
         - S 9025 at 2510200339
         - S 9023 at 2510200326
    🔍 Looking for train S 5575 at Berlin Ostkreuz (S)
       Departing at: 2025-10-20 14:42
       Checking 0 arrivals (aggregated from all related platforms/sections)
       ✗ No matching arrival found
       ⚠️  NO S-Bahn arrivals found within 30 minutes of departure
    🔍 Looking for train S 7099 at Berlin Warschauer Straße
       Departing at: 2025-10-20 14:09
       Checking 530 arrivals (aggregated from all related platforms/sections)
       ✗ Time diff out of range: 2min
       ✗ No matching arrival found
       Sample of available trains:
         - S 9027 at 2510200359
         - S 9025 at 2510200339
         - S 9023 at 2510200326
    🔍 Looking for train S 7099 at Berlin Ostkreuz (S)
       Departing at: 2025-10-20 14:09
       Checking 0 arrivals (aggregated from all related platforms/sections)
       ✗ No matching arrival found
       ⚠️  NO S-Bahn arrivals found within 30 minutes of departure
    🔍 Looking for train S 7099 at Berlin-Friedrichsfelde Ost
       Departing at: 2025-10-20 14:09
       Checking 0 arrivals (aggregated from all related platforms/sections)
       ✗ No matching arrival found
    🔍 Looking for train S 5573 at Berlin Warschauer Straße
       Departing at: 2025-10-20 14:22
       Checking 530 arrivals (aggregated from all related platforms/sections)
       ✗ Time diff out of range: 2min
       ✗ No matching arrival found
       Sample of available trains:
         - S 9027 at 2510200359
         - S 9025 at 2510200339
         - S 9023 at 2510200326
    🔍 Looking for train S 5573 at Berlin Ostkreuz (S)
       Departing at: 2025-10-20 14:22
       Checking 0 arrivals (aggregated from all related platforms/sections)
       ✗ No matching arrival found
       ⚠️  NO S-Bahn arrivals found within 30 minutes of departure
    🔍 Looking for train S 7569 at Berlin Warschauer Straße
       Departing at: 2025-10-20 14:59
       Checking 530 arrivals (aggregated from all related platforms/sections)
       ✗ Time diff out of range: 2min
       ✗ No matching arrival found
       Sample of available trains:
         - S 9027 at 2510200359
         - S 9025 at 2510200339
         - S 9023 at 2510200326
    🔍 Looking for train S 7569 at Berlin Ostkreuz (S)
       Departing at: 2025-10-20 14:59
       Checking 0 arrivals (aggregated from all related platforms/sections)
       ✗ No matching arrival found
       ⚠️  NO S-Bahn arrivals found within 30 minutes of departure
    🔍 Looking for train S 5084 at Berlin Friedrichstraße (S)
       Departing at: 2025-10-20 14:23
       Checking 884 arrivals (aggregated from all related platforms/sections)
       ✓ Found match! Arrives at: 2025-10-20 14:31 (travel: 8min)
    🔍 Looking for train S 5084 at Berlin Westkreuz
       Departing at: 2025-10-20 14:23
       Checking 0 arrivals (aggregated from all related platforms/sections)
       ✗ No matching arrival found
       ⚠️  NO S-Bahn arrivals found within 30 minutes of departure
    🔍 Looking for train S 3109 at Berlin Warschauer Straße
       Departing at: 2025-10-20 14:47
       Checking 530 arrivals (aggregated from all related platforms/sections)
       ✗ Time diff out of range: 2min
       ✗ No matching arrival found
       Sample of available trains:
         - S 9027 at 2510200359
         - S 9025 at 2510200339
         - S 9023 at 2510200326
    🔍 Looking for train S 3109 at Berlin Ostkreuz (S)
       Departing at: 2025-10-20 14:47
       Checking 0 arrivals (aggregated from all related platforms/sections)
       ✗ No matching arrival found
       ⚠️  NO S-Bahn arrivals found within 30 minutes of departure
    🔍 Looking for train S 3109 at Berlin-Karlshorst (S)
       Departing at: 2025-10-20 14:47
       Checking 0 arrivals (aggregated from all related platforms/sections)
       ✗ No matching arrival found
    🔍 Looking for train S 3109 at Berlin-Köpenick
       Departing at: 2025-10-20 14:47
       Checking 139 arrivals (aggregated from all related platforms/sections)
       ✓ Found match! Arrives at: 2025-10-20 15:04 (travel: 17min)
    🔍 Looking for train S 3109 at Berlin-Friedrichshagen
       Departing at: 2025-10-20 14:47
       Checking 139 arrivals (aggregated from all related platforms/sections)
       ✓ Found match! Arrives at: 2025-10-20 15:09 (travel: 22min)
    🔍 Looking for train S 3106 at Berlin Friedrichstraße (S)
       Departing at: 2025-10-20 14:18
       Checking 884 arrivals (aggregated from all related platforms/sections)
       ✗ Time diff out of range: -413min
       ✓ Found match! Arrives at: 2025-10-20 14:26 (travel: 8min)
    🔍 Looking for train S 3106 at Berlin Westkreuz
       Departing at: 2025-10-20 14:18
       Checking 0 arrivals (aggregated from all related platforms/sections)
       ✗ No matching arrival found
       ⚠️  NO S-Bahn arrivals found within 30 minutes of departure
    🔍 Looking for train S 3106 at Berlin Messe Süd (Eichkamp)
       Departing at: 2025-10-20 14:18
       Checking 0 arrivals (aggregated from all related platforms/sections)
       ✗ No matching arrival found
    🔍 Looking for train S 3106 at Berlin Olympiastadion
       Departing at: 2025-10-20 14:18
       Checking 0 arrivals (aggregated from all related platforms/sections)
       ✗ No matching arrival found
    🔍 Looking for train S 3106 at Berlin-Spandau (S)
       Departing at: 2025-10-20 14:18
       Checking 0 arrivals (aggregated from all related platforms/sections)
       ✗ No matching arrival found
    🔍 Looking for train S 3385 at Berlin Warschauer Straße
       Departing at: 2025-10-20 14:45
       Checking 530 arrivals (aggregated from all related platforms/sections)
       ✗ Time diff out of range: 1min
       ✗ No matching arrival found
       Sample of available trains:
         - S 9027 at 2510200359
         - S 9025 at 2510200339
         - S 9023 at 2510200326
    🔍 Looking for train S 3385 at Berlin Ostkreuz (S)
       Departing at: 2025-10-20 14:45
       Checking 0 arrivals (aggregated from all related platforms/sections)
       ✗ No matching arrival found
       ⚠️  NO S-Bahn arrivals found within 30 minutes of departure
    🔍 Looking for train S 3385 at Berlin-Karlshorst (S)
       Departing at: 2025-10-20 14:45
       Checking 0 arrivals (aggregated from all related platforms/sections)
       ✗ No matching arrival found
    🔍 Looking for train S 3770 at Berlin Friedrichstraße (S)
       Departing at: 2025-10-20 14:11
       Checking 884 arrivals (aggregated from all related platforms/sections)
       ✓ Found match! Arrives at: 2025-10-20 14:18 (travel: 7min)
    🔍 Looking for train S 5082 at Berlin Friedrichstraße (S)
       Departing at: 2025-10-20 14:03
       Checking 884 arrivals (aggregated from all related platforms/sections)
       ✓ Found match! Arrives at: 2025-10-20 14:11 (travel: 8min)
    🔍 Looking for train S 5082 at Berlin Westkreuz
       Departing at: 2025-10-20 14:03
       Checking 0 arrivals (aggregated from all related platforms/sections)
       ✗ No matching arrival found
       ⚠️  NO S-Bahn arrivals found within 30 minutes of departure
    🔍 Looking for train S 3107 at Berlin Warschauer Straße
       Departing at: 2025-10-20 14:27
       Checking 530 arrivals (aggregated from all related platforms/sections)
       ✗ Time diff out of range: 2min
       ✗ No matching arrival found
       Sample of available trains:
         - S 9027 at 2510200359
         - S 9025 at 2510200339
         - S 9023 at 2510200326
    🔍 Looking for train S 3107 at Berlin Ostkreuz (S)
       Departing at: 2025-10-20 14:27
       Checking 0 arrivals (aggregated from all related platforms/sections)
       ✗ No matching arrival found
       ⚠️  NO S-Bahn arrivals found within 30 minutes of departure
    🔍 Looking for train S 3107 at Berlin-Karlshorst (S)
       Departing at: 2025-10-20 14:27
       Checking 0 arrivals (aggregated from all related platforms/sections)
       ✗ No matching arrival found
    🔍 Looking for train S 3107 at Berlin-Köpenick
       Departing at: 2025-10-20 14:27
       Checking 139 arrivals (aggregated from all related platforms/sections)
       ✓ Found match! Arrives at: 2025-10-20 14:44 (travel: 17min)
    🔍 Looking for train S 3107 at Berlin-Friedrichshagen
       Departing at: 2025-10-20 14:27
       Checking 139 arrivals (aggregated from all related platforms/sections)
       ✓ Found match! Arrives at: 2025-10-20 14:49 (travel: 22min)
    🔍 Looking for train S 9393 at Berlin Warschauer Straße
       Departing at: 2025-10-20 14:57
       Checking 530 arrivals (aggregated from all related platforms/sections)
       ✗ Time diff out of range: 2min
       ✗ No matching arrival found
       Sample of available trains:
         - S 9027 at 2510200359
         - S 9025 at 2510200339
         - S 9023 at 2510200326
    🔍 Looking for train S 9393 at Berlin Treptower Park
       Departing at: 2025-10-20 14:57
       Checking 463 arrivals (aggregated from all related platforms/sections)
       ✓ Found match! Arrives at: 2025-10-20 15:02 (travel: 5min)
    🔍 Looking for train S 9393 at Berlin Baumschulenweg
       Departing at: 2025-10-20 14:57
       Checking 421 arrivals (aggregated from all related platforms/sections)
       ✓ Found match! Arrives at: 2025-10-20 15:07 (travel: 10min)
    🔍 Looking for train S 9393 at Berlin-Adlershof
       Departing at: 2025-10-20 14:57
       Checking 370 arrivals (aggregated from all related platforms/sections)
       ✓ Found match! Arrives at: 2025-10-20 15:18 (travel: 21min)
    🔍 Looking for train S 9393 at Schönefeld(bei Berlin)
       Departing at: 2025-10-20 14:57
       Checking 168 arrivals (aggregated from all related platforms/sections)
       ✓ Found match! Arrives at: 2025-10-20 15:28 (travel: 31min)
    🔍 Looking for train S 7102 at Berlin Friedrichstraße (S)
       Departing at: 2025-10-20 14:26
       Checking 884 arrivals (aggregated from all related platforms/sections)
       ✓ Found match! Arrives at: 2025-10-20 14:33 (travel: 7min)
    🔍 Looking for train S 7102 at Berlin Westkreuz
       Departing at: 2025-10-20 14:26
       Checking 0 arrivals (aggregated from all related platforms/sections)
       ✗ No matching arrival found
       ⚠️  NO S-Bahn arrivals found within 30 minutes of departure
    🔍 Looking for train S 7102 at Berlin-Nikolassee
       Departing at: 2025-10-20 14:26
       Checking 274 arrivals (aggregated from all related platforms/sections)
       ✓ Found match! Arrives at: 2025-10-20 15:00 (travel: 34min)
    🔍 Looking for train S 5576 at Berlin Friedrichstraße (S)
       Departing at: 2025-10-20 14:53
       Checking 884 arrivals (aggregated from all related platforms/sections)
       ✓ Found match! Arrives at: 2025-10-20 15:01 (travel: 8min)
    🔍 Looking for train S 5576 at Berlin Westkreuz
       Departing at: 2025-10-20 14:53
       Checking 0 arrivals (aggregated from all related platforms/sections)
       ✗ No matching arrival found
       ⚠️  NO S-Bahn arrivals found within 30 minutes of departure
    🔍 Looking for train S 7103 at Berlin Warschauer Straße
       Departing at: 2025-10-20 14:49
       Checking 530 arrivals (aggregated from all related platforms/sections)
       ✗ Time diff out of range: 2min
       ✗ No matching arrival found
       Sample of available trains:
         - S 9027 at 2510200359
         - S 9025 at 2510200339
         - S 9023 at 2510200326
    🔍 Looking for train S 7103 at Berlin Ostkreuz (S)
       Departing at: 2025-10-20 14:49
       Checking 0 arrivals (aggregated from all related platforms/sections)
       ✗ No matching arrival found
       ⚠️  NO S-Bahn arrivals found within 30 minutes of departure
    🔍 Looking for train S 7103 at Berlin-Friedrichsfelde Ost
       Departing at: 2025-10-20 14:49
       Checking 0 arrivals (aggregated from all related platforms/sections)
       ✗ No matching arrival found
    🔍 Looking for train S 3777 at Berlin Warschauer Straße
       Departing at: 2025-10-20 14:37
       Checking 530 arrivals (aggregated from all related platforms/sections)
       ✗ Time diff out of range: 2min
       ✗ No matching arrival found
       Sample of available trains:
         - S 9027 at 2510200359
         - S 9025 at 2510200339
         - S 9023 at 2510200326
    🔍 Looking for train S 3777 at Berlin Ostkreuz (S)
       Departing at: 2025-10-20 14:37
       Checking 0 arrivals (aggregated from all related platforms/sections)
       ✗ No matching arrival found
       ⚠️  NO S-Bahn arrivals found within 30 minutes of departure
    🔍 Looking for train S 3777 at Berlin-Karlshorst (S)
       Departing at: 2025-10-20 14:37
       Checking 0 arrivals (aggregated from all related platforms/sections)
       ✗ No matching arrival found
    🔍 Looking for train S 3777 at Berlin-Köpenick
       Departing at: 2025-10-20 14:37
       Checking 139 arrivals (aggregated from all related platforms/sections)
       ✓ Found match! Arrives at: 2025-10-20 14:54 (travel: 17min)
    🔍 Looking for train S 3777 at Berlin-Friedrichshagen
       Departing at: 2025-10-20 14:37
       Checking 139 arrivals (aggregated from all related platforms/sections)
       ✓ Found match! Arrives at: 2025-10-20 14:59 (travel: 22min)
    🔍 Looking for train S 7568 at Berlin Friedrichstraße (S)
       Departing at: 2025-10-20 14:16
       Checking 884 arrivals (aggregated from all related platforms/sections)
       ✓ Found match! Arrives at: 2025-10-20 14:23 (travel: 7min)
    🔍 Looking for train S 7568 at Berlin Westkreuz
       Departing at: 2025-10-20 14:16
       Checking 0 arrivals (aggregated from all related platforms/sections)
       ✗ No matching arrival found
       ⚠️  NO S-Bahn arrivals found within 30 minutes of departure
    🔍 Looking for train S 7568 at Berlin-Nikolassee
       Departing at: 2025-10-20 14:16
       Checking 274 arrivals (aggregated from all related platforms/sections)
       ✓ Found match! Arrives at: 2025-10-20 14:50 (travel: 34min)
    🔍 Looking for train S 5091 at Berlin Warschauer Straße
       Departing at: 2025-10-20 14:52
       Checking 530 arrivals (aggregated from all related platforms/sections)
       ✗ Time diff out of range: 2min
       ✗ No matching arrival found
       Sample of available trains:
         - S 9027 at 2510200359
         - S 9025 at 2510200339
         - S 9023 at 2510200326
    🔍 Looking for train S 5091 at Berlin Ostkreuz (S)
       Departing at: 2025-10-20 14:52
       Checking 0 arrivals (aggregated from all related platforms/sections)
       ✗ No matching arrival found
       ⚠️  NO S-Bahn arrivals found within 30 minutes of departure
    🔍 Looking for train S 5091 at Berlin-Friedrichsfelde Ost
       Departing at: 2025-10-20 14:52
       Checking 0 arrivals (aggregated from all related platforms/sections)
       ✗ No matching arrival found
    🔍 Looking for train S 5571 at Berlin Warschauer Straße
       Departing at: 2025-10-20 14:02
       Checking 530 arrivals (aggregated from all related platforms/sections)
       ✗ Time diff out of range: 2min
       ✗ No matching arrival found
       Sample of available trains:
         - S 9027 at 2510200359
         - S 9025 at 2510200339
         - S 9023 at 2510200326
    🔍 Looking for train S 5571 at Berlin Ostkreuz (S)
       Departing at: 2025-10-20 14:02
       Checking 0 arrivals (aggregated from all related platforms/sections)
       ✗ No matching arrival found
       ⚠️  NO S-Bahn arrivals found within 30 minutes of departure
    🔍 Looking for train S 3779 at Berlin Warschauer Straße
       Departing at: 2025-10-20 14:57
       Checking 530 arrivals (aggregated from all related platforms/sections)
       ✗ Time diff out of range: 2min
       ✗ No matching arrival found
       Sample of available trains:
         - S 9027 at 2510200359
         - S 9025 at 2510200339
         - S 9023 at 2510200326
    🔍 Looking for train S 3779 at Berlin Ostkreuz (S)
       Departing at: 2025-10-20 14:57
       Checking 0 arrivals (aggregated from all related platforms/sections)
       ✗ No matching arrival found
       ⚠️  NO S-Bahn arrivals found within 30 minutes of departure
    🔍 Looking for train S 3779 at Berlin-Karlshorst (S)
       Departing at: 2025-10-20 14:57
       Checking 0 arrivals (aggregated from all related platforms/sections)
       ✗ No matching arrival found
    🔍 Looking for train S 3779 at Berlin-Köpenick
       Departing at: 2025-10-20 14:57
       Checking 139 arrivals (aggregated from all related platforms/sections)
       ✓ Found match! Arrives at: 2025-10-20 15:14 (travel: 17min)
    🔍 Looking for train S 3779 at Berlin-Friedrichshagen
       Departing at: 2025-10-20 14:57
       Checking 139 arrivals (aggregated from all related platforms/sections)
       ✓ Found match! Arrives at: 2025-10-20 15:19 (travel: 22min)
    🔍 Looking for train S 7567 at Berlin Warschauer Straße
       Departing at: 2025-10-20 14:39
       Checking 530 arrivals (aggregated from all related platforms/sections)
       ✗ Time diff out of range: 2min
       ✗ No matching arrival found
       Sample of available trains:
         - S 9027 at 2510200359
         - S 9025 at 2510200339
         - S 9023 at 2510200326
    🔍 Looking for train S 7567 at Berlin Ostkreuz (S)
       Departing at: 2025-10-20 14:39
       Checking 0 arrivals (aggregated from all related platforms/sections)
       ✗ No matching arrival found
       ⚠️  NO S-Bahn arrivals found within 30 minutes of departure
    🔍 Looking for train S 5086 at Berlin Friedrichstraße (S)
       Departing at: 2025-10-20 14:43
       Checking 884 arrivals (aggregated from all related platforms/sections)
       ✓ Found match! Arrives at: 2025-10-20 14:51 (travel: 8min)
    🔍 Looking for train S 5086 at Berlin Westkreuz
       Departing at: 2025-10-20 14:43
       Checking 0 arrivals (aggregated from all related platforms/sections)
       ✗ No matching arrival found
       ⚠️  NO S-Bahn arrivals found within 30 minutes of departure
    🔍 Looking for train S 5087 at Berlin Warschauer Straße
       Departing at: 2025-10-20 14:12
       Checking 530 arrivals (aggregated from all related platforms/sections)
       ✗ Time diff out of range: 2min
       ✗ No matching arrival found
       Sample of available trains:
         - S 9027 at 2510200359
         - S 9025 at 2510200339
         - S 9023 at 2510200326
    🔍 Looking for train S 5087 at Berlin Ostkreuz (S)
       Departing at: 2025-10-20 14:12
       Checking 0 arrivals (aggregated from all related platforms/sections)
       ✗ No matching arrival found
       ⚠️  NO S-Bahn arrivals found within 30 minutes of departure
    🔍 Looking for train S 5087 at Berlin-Friedrichsfelde Ost
       Departing at: 2025-10-20 14:12
       Checking 0 arrivals (aggregated from all related platforms/sections)
       ✗ No matching arrival found
    🔍 Looking for train S 7101 at Berlin Warschauer Straße
       Departing at: 2025-10-20 14:29
       Checking 530 arrivals (aggregated from all related platforms/sections)
       ✗ Time diff out of range: 2min
       ✗ No matching arrival found
       Sample of available trains:
         - S 9027 at 2510200359
         - S 9025 at 2510200339
         - S 9023 at 2510200326
    🔍 Looking for train S 7101 at Berlin Ostkreuz (S)
       Departing at: 2025-10-20 14:29
       Checking 0 arrivals (aggregated from all related platforms/sections)
       ✗ No matching arrival found
       ⚠️  NO S-Bahn arrivals found within 30 minutes of departure
    🔍 Looking for train S 7101 at Berlin-Friedrichsfelde Ost
       Departing at: 2025-10-20 14:29
       Checking 0 arrivals (aggregated from all related platforms/sections)
       ✗ No matching arrival found
    🔍 Looking for train S 7570 at Berlin Friedrichstraße (S)
       Departing at: 2025-10-20 14:36
       Checking 884 arrivals (aggregated from all related platforms/sections)
       ✓ Found match! Arrives at: 2025-10-20 14:43 (travel: 7min)
    🔍 Looking for train S 7570 at Berlin Westkreuz
       Departing at: 2025-10-20 14:36
       Checking 0 arrivals (aggregated from all related platforms/sections)
       ✗ No matching arrival found
       ⚠️  NO S-Bahn arrivals found within 30 minutes of departure
    🔍 Looking for train S 7570 at Berlin-Nikolassee
       Departing at: 2025-10-20 14:36
       Checking 274 arrivals (aggregated from all related platforms/sections)
       ✓ Found match! Arrives at: 2025-10-20 15:10 (travel: 34min)
    🔍 Looking for train S 3381 at Berlin Warschauer Straße
       Departing at: 2025-10-20 14:05
       Checking 530 arrivals (aggregated from all related platforms/sections)
       ✗ Time diff out of range: 1min
       ✗ No matching arrival found
       Sample of available trains:
         - S 9027 at 2510200359
         - S 9025 at 2510200339
         - S 9023 at 2510200326
    🔍 Looking for train S 3381 at Berlin Ostkreuz (S)
       Departing at: 2025-10-20 14:05
       Checking 0 arrivals (aggregated from all related platforms/sections)
       ✗ No matching arrival found
       ⚠️  NO S-Bahn arrivals found within 30 minutes of departure
    🔍 Looking for train S 3381 at Berlin-Karlshorst (S)
       Departing at: 2025-10-20 14:05
       Checking 0 arrivals (aggregated from all related platforms/sections)
       ✗ No matching arrival found
    🔍 Looking for train S 5089 at Berlin Warschauer Straße
       Departing at: 2025-10-20 14:32
       Checking 530 arrivals (aggregated from all related platforms/sections)
       ✗ Time diff out of range: 2min
       ✗ No matching arrival found
       Sample of available trains:
         - S 9027 at 2510200359
         - S 9025 at 2510200339
         - S 9023 at 2510200326
    🔍 Looking for train S 5089 at Berlin Ostkreuz (S)
       Departing at: 2025-10-20 14:32
       Checking 0 arrivals (aggregated from all related platforms/sections)
       ✗ No matching arrival found
       ⚠️  NO S-Bahn arrivals found within 30 minutes of departure
    🔍 Looking for train S 5089 at Berlin-Friedrichsfelde Ost
       Departing at: 2025-10-20 14:32
       Checking 0 arrivals (aggregated from all related platforms/sections)
       ✗ No matching arrival found
    🔍 Looking for train S 9390 at Berlin Friedrichstraße (S)
       Departing at: 2025-10-20 14:28
       Checking 884 arrivals (aggregated from all related platforms/sections)
       ✓ Found match! Arrives at: 2025-10-20 14:36 (travel: 8min)
    🔍 Looking for train S 9390 at Berlin Westkreuz
       Departing at: 2025-10-20 14:28
       Checking 0 arrivals (aggregated from all related platforms/sections)
       ✗ No matching arrival found
       ⚠️  NO S-Bahn arrivals found within 30 minutes of departure
    🔍 Looking for train S 9390 at Berlin Messe Süd (Eichkamp)
       Departing at: 2025-10-20 14:28
       Checking 0 arrivals (aggregated from all related platforms/sections)
       ✗ No matching arrival found
    🔍 Looking for train S 9390 at Berlin Olympiastadion
       Departing at: 2025-10-20 14:28
       Checking 0 arrivals (aggregated from all related platforms/sections)
       ✗ No matching arrival found
    🔍 Looking for train S 9390 at Berlin-Spandau (S)
       Departing at: 2025-10-20 14:28
       Checking 0 arrivals (aggregated from all related platforms/sections)
       ✗ No matching arrival found
    🔍 Looking for train S 3772 at Berlin Friedrichstraße (S)
       Departing at: 2025-10-20 14:31
       Checking 884 arrivals (aggregated from all related platforms/sections)
       ✓ Found match! Arrives at: 2025-10-20 14:38 (travel: 7min)
    🔍 Looking for train RE 3705 at Berlin Hbf
       Departing at: 2025-10-20 03:59
       Checking 0 arrivals (aggregated from all related platforms/sections)
       ✗ No matching arrival found
    🔍 Looking for train RE 3705 at Berlin Zoologischer Garten
       Departing at: 2025-10-20 03:59
       Checking 0 arrivals (aggregated from all related platforms/sections)
       ✗ No matching arrival found
    🔍 Looking for train RE 3705 at Berlin-Charlottenburg
       Departing at: 2025-10-20 03:59
       Checking 0 arrivals (aggregated from all related platforms/sections)
       ✗ No matching arrival found
    🔍 Looking for train FEX 19803 at Berlin Ostkreuz
       Departing at: 2025-10-20 03:40
       Checking 0 arrivals (aggregated from all related platforms/sections)
       ✗ No matching arrival found
    🔍 Looking for train RE 62043 at Berlin Hbf
       Departing at: 2025-10-20 03:01
       Checking 0 arrivals (aggregated from all related platforms/sections)
       ✗ No matching arrival found
    🔍 Looking for train RE 62043 at Berlin Zoologischer Garten
       Departing at: 2025-10-20 03:01
       Checking 0 arrivals (aggregated from all related platforms/sections)
       ✗ No matching arrival found
    🔍 Looking for train RE 62043 at Berlin-Charlottenburg
       Departing at: 2025-10-20 03:01
       Checking 0 arrivals (aggregated from all related platforms/sections)
       ✗ No matching arrival found
    🔍 Looking for train RE 62044 at Berlin Ostkreuz
       Departing at: 2025-10-20 03:56
       Checking 0 arrivals (aggregated from all related platforms/sections)
       ✗ No matching arrival found
    🔍 Looking for train FEX 19801 at Berlin Ostkreuz
       Departing at: 2025-10-20 03:26
       Checking 0 arrivals (aggregated from all related platforms/sections)
       ✗ No matching arrival found
    🔍 Looking for train ICE 656 at Berlin Hbf
       Departing at: 2025-10-20 04:43
       Checking 0 arrivals (aggregated from all related platforms/sections)
       ✗ No matching arrival found
    🔍 Looking for train ICE 656 at Berlin Zoologischer Garten
       Departing at: 2025-10-20 04:43
       Checking 0 arrivals (aggregated from all related platforms/sections)
       ✗ No matching arrival found
    🔍 Looking for train ICE 656 at Berlin-Spandau
       Departing at: 2025-10-20 04:43
       Checking 0 arrivals (aggregated from all related platforms/sections)
       ✗ No matching arrival found
    🔍 Looking for train RE 62048 at Berlin Ostkreuz
       Departing at: 2025-10-20 04:52
       Checking 0 arrivals (aggregated from all related platforms/sections)
       ✗ No matching arrival found
    🔍 Looking for train ICE 646 at Berlin Hbf
       Departing at: 2025-10-20 04:11
       Checking 0 arrivals (aggregated from all related platforms/sections)
       ✗ No matching arrival found
    🔍 Looking for train ICE 646 at Berlin Zoologischer Garten
       Departing at: 2025-10-20 04:11
       Checking 0 arrivals (aggregated from all related platforms/sections)
       ✗ No matching arrival found
    🔍 Looking for train ICE 646 at Berlin-Spandau
       Departing at: 2025-10-20 04:11
       Checking 0 arrivals (aggregated from all related platforms/sections)
       ✗ No matching arrival found
    🔍 Looking for train RE 3101 at Berlin Hbf
       Departing at: 2025-10-20 04:23
       Checking 0 arrivals (aggregated from all related platforms/sections)
       ✗ No matching arrival found
    🔍 Looking for train RE 3101 at Berlin Zoologischer Garten
       Departing at: 2025-10-20 04:23
       Checking 0 arrivals (aggregated from all related platforms/sections)
       ✗ No matching arrival found
    🔍 Looking for train RE 3101 at Berlin-Charlottenburg
       Departing at: 2025-10-20 04:23
       Checking 0 arrivals (aggregated from all related platforms/sections)
       ✗ No matching arrival found
    🔍 Looking for train RE 73757 at Berlin Hbf
       Departing at: 2025-10-20 04:30
       Checking 0 arrivals (aggregated from all related platforms/sections)
       ✗ No matching arrival found
    🔍 Looking for train RE 73757 at Berlin Zoologischer Garten
       Departing at: 2025-10-20 04:30
       Checking 0 arrivals (aggregated from all related platforms/sections)
       ✗ No matching arrival found
    🔍 Looking for train RE 73757 at Berlin-Wannsee
       Departing at: 2025-10-20 04:30
       Checking 0 arrivals (aggregated from all related platforms/sections)
       ✗ No matching arrival found
    🔍 Looking for train RE 62001 at Berlin Hbf
       Departing at: 2025-10-20 04:04
       Checking 0 arrivals (aggregated from all related platforms/sections)
       ✗ No matching arrival found
    🔍 Looking for train RE 62001 at Berlin Zoologischer Garten
       Departing at: 2025-10-20 04:04
       Checking 0 arrivals (aggregated from all related platforms/sections)
       ✗ No matching arrival found
    🔍 Looking for train RE 62001 at Berlin-Spandau
       Departing at: 2025-10-20 04:04
       Checking 0 arrivals (aggregated from all related platforms/sections)
       ✗ No matching arrival found
    🔍 Looking for train RE 73800 at Berlin Ostkreuz
       Departing at: 2025-10-20 04:44
       Checking 0 arrivals (aggregated from all related platforms/sections)
       ✗ No matching arrival found
    🔍 Looking for train RE 73752 at Berlin Ostkreuz
       Departing at: 2025-10-20 04:22
       Checking 0 arrivals (aggregated from all related platforms/sections)
       ✗ No matching arrival found
    🔍 Looking for train ICE 275 at Berlin Hbf
       Departing at: 2025-10-20 04:16
       Checking 0 arrivals (aggregated from all related platforms/sections)
       ✗ No matching arrival found
    🔍 Looking for train ICE 275 at Berlin Zoologischer Garten
       Departing at: 2025-10-20 04:16
       Checking 0 arrivals (aggregated from all related platforms/sections)
       ✗ No matching arrival found
    🔍 Looking for train ICE 275 at Berlin-Spandau
       Departing at: 2025-10-20 04:16
       Checking 0 arrivals (aggregated from all related platforms/sections)
       ✗ No matching arrival found
    🔍 Looking for train RE 73717 at Berlin Hbf
       Departing at: 2025-10-20 04:49
       Checking 0 arrivals (aggregated from all related platforms/sections)
       ✗ No matching arrival found
    🔍 Looking for train RE 73717 at Berlin Zoologischer Garten
       Departing at: 2025-10-20 04:49
       Checking 0 arrivals (aggregated from all related platforms/sections)
       ✗ No matching arrival found
    🔍 Looking for train RE 73717 at Berlin-Charlottenburg
       Departing at: 2025-10-20 04:49
       Checking 0 arrivals (aggregated from all related platforms/sections)
       ✗ No matching arrival found
    🔍 Looking for train RE 73717 at Berlin-Wannsee
       Departing at: 2025-10-20 04:49
       Checking 0 arrivals (aggregated from all related platforms/sections)
       ✗ No matching arrival found
    🔍 Looking for train RE 3702 at Berlin Ostkreuz
       Departing at: 2025-10-20 04:59
       Checking 0 arrivals (aggregated from all related platforms/sections)
       ✗ No matching arrival found
    🔍 Looking for train RE 73759 at Berlin Hbf
       Departing at: 2025-10-20 05:30
       Checking 0 arrivals (aggregated from all related platforms/sections)
       ✗ No matching arrival found
    🔍 Looking for train RE 73759 at Berlin Zoologischer Garten
       Departing at: 2025-10-20 05:30
       Checking 0 arrivals (aggregated from all related platforms/sections)
       ✗ No matching arrival found
    🔍 Looking for train RE 73759 at Berlin-Wannsee
       Departing at: 2025-10-20 05:30
       Checking 0 arrivals (aggregated from all related platforms/sections)
       ✗ No matching arrival found
    🔍 Looking for train IC 240 at Berlin Hbf
       Departing at: 2025-10-20 05:53
       Checking 0 arrivals (aggregated from all related platforms/sections)
       ✗ No matching arrival found
    🔍 Looking for train IC 240 at Berlin-Spandau
       Departing at: 2025-10-20 05:53
       Checking 0 arrivals (aggregated from all related platforms/sections)
       ✗ No matching arrival found
    🔍 Looking for train RE 3707 at Berlin Hbf
       Departing at: 2025-10-20 05:02
       Checking 0 arrivals (aggregated from all related platforms/sections)
       ✗ No matching arrival found
    🔍 Looking for train RE 3707 at Berlin Zoologischer Garten
       Departing at: 2025-10-20 05:02
       Checking 0 arrivals (aggregated from all related platforms/sections)
       ✗ No matching arrival found
    🔍 Looking for train RE 3707 at Berlin-Charlottenburg
       Departing at: 2025-10-20 05:02
       Checking 0 arrivals (aggregated from all related platforms/sections)
       ✗ No matching arrival found
    🔍 Looking for train RE 3707 at Berlin-Wannsee
       Departing at: 2025-10-20 05:02
       Checking 0 arrivals (aggregated from all related platforms/sections)
       ✗ No matching arrival found
    🔍 Looking for train RE 62003 at Berlin Hbf
       Departing at: 2025-10-20 05:07
       Checking 0 arrivals (aggregated from all related platforms/sections)
       ✗ No matching arrival found
    🔍 Looking for train RE 62003 at Berlin Zoologischer Garten
       Departing at: 2025-10-20 05:07
       Checking 0 arrivals (aggregated from all related platforms/sections)
       ✗ No matching arrival found
    🔍 Looking for train RE 62003 at Berlin-Spandau
       Departing at: 2025-10-20 05:07
       Checking 0 arrivals (aggregated from all related platforms/sections)
       ✗ No matching arrival found
    🔍 Looking for train ICE 1033 at Berlin Hbf
       Departing at: 2025-10-20 05:41
       Checking 0 arrivals (aggregated from all related platforms/sections)
       ✗ No matching arrival found
    🔍 Looking for train ICE 1033 at Berlin-Spandau
       Departing at: 2025-10-20 05:41
       Checking 0 arrivals (aggregated from all related platforms/sections)
       ✗ No matching arrival found
    🔍 Looking for train RE 73754 at Berlin Ostkreuz
       Departing at: 2025-10-20 05:25
       Checking 0 arrivals (aggregated from all related platforms/sections)
       ✗ No matching arrival found
    🔍 Looking for train ICE 946 at Berlin Hbf
       Departing at: 2025-10-20 05:16
       Checking 0 arrivals (aggregated from all related platforms/sections)
       ✗ No matching arrival found
    🔍 Looking for train ICE 946 at Berlin Zoologischer Garten
       Departing at: 2025-10-20 05:16
       Checking 0 arrivals (aggregated from all related platforms/sections)
       ✗ No matching arrival found
    🔍 Looking for train ICE 946 at Berlin-Spandau
       Departing at: 2025-10-20 05:16
       Checking 0 arrivals (aggregated from all related platforms/sections)
       ✗ No matching arrival found
    🔍 Looking for train ICE 956 at Berlin Hbf
       Departing at: 2025-10-20 05:16
       Checking 0 arrivals (aggregated from all related platforms/sections)
       ✗ No matching arrival found
    🔍 Looking for train ICE 956 at Berlin Zoologischer Garten
       Departing at: 2025-10-20 05:16
       Checking 0 arrivals (aggregated from all related platforms/sections)
       ✗ No matching arrival found
    🔍 Looking for train ICE 956 at Berlin-Spandau
       Departing at: 2025-10-20 05:16
       Checking 0 arrivals (aggregated from all related platforms/sections)
       ✗ No matching arrival found
    🔍 Looking for train RE 3704 at Berlin Ostkreuz
       Departing at: 2025-10-20 05:56
       Checking 0 arrivals (aggregated from all related platforms/sections)
       ✗ No matching arrival found
    🔍 Looking for train RE 3103 at Berlin Hbf
       Departing at: 2025-10-20 05:25
       Checking 0 arrivals (aggregated from all related platforms/sections)
       ✗ No matching arrival found
    🔍 Looking for train RE 3103 at Berlin Zoologischer Garten
       Departing at: 2025-10-20 05:25
       Checking 0 arrivals (aggregated from all related platforms/sections)
       ✗ No matching arrival found
    🔍 Looking for train RE 3103 at Berlin-Charlottenburg
       Departing at: 2025-10-20 05:25
       Checking 0 arrivals (aggregated from all related platforms/sections)
       ✗ No matching arrival found
    🔍 Looking for train RE 3103 at Berlin-Spandau
       Departing at: 2025-10-20 05:25
       Checking 0 arrivals (aggregated from all related platforms/sections)
       ✗ No matching arrival found
    🔍 Looking for train RE 3102 at Berlin Ostkreuz
       Departing at: 2025-10-20 05:35
       Checking 0 arrivals (aggregated from all related platforms/sections)
       ✗ No matching arrival found
    🔍 Looking for train ICE 1158 at Berlin Hbf
       Departing at: 2025-10-20 05:21
       Checking 0 arrivals (aggregated from all related platforms/sections)
       ✗ No matching arrival found
    🔍 Looking for train ICE 1158 at Berlin Zoologischer Garten
       Departing at: 2025-10-20 05:21
       Checking 0 arrivals (aggregated from all related platforms/sections)
       ✗ No matching arrival found
    🔍 Looking for train ICE 1158 at Berlin-Spandau
       Departing at: 2025-10-20 05:21
       Checking 0 arrivals (aggregated from all related platforms/sections)
       ✗ No matching arrival found
    🔍 Looking for train RE 73719 at Berlin Hbf
       Departing at: 2025-10-20 05:49
       Checking 0 arrivals (aggregated from all related platforms/sections)
       ✗ No matching arrival found
    🔍 Looking for train RE 73719 at Berlin Zoologischer Garten
       Departing at: 2025-10-20 05:49
       Checking 0 arrivals (aggregated from all related platforms/sections)
       ✗ No matching arrival found
    🔍 Looking for train RE 73719 at Berlin-Charlottenburg
       Departing at: 2025-10-20 05:49
       Checking 0 arrivals (aggregated from all related platforms/sections)
       ✗ No matching arrival found
    🔍 Looking for train RE 73719 at Berlin-Wannsee
       Departing at: 2025-10-20 05:49
       Checking 0 arrivals (aggregated from all related platforms/sections)
       ✗ No matching arrival found
    🔍 Looking for train RE 62000 at Berlin Ostkreuz
       Departing at: 2025-10-20 05:44
       Checking 0 arrivals (aggregated from all related platforms/sections)
       ✗ No matching arrival found
    🔍 Looking for train RE 73721 at Berlin Hbf
       Departing at: 2025-10-20 06:49
       Checking 0 arrivals (aggregated from all related platforms/sections)
       ✗ No matching arrival found
    🔍 Looking for train RE 73721 at Berlin Zoologischer Garten
       Departing at: 2025-10-20 06:49
       Checking 0 arrivals (aggregated from all related platforms/sections)
       ✗ No matching arrival found
    🔍 Looking for train RE 73721 at Berlin-Charlottenburg
       Departing at: 2025-10-20 06:49
       Checking 0 arrivals (aggregated from all related platforms/sections)
       ✗ No matching arrival found
    🔍 Looking for train RE 73721 at Berlin-Wannsee
       Departing at: 2025-10-20 06:49
       Checking 0 arrivals (aggregated from all related platforms/sections)
       ✗ No matching arrival found
    🔍 Looking for train RE 3709 at Berlin Hbf
       Departing at: 2025-10-20 06:02
       Checking 0 arrivals (aggregated from all related platforms/sections)
       ✗ No matching arrival found
    🔍 Looking for train RE 3709 at Berlin Zoologischer Garten
       Departing at: 2025-10-20 06:02
       Checking 0 arrivals (aggregated from all related platforms/sections)
       ✗ No matching arrival found
    🔍 Looking for train RE 3709 at Berlin-Charlottenburg
       Departing at: 2025-10-20 06:02
       Checking 0 arrivals (aggregated from all related platforms/sections)
       ✗ No matching arrival found
    🔍 Looking for train RE 3709 at Berlin-Wannsee
       Departing at: 2025-10-20 06:02
       Checking 0 arrivals (aggregated from all related platforms/sections)
       ✗ No matching arrival found
    🔍 Looking for train RE 73714 at Berlin Ostkreuz
       Departing at: 2025-10-20 06:06
       Checking 0 arrivals (aggregated from all related platforms/sections)
       ✗ No matching arrival found
    🔍 Looking for train RE 73805 at Berlin Hbf
       Departing at: 2025-10-20 06:12
       Checking 0 arrivals (aggregated from all related platforms/sections)
       ✗ No matching arrival found
    🔍 Looking for train RE 73805 at Berlin Zoologischer Garten
       Departing at: 2025-10-20 06:12
       Checking 0 arrivals (aggregated from all related platforms/sections)
       ✗ No matching arrival found
    🔍 Looking for train RE 73805 at Berlin-Charlottenburg
       Departing at: 2025-10-20 06:12
       Checking 0 arrivals (aggregated from all related platforms/sections)
       ✗ No matching arrival found
    🔍 Looking for train RE 73805 at Berlin-Wannsee
       Departing at: 2025-10-20 06:12
       Checking 0 arrivals (aggregated from all related platforms/sections)
       ✗ No matching arrival found
    🔍 Looking for train RE 3706 at Berlin Ostkreuz
       Departing at: 2025-10-20 06:58
       Checking 0 arrivals (aggregated from all related platforms/sections)
       ✗ No matching arrival found
    🔍 Looking for train ICE 654 at Berlin Hbf
       Departing at: 2025-10-20 06:44
       Checking 0 arrivals (aggregated from all related platforms/sections)
       ✗ No matching arrival found
    🔍 Looking for train ICE 654 at Berlin-Spandau
       Departing at: 2025-10-20 06:44
       Checking 0 arrivals (aggregated from all related platforms/sections)
       ✗ No matching arrival found
    🔍 Looking for train RE 73756 at Berlin Ostkreuz
       Departing at: 2025-10-20 06:25
       Checking 0 arrivals (aggregated from all related platforms/sections)
       ✗ No matching arrival found
    🔍 Looking for train RE 18753 at Berlin Hbf
       Departing at: 2025-10-20 06:42
       Checking 0 arrivals (aggregated from all related platforms/sections)
       ✗ No matching arrival found
    🔍 Looking for train RE 18753 at Berlin Zoologischer Garten
       Departing at: 2025-10-20 06:42
       Checking 0 arrivals (aggregated from all related platforms/sections)
       ✗ No matching arrival found
    🔍 Looking for train RE 18753 at Berlin-Charlottenburg
       Departing at: 2025-10-20 06:42
       Checking 0 arrivals (aggregated from all related platforms/sections)
       ✗ No matching arrival found
    🔍 Looking for train RE 18753 at Berlin-Wannsee
       Departing at: 2025-10-20 06:42
       Checking 0 arrivals (aggregated from all related platforms/sections)
       ✗ No matching arrival found
    🔍 Looking for train RE 3105 at Berlin Hbf
       Departing at: 2025-10-20 06:25
       Checking 0 arrivals (aggregated from all related platforms/sections)
       ✗ No matching arrival found
    🔍 Looking for train RE 3105 at Berlin Zoologischer Garten
       Departing at: 2025-10-20 06:25
       Checking 0 arrivals (aggregated from all related platforms/sections)
       ✗ No matching arrival found
    🔍 Looking for train RE 3105 at Berlin-Charlottenburg
       Departing at: 2025-10-20 06:25
       Checking 0 arrivals (aggregated from all related platforms/sections)
       ✗ No matching arrival found
    🔍 Looking for train RE 3105 at Berlin-Spandau
       Departing at: 2025-10-20 06:25
       Checking 0 arrivals (aggregated from all related platforms/sections)
       ✗ No matching arrival found
    🔍 Looking for train RE 18754 at Berlin Ostkreuz
       Departing at: 2025-10-20 06:16
       Checking 0 arrivals (aggregated from all related platforms/sections)
       ✗ No matching arrival found
    🔍 Looking for train ICE 1052 at Berlin Hbf
       Departing at: 2025-10-20 06:53
       Checking 0 arrivals (aggregated from all related platforms/sections)
       ✗ No matching arrival found
    🔍 Looking for train ICE 1052 at Berlin-Spandau
       Departing at: 2025-10-20 06:53
       Checking 0 arrivals (aggregated from all related platforms/sections)
       ✗ No matching arrival found
    🔍 Looking for train RE 62005 at Berlin Hbf
       Departing at: 2025-10-20 06:07
       Checking 0 arrivals (aggregated from all related platforms/sections)
       ✗ No matching arrival found
    🔍 Looking for train RE 62005 at Berlin Zoologischer Garten
       Departing at: 2025-10-20 06:07
       Checking 0 arrivals (aggregated from all related platforms/sections)
       ✗ No matching arrival found
    🔍 Looking for train RE 62005 at Berlin-Spandau
       Departing at: 2025-10-20 06:07
       Checking 0 arrivals (aggregated from all related platforms/sections)
       ✗ No matching arrival found
    🔍 Looking for train RE 3104 at Berlin Ostkreuz
       Departing at: 2025-10-20 06:35
       Checking 0 arrivals (aggregated from all related platforms/sections)
       ✗ No matching arrival found
    🔍 Looking for train ICE 644 at Berlin Hbf
       Departing at: 2025-10-20 06:33
       Checking 0 arrivals (aggregated from all related platforms/sections)
       ✗ No matching arrival found
    🔍 Looking for train ICE 644 at Berlin-Spandau
       Departing at: 2025-10-20 06:33
       Checking 0 arrivals (aggregated from all related platforms/sections)
       ✗ No matching arrival found
    🔍 Looking for train ICE 277 at Berlin Hbf
       Departing at: 2025-10-20 06:15
       Checking 0 arrivals (aggregated from all related platforms/sections)
       ✗ No matching arrival found
    🔍 Looking for train ICE 277 at Berlin-Spandau
       Departing at: 2025-10-20 06:15
       Checking 0 arrivals (aggregated from all related platforms/sections)
       ✗ No matching arrival found
    🔍 Looking for train RE 73761 at Berlin Hbf
       Departing at: 2025-10-20 06:30
       Checking 0 arrivals (aggregated from all related platforms/sections)
       ✗ No matching arrival found
    🔍 Looking for train RE 73761 at Berlin Zoologischer Garten
       Departing at: 2025-10-20 06:30
       Checking 0 arrivals (aggregated from all related platforms/sections)
       ✗ No matching arrival found
    🔍 Looking for train RE 73761 at Berlin-Wannsee
       Departing at: 2025-10-20 06:30
       Checking 0 arrivals (aggregated from all related platforms/sections)
       ✗ No matching arrival found
    🔍 Looking for train RE 62002 at Berlin Ostkreuz
       Departing at: 2025-10-20 06:53
       Checking 0 arrivals (aggregated from all related platforms/sections)
       ✗ No matching arrival found
    🔍 Looking for train RE 3106 at Berlin Ostkreuz
       Departing at: 2025-10-20 07:35
       Checking 0 arrivals (aggregated from all related platforms/sections)
       ✗ No matching arrival found
    🔍 Looking for train RE 3708 at Berlin Ostkreuz
       Departing at: 2025-10-20 07:58
       Checking 0 arrivals (aggregated from all related platforms/sections)
       ✗ No matching arrival found
    🔍 Looking for train RE 18756 at Berlin Ostkreuz
       Departing at: 2025-10-20 07:16
       Checking 0 arrivals (aggregated from all related platforms/sections)
       ✗ No matching arrival found
    🔍 Looking for train RE 73807 at Berlin Hbf
       Departing at: 2025-10-20 07:12
       Checking 0 arrivals (aggregated from all related platforms/sections)
       ✗ No matching arrival found
    🔍 Looking for train RE 73807 at Berlin Zoologischer Garten
       Departing at: 2025-10-20 07:12
       Checking 0 arrivals (aggregated from all related platforms/sections)
       ✗ No matching arrival found
    🔍 Looking for train RE 73807 at Berlin-Charlottenburg
       Departing at: 2025-10-20 07:12
       Checking 0 arrivals (aggregated from all related platforms/sections)
       ✗ No matching arrival found
    🔍 Looking for train RE 73807 at Berlin-Wannsee
       Departing at: 2025-10-20 07:12
       Checking 0 arrivals (aggregated from all related platforms/sections)
       ✗ No matching arrival found
    🔍 Looking for train RE 18755 at Berlin Hbf
       Departing at: 2025-10-20 07:41
       Checking 0 arrivals (aggregated from all related platforms/sections)
       ✗ No matching arrival found
    🔍 Looking for train RE 18755 at Berlin Zoologischer Garten
       Departing at: 2025-10-20 07:41
       Checking 0 arrivals (aggregated from all related platforms/sections)
       ✗ No matching arrival found
    🔍 Looking for train RE 18755 at Berlin-Charlottenburg
       Departing at: 2025-10-20 07:41
       Checking 0 arrivals (aggregated from all related platforms/sections)
       ✗ No matching arrival found
    🔍 Looking for train RE 18755 at Berlin-Wannsee
       Departing at: 2025-10-20 07:41
       Checking 0 arrivals (aggregated from all related platforms/sections)
       ✗ No matching arrival found
    🔍 Looking for train RE 62007 at Berlin Hbf
       Departing at: 2025-10-20 07:07
       Checking 0 arrivals (aggregated from all related platforms/sections)
       ✗ No matching arrival found
    🔍 Looking for train RE 62007 at Berlin Zoologischer Garten
       Departing at: 2025-10-20 07:07
       Checking 0 arrivals (aggregated from all related platforms/sections)
       ✗ No matching arrival found
    🔍 Looking for train RE 62007 at Berlin-Spandau
       Departing at: 2025-10-20 07:07
       Checking 0 arrivals (aggregated from all related platforms/sections)
       ✗ No matching arrival found
    🔍 Looking for train ICE 944 at Berlin Hbf
       Departing at: 2025-10-20 07:32
       Checking 0 arrivals (aggregated from all related platforms/sections)
       ✗ No matching arrival found
    🔍 Looking for train ICE 944 at Berlin-Spandau
       Departing at: 2025-10-20 07:32
       Checking 0 arrivals (aggregated from all related platforms/sections)
       ✗ No matching arrival found
    🔍 Looking for train RE 73758 at Berlin Ostkreuz
       Departing at: 2025-10-20 07:25
       Checking 0 arrivals (aggregated from all related platforms/sections)
       ✗ No matching arrival found
    🔍 Looking for train RE 3711 at Berlin Hbf
       Departing at: 2025-10-20 07:02
       Checking 0 arrivals (aggregated from all related platforms/sections)
       ✗ No matching arrival found
    🔍 Looking for train RE 3711 at Berlin Zoologischer Garten
       Departing at: 2025-10-20 07:02
       Checking 0 arrivals (aggregated from all related platforms/sections)
       ✗ No matching arrival found
    🔍 Looking for train RE 3711 at Berlin-Charlottenburg
       Departing at: 2025-10-20 07:02
       Checking 0 arrivals (aggregated from all related platforms/sections)
       ✗ No matching arrival found
    🔍 Looking for train RE 3711 at Berlin-Wannsee
       Departing at: 2025-10-20 07:02
       Checking 0 arrivals (aggregated from all related platforms/sections)
       ✗ No matching arrival found
    🔍 Looking for train IC 2432 at Berlin Hbf
       Departing at: 2025-10-20 07:19
       Checking 0 arrivals (aggregated from all related platforms/sections)
       ✗ No matching arrival found
    🔍 Looking for train IC 2432 at Berlin Zoologischer Garten
       Departing at: 2025-10-20 07:19
       Checking 0 arrivals (aggregated from all related platforms/sections)
       ✗ No matching arrival found
    🔍 Looking for train IC 2432 at Berlin-Spandau
       Departing at: 2025-10-20 07:19
       Checking 0 arrivals (aggregated from all related platforms/sections)
       ✗ No matching arrival found
    🔍 Looking for train RE 62432 at Berlin Hbf
       Departing at: 2025-10-20 07:19
       Checking 0 arrivals (aggregated from all related platforms/sections)
       ✗ No matching arrival found
    🔍 Looking for train RE 62432 at Berlin Zoologischer Garten
       Departing at: 2025-10-20 07:19
       Checking 0 arrivals (aggregated from all related platforms/sections)
       ✗ No matching arrival found
    🔍 Looking for train RE 62432 at Berlin-Spandau
       Departing at: 2025-10-20 07:19
       Checking 0 arrivals (aggregated from all related platforms/sections)
       ✗ No matching arrival found
    🔍 Looking for train IC 148 at Berlin Hbf
       Departing at: 2025-10-20 07:53
       Checking 0 arrivals (aggregated from all related platforms/sections)
       ✗ No matching arrival found
    🔍 Looking for train IC 148 at Berlin-Spandau
       Departing at: 2025-10-20 07:53
       Checking 0 arrivals (aggregated from all related platforms/sections)
       ✗ No matching arrival found
    🔍 Looking for train FLX 1230 at Berlin Hbf
       Departing at: 2025-10-20 07:59
       Checking 0 arrivals (aggregated from all related platforms/sections)
       ✗ No matching arrival found
    🔍 Looking for train FLX 1230 at Berlin-Spandau
       Departing at: 2025-10-20 07:59
       Checking 0 arrivals (aggregated from all related platforms/sections)
       ✗ No matching arrival found
    🔍 Looking for train RE 73723 at Berlin Hbf
       Departing at: 2025-10-20 07:49
       Checking 0 arrivals (aggregated from all related platforms/sections)
       ✗ No matching arrival found
    🔍 Looking for train RE 73723 at Berlin Zoologischer Garten
       Departing at: 2025-10-20 07:49
       Checking 0 arrivals (aggregated from all related platforms/sections)
       ✗ No matching arrival found
    🔍 Looking for train RE 73723 at Berlin-Charlottenburg
       Departing at: 2025-10-20 07:49
       Checking 0 arrivals (aggregated from all related platforms/sections)
       ✗ No matching arrival found
    🔍 Looking for train RE 73723 at Berlin-Wannsee
       Departing at: 2025-10-20 07:49
       Checking 0 arrivals (aggregated from all related platforms/sections)
       ✗ No matching arrival found
    🔍 Looking for train RE 73716 at Berlin Ostkreuz
       Departing at: 2025-10-20 07:10
       Checking 0 arrivals (aggregated from all related platforms/sections)
       ✗ No matching arrival found
    🔍 Looking for train RE 3107 at Berlin Hbf
       Departing at: 2025-10-20 07:25
       Checking 0 arrivals (aggregated from all related platforms/sections)
       ✗ No matching arrival found
    🔍 Looking for train RE 3107 at Berlin Zoologischer Garten
       Departing at: 2025-10-20 07:25
       Checking 0 arrivals (aggregated from all related platforms/sections)
       ✗ No matching arrival found
    🔍 Looking for train RE 3107 at Berlin-Charlottenburg
       Departing at: 2025-10-20 07:25
       Checking 0 arrivals (aggregated from all related platforms/sections)
       ✗ No matching arrival found
    🔍 Looking for train RE 3107 at Berlin-Spandau
       Departing at: 2025-10-20 07:25
       Checking 0 arrivals (aggregated from all related platforms/sections)
       ✗ No matching arrival found
    🔍 Looking for train RE 62004 at Berlin Ostkreuz
       Departing at: 2025-10-20 07:53
       Checking 0 arrivals (aggregated from all related platforms/sections)
       ✗ No matching arrival found
    🔍 Looking for train ICE 954 at Berlin Hbf
       Departing at: 2025-10-20 07:32
       Checking 0 arrivals (aggregated from all related platforms/sections)
       ✗ No matching arrival found
    🔍 Looking for train ICE 954 at Berlin-Spandau
       Departing at: 2025-10-20 07:32
       Checking 0 arrivals (aggregated from all related platforms/sections)
       ✗ No matching arrival found
    🔍 Looking for train ICE 1035 at Berlin Hbf
       Departing at: 2025-10-20 07:44
       Checking 0 arrivals (aggregated from all related platforms/sections)
       ✗ No matching arrival found
    🔍 Looking for train ICE 1035 at Berlin-Spandau
       Departing at: 2025-10-20 07:44
       Checking 0 arrivals (aggregated from all related platforms/sections)
       ✗ No matching arrival found
    🔍 Looking for train RE 73763 at Berlin Hbf
       Departing at: 2025-10-20 07:30
       Checking 0 arrivals (aggregated from all related platforms/sections)
       ✗ No matching arrival found
    🔍 Looking for train RE 73763 at Berlin Zoologischer Garten
       Departing at: 2025-10-20 07:30
       Checking 0 arrivals (aggregated from all related platforms/sections)
       ✗ No matching arrival found
    🔍 Looking for train RE 73763 at Berlin-Wannsee
       Departing at: 2025-10-20 07:30
       Checking 0 arrivals (aggregated from all related platforms/sections)
       ✗ No matching arrival found
    🔍 Looking for train ICE 1050 at Berlin Hbf
       Departing at: 2025-10-20 08:56
       Checking 0 arrivals (aggregated from all related platforms/sections)
       ✗ No matching arrival found
    🔍 Looking for train ICE 1050 at Berlin-Spandau
       Departing at: 2025-10-20 08:56
       Checking 0 arrivals (aggregated from all related platforms/sections)
       ✗ No matching arrival found
    🔍 Looking for train RE 73718 at Berlin Ostkreuz
       Departing at: 2025-10-20 08:10
       Checking 0 arrivals (aggregated from all related platforms/sections)
       ✗ No matching arrival found
    🔍 Looking for train RE 3710 at Berlin Ostkreuz
       Departing at: 2025-10-20 08:58
       Checking 0 arrivals (aggregated from all related platforms/sections)
       ✗ No matching arrival found
    🔍 Looking for train RE 73809 at Berlin Hbf
       Departing at: 2025-10-20 08:12
       Checking 0 arrivals (aggregated from all related platforms/sections)
       ✗ No matching arrival found
    🔍 Looking for train RE 73809 at Berlin Zoologischer Garten
       Departing at: 2025-10-20 08:12
       Checking 0 arrivals (aggregated from all related platforms/sections)
       ✗ No matching arrival found
    🔍 Looking for train RE 73809 at Berlin-Charlottenburg
       Departing at: 2025-10-20 08:12
       Checking 0 arrivals (aggregated from all related platforms/sections)
       ✗ No matching arrival found
    🔍 Looking for train RE 73809 at Berlin-Wannsee
       Departing at: 2025-10-20 08:12
       Checking 0 arrivals (aggregated from all related platforms/sections)
       ✗ No matching arrival found
    🔍 Looking for train ICE 652 at Berlin Hbf
       Departing at: 2025-10-20 08:44
       Checking 0 arrivals (aggregated from all related platforms/sections)
       ✗ No matching arrival found
    🔍 Looking for train ICE 652 at Berlin-Spandau
       Departing at: 2025-10-20 08:44
       Checking 0 arrivals (aggregated from all related platforms/sections)
       ✗ No matching arrival found
    🔍 Looking for train RE 18758 at Berlin Ostkreuz
       Departing at: 2025-10-20 08:16
       Checking 0 arrivals (aggregated from all related platforms/sections)
       ✗ No matching arrival found
    🔍 Looking for train RJ 2078 at Berlin Hbf
       Departing at: 2025-10-20 08:55
       Checking 0 arrivals (aggregated from all related platforms/sections)
       ✗ No matching arrival found
    🔍 Looking for train RE 73725 at Berlin Hbf
       Departing at: 2025-10-20 08:49
       Checking 0 arrivals (aggregated from all related platforms/sections)
       ✗ No matching arrival found
    🔍 Looking for train RE 73725 at Berlin Zoologischer Garten
       Departing at: 2025-10-20 08:49
       Checking 0 arrivals (aggregated from all related platforms/sections)
       ✗ No matching arrival found
    🔍 Looking for train RE 73725 at Berlin-Charlottenburg
       Departing at: 2025-10-20 08:49
       Checking 0 arrivals (aggregated from all related platforms/sections)
       ✗ No matching arrival found
    🔍 Looking for train RE 73725 at Berlin-Wannsee
       Departing at: 2025-10-20 08:49
       Checking 0 arrivals (aggregated from all related platforms/sections)
       ✗ No matching arrival found
    🔍 Looking for train RE 3108 at Berlin Ostkreuz
       Departing at: 2025-10-20 08:35
       Checking 0 arrivals (aggregated from all related platforms/sections)
       ✗ No matching arrival found
    🔍 Looking for train RE 18757 at Berlin Hbf
       Departing at: 2025-10-20 08:41
       Checking 0 arrivals (aggregated from all related platforms/sections)
       ✗ No matching arrival found
    🔍 Looking for train RE 18757 at Berlin Zoologischer Garten
       Departing at: 2025-10-20 08:41
       Checking 0 arrivals (aggregated from all related platforms/sections)
       ✗ No matching arrival found
    🔍 Looking for train RE 18757 at Berlin-Charlottenburg
       Departing at: 2025-10-20 08:41
       Checking 0 arrivals (aggregated from all related platforms/sections)
       ✗ No matching arrival found
    🔍 Looking for train RE 18757 at Berlin-Wannsee
       Departing at: 2025-10-20 08:41
       Checking 0 arrivals (aggregated from all related platforms/sections)
       ✗ No matching arrival found
    🔍 Looking for train RE 73765 at Berlin Hbf
       Departing at: 2025-10-20 08:30
       Checking 0 arrivals (aggregated from all related platforms/sections)
       ✗ No matching arrival found
    🔍 Looking for train RE 73765 at Berlin Zoologischer Garten
       Departing at: 2025-10-20 08:30
       Checking 0 arrivals (aggregated from all related platforms/sections)
       ✗ No matching arrival found
    🔍 Looking for train RE 73765 at Berlin-Wannsee
       Departing at: 2025-10-20 08:30
       Checking 0 arrivals (aggregated from all related platforms/sections)
       ✗ No matching arrival found
    🔍 Looking for train RE 3713 at Berlin Hbf
       Departing at: 2025-10-20 08:02
       Checking 0 arrivals (aggregated from all related platforms/sections)
       ✗ No matching arrival found
    🔍 Looking for train RE 3713 at Berlin Zoologischer Garten
       Departing at: 2025-10-20 08:02
       Checking 0 arrivals (aggregated from all related platforms/sections)
       ✗ No matching arrival found
    🔍 Looking for train RE 3713 at Berlin-Charlottenburg
       Departing at: 2025-10-20 08:02
       Checking 0 arrivals (aggregated from all related platforms/sections)
       ✗ No matching arrival found
    🔍 Looking for train RE 3713 at Berlin-Wannsee
       Departing at: 2025-10-20 08:02
       Checking 0 arrivals (aggregated from all related platforms/sections)
       ✗ No matching arrival found
    🔍 Looking for train ICE 279 at Berlin Hbf
       Departing at: 2025-10-20 08:16
       Checking 0 arrivals (aggregated from all related platforms/sections)
       ✗ No matching arrival found
    🔍 Looking for train ICE 279 at Berlin-Spandau
       Departing at: 2025-10-20 08:16
       Checking 0 arrivals (aggregated from all related platforms/sections)
       ✗ No matching arrival found
    🔍 Looking for train RE 73760 at Berlin Ostkreuz
       Departing at: 2025-10-20 08:25
       Checking 0 arrivals (aggregated from all related platforms/sections)
       ✗ No matching arrival found
    🔍 Looking for train ICE 642 at Berlin Hbf
       Departing at: 2025-10-20 08:32
       Checking 0 arrivals (aggregated from all related platforms/sections)
       ✗ No matching arrival found
    🔍 Looking for train ICE 642 at Berlin-Spandau
       Departing at: 2025-10-20 08:32
       Checking 0 arrivals (aggregated from all related platforms/sections)
       ✗ No matching arrival found
    🔍 Looking for train RE 62009 at Berlin Hbf
       Departing at: 2025-10-20 08:07
       Checking 0 arrivals (aggregated from all related platforms/sections)
       ✗ No matching arrival found
    🔍 Looking for train RE 62009 at Berlin Zoologischer Garten
       Departing at: 2025-10-20 08:07
       Checking 0 arrivals (aggregated from all related platforms/sections)
       ✗ No matching arrival found
    🔍 Looking for train RE 62009 at Berlin-Spandau
       Departing at: 2025-10-20 08:07
       Checking 0 arrivals (aggregated from all related platforms/sections)
       ✗ No matching arrival found
    🔍 Looking for train RE 3109 at Berlin Hbf
       Departing at: 2025-10-20 08:25
       Checking 0 arrivals (aggregated from all related platforms/sections)
       ✗ No matching arrival found
    🔍 Looking for train RE 3109 at Berlin Zoologischer Garten
       Departing at: 2025-10-20 08:25
       Checking 0 arrivals (aggregated from all related platforms/sections)
       ✗ No matching arrival found
    🔍 Looking for train RE 3109 at Berlin-Charlottenburg
       Departing at: 2025-10-20 08:25
       Checking 0 arrivals (aggregated from all related platforms/sections)
       ✗ No matching arrival found
    🔍 Looking for train RE 3109 at Berlin-Spandau
       Departing at: 2025-10-20 08:25
       Checking 0 arrivals (aggregated from all related platforms/sections)
       ✗ No matching arrival found
    🔍 Looking for train RE 62006 at Berlin Ostkreuz
       Departing at: 2025-10-20 08:53
       Checking 0 arrivals (aggregated from all related platforms/sections)
       ✗ No matching arrival found
    🔍 Looking for train RE 3110 at Berlin Ostkreuz
       Departing at: 2025-10-20 09:35
       Checking 0 arrivals (aggregated from all related platforms/sections)
       ✗ No matching arrival found
    🔍 Looking for train ICE 952 at Berlin Hbf
       Departing at: 2025-10-20 09:32
       Checking 0 arrivals (aggregated from all related platforms/sections)
       ✗ No matching arrival found
    🔍 Looking for train ICE 952 at Berlin-Spandau
       Departing at: 2025-10-20 09:32
       Checking 0 arrivals (aggregated from all related platforms/sections)
       ✗ No matching arrival found
    🔍 Looking for train RE 73720 at Berlin Ostkreuz
       Departing at: 2025-10-20 09:11
       Checking 0 arrivals (aggregated from all related platforms/sections)
       ✗ No matching arrival found
    🔍 Looking for train RE 3715 at Berlin Hbf
       Departing at: 2025-10-20 09:02
       Checking 0 arrivals (aggregated from all related platforms/sections)
       ✗ No matching arrival found
    🔍 Looking for train RE 3715 at Berlin Zoologischer Garten
       Departing at: 2025-10-20 09:02
       Checking 0 arrivals (aggregated from all related platforms/sections)
       ✗ No matching arrival found
    🔍 Looking for train RE 3715 at Berlin-Charlottenburg
       Departing at: 2025-10-20 09:02
       Checking 0 arrivals (aggregated from all related platforms/sections)
       ✗ No matching arrival found
    🔍 Looking for train RE 3715 at Berlin-Wannsee
       Departing at: 2025-10-20 09:02
       Checking 0 arrivals (aggregated from all related platforms/sections)
       ✗ No matching arrival found
    🔍 Looking for train RE 73767 at Berlin Hbf
       Departing at: 2025-10-20 09:30
       Checking 0 arrivals (aggregated from all related platforms/sections)
       ✗ No matching arrival found
    🔍 Looking for train RE 73767 at Berlin Zoologischer Garten
       Departing at: 2025-10-20 09:30
       Checking 0 arrivals (aggregated from all related platforms/sections)
       ✗ No matching arrival found
    🔍 Looking for train RE 73767 at Berlin-Wannsee
       Departing at: 2025-10-20 09:30
       Checking 0 arrivals (aggregated from all related platforms/sections)
       ✗ No matching arrival found
    🔍 Looking for train IC 146 at Berlin Hbf
       Departing at: 2025-10-20 09:53
       Checking 0 arrivals (aggregated from all related platforms/sections)
       ✗ No matching arrival found
    🔍 Looking for train IC 146 at Berlin-Spandau
       Departing at: 2025-10-20 09:53
       Checking 0 arrivals (aggregated from all related platforms/sections)
       ✗ No matching arrival found
    🔍 Looking for train RE 18759 at Berlin Hbf
       Departing at: 2025-10-20 09:41
       Checking 0 arrivals (aggregated from all related platforms/sections)
       ✗ No matching arrival found
    🔍 Looking for train RE 18759 at Berlin Zoologischer Garten
       Departing at: 2025-10-20 09:41
       Checking 0 arrivals (aggregated from all related platforms/sections)
       ✗ No matching arrival found
    🔍 Looking for train RE 18759 at Berlin-Charlottenburg
       Departing at: 2025-10-20 09:41
       Checking 0 arrivals (aggregated from all related platforms/sections)
       ✗ No matching arrival found
    🔍 Looking for train RE 18759 at Berlin-Wannsee
       Departing at: 2025-10-20 09:41
       Checking 0 arrivals (aggregated from all related platforms/sections)
       ✗ No matching arrival found
    🔍 Looking for train RE 73727 at Berlin Hbf
       Departing at: 2025-10-20 09:49
       Checking 0 arrivals (aggregated from all related platforms/sections)
       ✗ No matching arrival found
    🔍 Looking for train RE 73727 at Berlin Zoologischer Garten
       Departing at: 2025-10-20 09:49
       Checking 0 arrivals (aggregated from all related platforms/sections)
       ✗ No matching arrival found
    🔍 Looking for train RE 73727 at Berlin-Charlottenburg
       Departing at: 2025-10-20 09:49
       Checking 0 arrivals (aggregated from all related platforms/sections)
       ✗ No matching arrival found
    🔍 Looking for train RE 73727 at Berlin-Wannsee
       Departing at: 2025-10-20 09:49
       Checking 0 arrivals (aggregated from all related platforms/sections)
       ✗ No matching arrival found
    🔍 Looking for train RE 73811 at Berlin Hbf
       Departing at: 2025-10-20 09:12
       Checking 0 arrivals (aggregated from all related platforms/sections)
       ✗ No matching arrival found
    🔍 Looking for train RE 73811 at Berlin Zoologischer Garten
       Departing at: 2025-10-20 09:12
       Checking 0 arrivals (aggregated from all related platforms/sections)
       ✗ No matching arrival found
    🔍 Looking for train RE 73811 at Berlin-Charlottenburg
       Departing at: 2025-10-20 09:12
       Checking 0 arrivals (aggregated from all related platforms/sections)
       ✗ No matching arrival found
    🔍 Looking for train RE 73811 at Berlin-Wannsee
       Departing at: 2025-10-20 09:12
       Checking 0 arrivals (aggregated from all related platforms/sections)
       ✗ No matching arrival found
    🔍 Looking for train RE 3111 at Berlin Hbf
       Departing at: 2025-10-20 09:25
       Checking 0 arrivals (aggregated from all related platforms/sections)
       ✗ No matching arrival found
    🔍 Looking for train RE 3111 at Berlin Zoologischer Garten
       Departing at: 2025-10-20 09:25
       Checking 0 arrivals (aggregated from all related platforms/sections)
       ✗ No matching arrival found
    🔍 Looking for train RE 3111 at Berlin-Charlottenburg
       Departing at: 2025-10-20 09:25
       Checking 0 arrivals (aggregated from all related platforms/sections)
       ✗ No matching arrival found
    🔍 Looking for train RE 3111 at Berlin-Spandau
       Departing at: 2025-10-20 09:25
       Checking 0 arrivals (aggregated from all related platforms/sections)
       ✗ No matching arrival found
    🔍 Looking for train ICE 942 at Berlin Hbf
       Departing at: 2025-10-20 09:32
       Checking 0 arrivals (aggregated from all related platforms/sections)
       ✗ No matching arrival found
    🔍 Looking for train ICE 942 at Berlin-Spandau
       Departing at: 2025-10-20 09:32
       Checking 0 arrivals (aggregated from all related platforms/sections)
       ✗ No matching arrival found
    🔍 Looking for train RE 62008 at Berlin Ostkreuz
       Departing at: 2025-10-20 09:53
       Checking 0 arrivals (aggregated from all related platforms/sections)
       ✗ No matching arrival found
    🔍 Looking for train RE 73808 at Berlin Ostkreuz
       Departing at: 2025-10-20 09:47
       Checking 0 arrivals (aggregated from all related platforms/sections)
       ✗ No matching arrival found
    🔍 Looking for train ICE 1132 at Berlin Hbf
       Departing at: 2025-10-20 09:43
       Checking 0 arrivals (aggregated from all related platforms/sections)
       ✗ No matching arrival found
    🔍 Looking for train ICE 1132 at Berlin-Spandau
       Departing at: 2025-10-20 09:43
       Checking 0 arrivals (aggregated from all related platforms/sections)
       ✗ No matching arrival found
    🔍 Looking for train RE 62011 at Berlin Hbf
       Departing at: 2025-10-20 09:07
       Checking 0 arrivals (aggregated from all related platforms/sections)
       ✗ No matching arrival found
    🔍 Looking for train RE 62011 at Berlin Zoologischer Garten
       Departing at: 2025-10-20 09:07
       Checking 0 arrivals (aggregated from all related platforms/sections)
       ✗ No matching arrival found
    🔍 Looking for train RE 62011 at Berlin-Spandau
       Departing at: 2025-10-20 09:07
       Checking 0 arrivals (aggregated from all related platforms/sections)
       ✗ No matching arrival found
    🔍 Looking for train RE 3712 at Berlin Ostkreuz
       Departing at: 2025-10-20 09:58
       Checking 0 arrivals (aggregated from all related platforms/sections)
       ✗ No matching arrival found
    🔍 Looking for train RE 73762 at Berlin Ostkreuz
       Departing at: 2025-10-20 09:25
       Checking 0 arrivals (aggregated from all related platforms/sections)
       ✗ No matching arrival found
    🔍 Looking for train RE 73769 at Berlin Hbf
       Departing at: 2025-10-20 10:30
       Checking 0 arrivals (aggregated from all related platforms/sections)
       ✗ No matching arrival found
    🔍 Looking for train RE 73769 at Berlin Zoologischer Garten
       Departing at: 2025-10-20 10:30
       Checking 0 arrivals (aggregated from all related platforms/sections)
       ✗ No matching arrival found
    🔍 Looking for train RE 73769 at Berlin-Wannsee
       Departing at: 2025-10-20 10:30
       Checking 0 arrivals (aggregated from all related platforms/sections)
       ✗ No matching arrival found
    🔍 Looking for train RE 62010 at Berlin Ostkreuz
       Departing at: 2025-10-20 10:53
       Checking 0 arrivals (aggregated from all related platforms/sections)
       ✗ No matching arrival found
    🔍 Looking for train ICE 371 at Berlin Hbf
       Departing at: 2025-10-20 10:14
       Checking 0 arrivals (aggregated from all related platforms/sections)
       ✗ No matching arrival found
    🔍 Looking for train ICE 371 at Berlin-Spandau
       Departing at: 2025-10-20 10:14
       Checking 0 arrivals (aggregated from all related platforms/sections)
       ✗ No matching arrival found
    🔍 Looking for train RE 73729 at Berlin Hbf
       Departing at: 2025-10-20 10:49
       Checking 0 arrivals (aggregated from all related platforms/sections)
       ✗ No matching arrival found
    🔍 Looking for train RE 73729 at Berlin Zoologischer Garten
       Departing at: 2025-10-20 10:49
       Checking 0 arrivals (aggregated from all related platforms/sections)
       ✗ No matching arrival found
    🔍 Looking for train RE 73729 at Berlin-Charlottenburg
       Departing at: 2025-10-20 10:49
       Checking 0 arrivals (aggregated from all related platforms/sections)
       ✗ No matching arrival found
    🔍 Looking for train RE 73729 at Berlin-Wannsee
       Departing at: 2025-10-20 10:49
       Checking 0 arrivals (aggregated from all related platforms/sections)
       ✗ No matching arrival found
    🔍 Looking for train RE 3112 at Berlin Ostkreuz
       Departing at: 2025-10-20 10:35
       Checking 0 arrivals (aggregated from all related platforms/sections)
       ✗ No matching arrival found
    🔍 Looking for train RE 3714 at Berlin Ostkreuz
       Departing at: 2025-10-20 10:58
       Checking 0 arrivals (aggregated from all related platforms/sections)
       ✗ No matching arrival found
    🔍 Looking for train FLX 1245 at Berlin Hbf
       Departing at: 2025-10-20 10:12
       Checking 0 arrivals (aggregated from all related platforms/sections)
       ✗ No matching arrival found
    🔍 Looking for train ICE 758 at Berlin Hbf
       Departing at: 2025-10-20 10:53
       Checking 0 arrivals (aggregated from all related platforms/sections)
       ✗ No matching arrival found
    🔍 Looking for train ICE 758 at Berlin-Spandau
       Departing at: 2025-10-20 10:53
       Checking 0 arrivals (aggregated from all related platforms/sections)
       ✗ No matching arrival found
    🔍 Looking for train RE 62013 at Berlin Hbf
       Departing at: 2025-10-20 10:07
       Checking 0 arrivals (aggregated from all related platforms/sections)
       ✗ No matching arrival found
    🔍 Looking for train RE 62013 at Berlin Zoologischer Garten
       Departing at: 2025-10-20 10:07
       Checking 0 arrivals (aggregated from all related platforms/sections)
       ✗ No matching arrival found
    🔍 Looking for train RE 62013 at Berlin-Spandau
       Departing at: 2025-10-20 10:07
       Checking 0 arrivals (aggregated from all related platforms/sections)
       ✗ No matching arrival found
    🔍 Looking for train RE 73764 at Berlin Ostkreuz
       Departing at: 2025-10-20 10:25
       Checking 0 arrivals (aggregated from all related platforms/sections)
       ✗ No matching arrival found
    🔍 Looking for train RE 3113 at Berlin Hbf
       Departing at: 2025-10-20 10:25
       Checking 0 arrivals (aggregated from all related platforms/sections)
       ✗ No matching arrival found
    🔍 Looking for train RE 3113 at Berlin Zoologischer Garten
       Departing at: 2025-10-20 10:25
       Checking 0 arrivals (aggregated from all related platforms/sections)
       ✗ No matching arrival found
    🔍 Looking for train RE 3113 at Berlin-Charlottenburg
       Departing at: 2025-10-20 10:25
       Checking 0 arrivals (aggregated from all related platforms/sections)
       ✗ No matching arrival found
    🔍 Looking for train RE 3113 at Berlin-Spandau
       Departing at: 2025-10-20 10:25
       Checking 0 arrivals (aggregated from all related platforms/sections)
       ✗ No matching arrival found
    🔍 Looking for train ICE 640 at Berlin Hbf
       Departing at: 2025-10-20 10:33
       Checking 0 arrivals (aggregated from all related platforms/sections)
       ✗ No matching arrival found
    🔍 Looking for train ICE 640 at Berlin-Spandau
       Departing at: 2025-10-20 10:33
       Checking 0 arrivals (aggregated from all related platforms/sections)
       ✗ No matching arrival found
    🔍 Looking for train RE 73722 at Berlin Ostkreuz
       Departing at: 2025-10-20 10:09
       Checking 0 arrivals (aggregated from all related platforms/sections)
       ✗ No matching arrival found
    🔍 Looking for train RE 3717 at Berlin Hbf
       Departing at: 2025-10-20 10:02
       Checking 0 arrivals (aggregated from all related platforms/sections)
       ✗ No matching arrival found
    🔍 Looking for train RE 3717 at Berlin Zoologischer Garten
       Departing at: 2025-10-20 10:02
       Checking 0 arrivals (aggregated from all related platforms/sections)
       ✗ No matching arrival found
    🔍 Looking for train RE 3717 at Berlin-Charlottenburg
       Departing at: 2025-10-20 10:02
       Checking 0 arrivals (aggregated from all related platforms/sections)
       ✗ No matching arrival found
    🔍 Looking for train RE 3717 at Berlin-Wannsee
       Departing at: 2025-10-20 10:02
       Checking 0 arrivals (aggregated from all related platforms/sections)
       ✗ No matching arrival found
    🔍 Looking for train ICE 650 at Berlin Hbf
       Departing at: 2025-10-20 10:45
       Checking 0 arrivals (aggregated from all related platforms/sections)
       ✗ No matching arrival found
    🔍 Looking for train ICE 650 at Berlin-Spandau
       Departing at: 2025-10-20 10:45
       Checking 0 arrivals (aggregated from all related platforms/sections)
       ✗ No matching arrival found
    🔍 Looking for train ICE 940 at Berlin Hbf
       Departing at: 2025-10-20 11:32
       Checking 0 arrivals (aggregated from all related platforms/sections)
       ✗ No matching arrival found
    🔍 Looking for train ICE 940 at Berlin-Spandau
       Departing at: 2025-10-20 11:32
       Checking 0 arrivals (aggregated from all related platforms/sections)
       ✗ No matching arrival found
    🔍 Looking for train IC 144 at Berlin Hbf
       Departing at: 2025-10-20 11:53
       Checking 0 arrivals (aggregated from all related platforms/sections)
       ✗ No matching arrival found
    🔍 Looking for train IC 144 at Berlin-Spandau
       Departing at: 2025-10-20 11:53
       Checking 0 arrivals (aggregated from all related platforms/sections)
       ✗ No matching arrival found
    🔍 Looking for train RE 3115 at Berlin Hbf
       Departing at: 2025-10-20 11:25
       Checking 0 arrivals (aggregated from all related platforms/sections)
       ✗ No matching arrival found
    🔍 Looking for train RE 3115 at Berlin Zoologischer Garten
       Departing at: 2025-10-20 11:25
       Checking 0 arrivals (aggregated from all related platforms/sections)
       ✗ No matching arrival found
    🔍 Looking for train RE 3115 at Berlin-Charlottenburg
       Departing at: 2025-10-20 11:25
       Checking 0 arrivals (aggregated from all related platforms/sections)
       ✗ No matching arrival found
    🔍 Looking for train RE 3115 at Berlin-Spandau
       Departing at: 2025-10-20 11:25
       Checking 0 arrivals (aggregated from all related platforms/sections)
       ✗ No matching arrival found
    🔍 Looking for train RE 73731 at Berlin Hbf
       Departing at: 2025-10-20 11:49
       Checking 0 arrivals (aggregated from all related platforms/sections)
       ✗ No matching arrival found
    🔍 Looking for train RE 73731 at Berlin Zoologischer Garten
       Departing at: 2025-10-20 11:49
       Checking 0 arrivals (aggregated from all related platforms/sections)
       ✗ No matching arrival found
    🔍 Looking for train RE 73731 at Berlin-Charlottenburg
       Departing at: 2025-10-20 11:49
       Checking 0 arrivals (aggregated from all related platforms/sections)
       ✗ No matching arrival found
    🔍 Looking for train RE 73731 at Berlin-Wannsee
       Departing at: 2025-10-20 11:49
       Checking 0 arrivals (aggregated from all related platforms/sections)
       ✗ No matching arrival found
    🔍 Looking for train RE 3716 at Berlin Ostkreuz
       Departing at: 2025-10-20 11:58
       Checking 0 arrivals (aggregated from all related platforms/sections)
       ✗ No matching arrival found
    🔍 Looking for train RE 73766 at Berlin Ostkreuz
       Departing at: 2025-10-20 11:25
       Checking 0 arrivals (aggregated from all related platforms/sections)
       ✗ No matching arrival found
    🔍 Looking for train RE 3719 at Berlin Hbf
       Departing at: 2025-10-20 11:02
       Checking 0 arrivals (aggregated from all related platforms/sections)
       ✗ No matching arrival found
    🔍 Looking for train RE 3719 at Berlin Zoologischer Garten
       Departing at: 2025-10-20 11:02
       Checking 0 arrivals (aggregated from all related platforms/sections)
       ✗ No matching arrival found
    🔍 Looking for train RE 3719 at Berlin-Charlottenburg
       Departing at: 2025-10-20 11:02
       Checking 0 arrivals (aggregated from all related platforms/sections)
       ✗ No matching arrival found
    🔍 Looking for train RE 3719 at Berlin-Wannsee
       Departing at: 2025-10-20 11:02
       Checking 0 arrivals (aggregated from all related platforms/sections)
       ✗ No matching arrival found
    🔍 Looking for train RE 62015 at Berlin Hbf
       Departing at: 2025-10-20 11:07
       Checking 0 arrivals (aggregated from all related platforms/sections)
       ✗ No matching arrival found
    🔍 Looking for train RE 62015 at Berlin Zoologischer Garten
       Departing at: 2025-10-20 11:07
       Checking 0 arrivals (aggregated from all related platforms/sections)
       ✗ No matching arrival found
    🔍 Looking for train RE 62015 at Berlin-Spandau
       Departing at: 2025-10-20 11:07
       Checking 0 arrivals (aggregated from all related platforms/sections)
       ✗ No matching arrival found
    🔍 Looking for train RE 73724 at Berlin Ostkreuz
       Departing at: 2025-10-20 11:10
       Checking 0 arrivals (aggregated from all related platforms/sections)
       ✗ No matching arrival found
    🔍 Looking for train RE 3114 at Berlin Ostkreuz
       Departing at: 2025-10-20 11:35
       Checking 0 arrivals (aggregated from all related platforms/sections)
       ✗ No matching arrival found
    🔍 Looking for train ICE 950 at Berlin Hbf
       Departing at: 2025-10-20 11:32
       Checking 0 arrivals (aggregated from all related platforms/sections)
       ✗ No matching arrival found
    🔍 Looking for train ICE 950 at Berlin-Spandau
       Departing at: 2025-10-20 11:32
       Checking 0 arrivals (aggregated from all related platforms/sections)
       ✗ No matching arrival found
    🔍 Looking for train RE 73771 at Berlin Hbf
       Departing at: 2025-10-20 11:30
       Checking 0 arrivals (aggregated from all related platforms/sections)
       ✗ No matching arrival found
    🔍 Looking for train RE 73771 at Berlin Zoologischer Garten
       Departing at: 2025-10-20 11:30
       Checking 0 arrivals (aggregated from all related platforms/sections)
       ✗ No matching arrival found
    🔍 Looking for train RE 73771 at Berlin-Wannsee
       Departing at: 2025-10-20 11:30
       Checking 0 arrivals (aggregated from all related platforms/sections)
       ✗ No matching arrival found
    🔍 Looking for train RE 62012 at Berlin Ostkreuz
       Departing at: 2025-10-20 11:53
       Checking 0 arrivals (aggregated from all related platforms/sections)
       ✗ No matching arrival found
    🔍 Looking for train ICE 9590 at Berlin Hbf
       Departing at: 2025-10-20 11:41
       Checking 0 arrivals (aggregated from all related platforms/sections)
       ✗ No matching arrival found
    🔍 Looking for train ICE 9590 at Berlin-Spandau
       Departing at: 2025-10-20 11:41
       Checking 0 arrivals (aggregated from all related platforms/sections)
       ✗ No matching arrival found
    🔍 Looking for train EC 178 at Berlin Hbf
       Departing at: 2025-10-20 11:18
       Checking 0 arrivals (aggregated from all related platforms/sections)
       ✗ No matching arrival found
    🔍 Looking for train ICE 558 at Berlin Hbf
       Departing at: 2025-10-20 12:44
       Checking 0 arrivals (aggregated from all related platforms/sections)
       ✗ No matching arrival found
    🔍 Looking for train ICE 558 at Berlin-Spandau
       Departing at: 2025-10-20 12:44
       Checking 0 arrivals (aggregated from all related platforms/sections)
       ✗ No matching arrival found
    🔍 Looking for train RE 62017 at Berlin Hbf
       Departing at: 2025-10-20 12:07
       Checking 0 arrivals (aggregated from all related platforms/sections)
       ✗ No matching arrival found
    🔍 Looking for train RE 62017 at Berlin Zoologischer Garten
       Departing at: 2025-10-20 12:07
       Checking 0 arrivals (aggregated from all related platforms/sections)
       ✗ No matching arrival found
    🔍 Looking for train RE 62017 at Berlin-Spandau
       Departing at: 2025-10-20 12:07
       Checking 0 arrivals (aggregated from all related platforms/sections)
       ✗ No matching arrival found
    🔍 Looking for train RE 3721 at Berlin Hbf
       Departing at: 2025-10-20 12:02
       Checking 0 arrivals (aggregated from all related platforms/sections)
       ✗ No matching arrival found
    🔍 Looking for train RE 3721 at Berlin Zoologischer Garten
       Departing at: 2025-10-20 12:02
       Checking 0 arrivals (aggregated from all related platforms/sections)
       ✗ No matching arrival found
    🔍 Looking for train RE 3721 at Berlin-Charlottenburg
       Departing at: 2025-10-20 12:02
       Checking 0 arrivals (aggregated from all related platforms/sections)
       ✗ No matching arrival found
    🔍 Looking for train RE 3721 at Berlin-Wannsee
       Departing at: 2025-10-20 12:02
       Checking 0 arrivals (aggregated from all related platforms/sections)
       ✗ No matching arrival found
    🔍 Looking for train RE 3116 at Berlin Ostkreuz
       Departing at: 2025-10-20 12:35
       Checking 0 arrivals (aggregated from all related platforms/sections)
       ✗ No matching arrival found
    🔍 Looking for train RE 62014 at Berlin Ostkreuz
       Departing at: 2025-10-20 12:53
       Checking 0 arrivals (aggregated from all related platforms/sections)
       ✗ No matching arrival found
    🔍 Looking for train ICE 548 at Berlin Hbf
       Departing at: 2025-10-20 12:32
       Checking 0 arrivals (aggregated from all related platforms/sections)
       ✗ No matching arrival found
    🔍 Looking for train ICE 548 at Berlin-Spandau
       Departing at: 2025-10-20 12:32
       Checking 0 arrivals (aggregated from all related platforms/sections)
       ✗ No matching arrival found
    🔍 Looking for train RE 3117 at Berlin Hbf
       Departing at: 2025-10-20 12:25
       Checking 0 arrivals (aggregated from all related platforms/sections)
       ✗ No matching arrival found
    🔍 Looking for train RE 3117 at Berlin Zoologischer Garten
       Departing at: 2025-10-20 12:25
       Checking 0 arrivals (aggregated from all related platforms/sections)
       ✗ No matching arrival found
    🔍 Looking for train RE 3117 at Berlin-Charlottenburg
       Departing at: 2025-10-20 12:25
       Checking 0 arrivals (aggregated from all related platforms/sections)
       ✗ No matching arrival found
    🔍 Looking for train RE 3117 at Berlin-Spandau
       Departing at: 2025-10-20 12:25
       Checking 0 arrivals (aggregated from all related platforms/sections)
       ✗ No matching arrival found
    🔍 Looking for train ICE 756 at Berlin Hbf
       Departing at: 2025-10-20 12:53
       Checking 0 arrivals (aggregated from all related platforms/sections)
       ✗ No matching arrival found
    🔍 Looking for train ICE 756 at Berlin-Spandau
       Departing at: 2025-10-20 12:53
       Checking 0 arrivals (aggregated from all related platforms/sections)
       ✗ No matching arrival found
    🔍 Looking for train RE 73768 at Berlin Ostkreuz
       Departing at: 2025-10-20 12:25
       Checking 0 arrivals (aggregated from all related platforms/sections)
       ✗ No matching arrival found
    🔍 Looking for train RE 3718 at Berlin Ostkreuz
       Departing at: 2025-10-20 12:58
       Checking 0 arrivals (aggregated from all related platforms/sections)
       ✗ No matching arrival found
    🔍 Looking for train ICE 373 at Berlin Hbf
       Departing at: 2025-10-20 12:17
       Checking 0 arrivals (aggregated from all related platforms/sections)
       ✗ No matching arrival found
    🔍 Looking for train ICE 373 at Berlin-Spandau
       Departing at: 2025-10-20 12:17
       Checking 0 arrivals (aggregated from all related platforms/sections)
       ✗ No matching arrival found
    🔍 Looking for train RE 73726 at Berlin Ostkreuz
       Departing at: 2025-10-20 12:10
       Checking 0 arrivals (aggregated from all related platforms/sections)
       ✗ No matching arrival found
    🔍 Looking for train RE 73773 at Berlin Hbf
       Departing at: 2025-10-20 12:30
       Checking 0 arrivals (aggregated from all related platforms/sections)
       ✗ No matching arrival found
    🔍 Looking for train RE 73773 at Berlin Zoologischer Garten
       Departing at: 2025-10-20 12:30
       Checking 0 arrivals (aggregated from all related platforms/sections)
       ✗ No matching arrival found
    🔍 Looking for train RE 73773 at Berlin-Wannsee
       Departing at: 2025-10-20 12:30
       Checking 0 arrivals (aggregated from all related platforms/sections)
       ✗ No matching arrival found
    🔍 Looking for train RE 73733 at Berlin Hbf
       Departing at: 2025-10-20 12:49
       Checking 0 arrivals (aggregated from all related platforms/sections)
       ✗ No matching arrival found
    🔍 Looking for train RE 73733 at Berlin Zoologischer Garten
       Departing at: 2025-10-20 12:49
       Checking 0 arrivals (aggregated from all related platforms/sections)
       ✗ No matching arrival found
    🔍 Looking for train RE 73733 at Berlin-Charlottenburg
       Departing at: 2025-10-20 12:49
       Checking 0 arrivals (aggregated from all related platforms/sections)
       ✗ No matching arrival found
    🔍 Looking for train RE 73733 at Berlin-Wannsee
       Departing at: 2025-10-20 12:49
       Checking 0 arrivals (aggregated from all related platforms/sections)
       ✗ No matching arrival found
    🔍 Looking for train RE 73775 at Berlin Hbf
       Departing at: 2025-10-20 13:30
       Checking 0 arrivals (aggregated from all related platforms/sections)
       ✗ No matching arrival found
    🔍 Looking for train RE 73775 at Berlin Zoologischer Garten
       Departing at: 2025-10-20 13:30
       Checking 0 arrivals (aggregated from all related platforms/sections)
       ✗ No matching arrival found
    🔍 Looking for train RE 73775 at Berlin-Wannsee
       Departing at: 2025-10-20 13:30
       Checking 0 arrivals (aggregated from all related platforms/sections)
       ✗ No matching arrival found
    🔍 Looking for train RE 73770 at Berlin Ostkreuz
       Departing at: 2025-10-20 13:25
       Checking 0 arrivals (aggregated from all related platforms/sections)
       ✗ No matching arrival found
    🔍 Looking for train RE 3723 at Berlin Hbf
       Departing at: 2025-10-20 13:02
       Checking 0 arrivals (aggregated from all related platforms/sections)
       ✗ No matching arrival found
    🔍 Looking for train RE 3723 at Berlin Zoologischer Garten
       Departing at: 2025-10-20 13:02
       Checking 0 arrivals (aggregated from all related platforms/sections)
       ✗ No matching arrival found
    🔍 Looking for train RE 3723 at Berlin-Charlottenburg
       Departing at: 2025-10-20 13:02
       Checking 0 arrivals (aggregated from all related platforms/sections)
       ✗ No matching arrival found
    🔍 Looking for train RE 3723 at Berlin-Wannsee
       Departing at: 2025-10-20 13:02
       Checking 0 arrivals (aggregated from all related platforms/sections)
       ✗ No matching arrival found
    🔍 Looking for train IC 142 at Berlin Hbf
       Departing at: 2025-10-20 13:53
       Checking 0 arrivals (aggregated from all related platforms/sections)
       ✗ No matching arrival found
    🔍 Looking for train IC 142 at Berlin-Spandau
       Departing at: 2025-10-20 13:53
       Checking 0 arrivals (aggregated from all related platforms/sections)
       ✗ No matching arrival found
    🔍 Looking for train RE 73735 at Berlin Hbf
       Departing at: 2025-10-20 13:49
       Checking 0 arrivals (aggregated from all related platforms/sections)
       ✗ No matching arrival found
    🔍 Looking for train RE 73735 at Berlin Zoologischer Garten
       Departing at: 2025-10-20 13:49
       Checking 0 arrivals (aggregated from all related platforms/sections)
       ✗ No matching arrival found
    🔍 Looking for train RE 73735 at Berlin-Charlottenburg
       Departing at: 2025-10-20 13:49
       Checking 0 arrivals (aggregated from all related platforms/sections)
       ✗ No matching arrival found
    🔍 Looking for train RE 73735 at Berlin-Wannsee
       Departing at: 2025-10-20 13:49
       Checking 0 arrivals (aggregated from all related platforms/sections)
       ✗ No matching arrival found
    🔍 Looking for train RE 3720 at Berlin Ostkreuz
       Departing at: 2025-10-20 13:58
       Checking 0 arrivals (aggregated from all related platforms/sections)
       ✗ No matching arrival found
    🔍 Looking for train RE 3119 at Berlin Hbf
       Departing at: 2025-10-20 13:25
       Checking 0 arrivals (aggregated from all related platforms/sections)
       ✗ No matching arrival found
    🔍 Looking for train RE 3119 at Berlin Zoologischer Garten
       Departing at: 2025-10-20 13:25
       Checking 0 arrivals (aggregated from all related platforms/sections)
       ✗ No matching arrival found
    🔍 Looking for train RE 3119 at Berlin-Charlottenburg
       Departing at: 2025-10-20 13:25
       Checking 0 arrivals (aggregated from all related platforms/sections)
       ✗ No matching arrival found
    🔍 Looking for train RE 3119 at Berlin-Spandau
       Departing at: 2025-10-20 13:25
       Checking 0 arrivals (aggregated from all related platforms/sections)
       ✗ No matching arrival found
    🔍 Looking for train ICE 848 at Berlin Hbf
       Departing at: 2025-10-20 13:32
       Checking 0 arrivals (aggregated from all related platforms/sections)
       ✗ No matching arrival found
    🔍 Looking for train ICE 848 at Berlin-Spandau
       Departing at: 2025-10-20 13:32
       Checking 0 arrivals (aggregated from all related platforms/sections)
       ✗ No matching arrival found
    🔍 Looking for train RE 73728 at Berlin Ostkreuz
       Departing at: 2025-10-20 13:10
       Checking 0 arrivals (aggregated from all related platforms/sections)
       ✗ No matching arrival found
    🔍 Looking for train ICE 1039 at Berlin Hbf
       Departing at: 2025-10-20 13:46
       Checking 0 arrivals (aggregated from all related platforms/sections)
       ✗ No matching arrival found
    🔍 Looking for train ICE 1039 at Berlin-Spandau
       Departing at: 2025-10-20 13:46
       Checking 0 arrivals (aggregated from all related platforms/sections)
       ✗ No matching arrival found
    🔍 Looking for train RE 62019 at Berlin Hbf
       Departing at: 2025-10-20 13:07
       Checking 0 arrivals (aggregated from all related platforms/sections)
       ✗ No matching arrival found
    🔍 Looking for train RE 62019 at Berlin Zoologischer Garten
       Departing at: 2025-10-20 13:07
       Checking 0 arrivals (aggregated from all related platforms/sections)
       ✗ No matching arrival found
    🔍 Looking for train RE 62019 at Berlin-Spandau
       Departing at: 2025-10-20 13:07
       Checking 0 arrivals (aggregated from all related platforms/sections)
       ✗ No matching arrival found
    🔍 Looking for train RE 62016 at Berlin Ostkreuz
       Departing at: 2025-10-20 13:53
       Checking 0 arrivals (aggregated from all related platforms/sections)
       ✗ No matching arrival found
    🔍 Looking for train RE 3118 at Berlin Ostkreuz
       Departing at: 2025-10-20 13:35
       Checking 0 arrivals (aggregated from all related platforms/sections)
       ✗ No matching arrival found
    🔍 Looking for train ICE 858 at Berlin Hbf
       Departing at: 2025-10-20 13:32
       Checking 0 arrivals (aggregated from all related platforms/sections)
       ✗ No matching arrival found
    🔍 Looking for train ICE 858 at Berlin-Spandau
       Departing at: 2025-10-20 13:32
       Checking 0 arrivals (aggregated from all related platforms/sections)
       ✗ No matching arrival found
    🔍 Looking for train EC 176 at Berlin Hbf
       Departing at: 2025-10-20 13:18
       Checking 0 arrivals (aggregated from all related platforms/sections)
       ✗ No matching arrival found
    🔍 Looking for train RE 73737 at Berlin Hbf
       Departing at: 2025-10-20 14:49
       Checking 0 arrivals (aggregated from all related platforms/sections)
       ✗ No matching arrival found
    🔍 Looking for train RE 73737 at Berlin Zoologischer Garten
       Departing at: 2025-10-20 14:49
       Checking 0 arrivals (aggregated from all related platforms/sections)
       ✗ No matching arrival found
    🔍 Looking for train RE 73737 at Berlin-Charlottenburg
       Departing at: 2025-10-20 14:49
       Checking 0 arrivals (aggregated from all related platforms/sections)
       ✗ No matching arrival found
    🔍 Looking for train RE 73737 at Berlin-Wannsee
       Departing at: 2025-10-20 14:49
       Checking 0 arrivals (aggregated from all related platforms/sections)
       ✗ No matching arrival found
    🔍 Looking for train RE 3120 at Berlin Ostkreuz
       Departing at: 2025-10-20 14:35
       Checking 0 arrivals (aggregated from all related platforms/sections)
       ✗ No matching arrival found
    🔍 Looking for train RE 73772 at Berlin Ostkreuz
       Departing at: 2025-10-20 14:25
       Checking 0 arrivals (aggregated from all related platforms/sections)
       ✗ No matching arrival found
    🔍 Looking for train RE 62018 at Berlin Ostkreuz
       Departing at: 2025-10-20 14:53
       Checking 0 arrivals (aggregated from all related platforms/sections)
       ✗ No matching arrival found
    🔍 Looking for train ICE 556 at Berlin Hbf
       Departing at: 2025-10-20 14:44
       Checking 0 arrivals (aggregated from all related platforms/sections)
       ✗ No matching arrival found
    🔍 Looking for train ICE 556 at Berlin-Spandau
       Departing at: 2025-10-20 14:44
       Checking 0 arrivals (aggregated from all related platforms/sections)
       ✗ No matching arrival found
    🔍 Looking for train RE 3121 at Berlin Hbf
       Departing at: 2025-10-20 14:25
       Checking 0 arrivals (aggregated from all related platforms/sections)
       ✗ No matching arrival found
    🔍 Looking for train RE 3121 at Berlin Zoologischer Garten
       Departing at: 2025-10-20 14:25
       Checking 0 arrivals (aggregated from all related platforms/sections)
       ✗ No matching arrival found
    🔍 Looking for train RE 3121 at Berlin-Charlottenburg
       Departing at: 2025-10-20 14:25
       Checking 0 arrivals (aggregated from all related platforms/sections)
       ✗ No matching arrival found
    🔍 Looking for train RE 3121 at Berlin-Spandau
       Departing at: 2025-10-20 14:25
       Checking 0 arrivals (aggregated from all related platforms/sections)
       ✗ No matching arrival found
    🔍 Looking for train RE 3725 at Berlin Hbf
       Departing at: 2025-10-20 14:02
       Checking 0 arrivals (aggregated from all related platforms/sections)
       ✗ No matching arrival found
    🔍 Looking for train RE 3725 at Berlin Zoologischer Garten
       Departing at: 2025-10-20 14:02
       Checking 0 arrivals (aggregated from all related platforms/sections)
       ✗ No matching arrival found
    🔍 Looking for train RE 3725 at Berlin-Charlottenburg
       Departing at: 2025-10-20 14:02
       Checking 0 arrivals (aggregated from all related platforms/sections)
       ✗ No matching arrival found
    🔍 Looking for train RE 3725 at Berlin-Wannsee
       Departing at: 2025-10-20 14:02
       Checking 0 arrivals (aggregated from all related platforms/sections)
       ✗ No matching arrival found
    🔍 Looking for train RE 73730 at Berlin Ostkreuz
       Departing at: 2025-10-20 14:10
       Checking 0 arrivals (aggregated from all related platforms/sections)
       ✗ No matching arrival found
    🔍 Looking for train ICE 1544 at Berlin Hbf
       Departing at: 2025-10-20 14:54
       Checking 0 arrivals (aggregated from all related platforms/sections)
       ✗ No matching arrival found
    🔍 Looking for train ICE 1544 at Berlin-Spandau
       Departing at: 2025-10-20 14:54
       Checking 0 arrivals (aggregated from all related platforms/sections)
       ✗ No matching arrival found
    🔍 Looking for train RE 62021 at Berlin Hbf
       Departing at: 2025-10-20 14:07
       Checking 0 arrivals (aggregated from all related platforms/sections)
       ✗ No matching arrival found
    🔍 Looking for train RE 62021 at Berlin Zoologischer Garten
       Departing at: 2025-10-20 14:07
       Checking 0 arrivals (aggregated from all related platforms/sections)
       ✗ No matching arrival found
    🔍 Looking for train RE 62021 at Berlin-Spandau
       Departing at: 2025-10-20 14:07
       Checking 0 arrivals (aggregated from all related platforms/sections)
       ✗ No matching arrival found
    🔍 Looking for train ICE 375 at Berlin Hbf
       Departing at: 2025-10-20 14:19
       Checking 0 arrivals (aggregated from all related platforms/sections)
       ✗ No matching arrival found
    🔍 Looking for train ICE 375 at Berlin-Spandau
       Departing at: 2025-10-20 14:19
       Checking 0 arrivals (aggregated from all related platforms/sections)
       ✗ No matching arrival found
    🔍 Looking for train RE 73815 at Berlin Hbf
       Departing at: 2025-10-20 14:13
       Checking 0 arrivals (aggregated from all related platforms/sections)
       ✗ No matching arrival found
    🔍 Looking for train RE 73815 at Berlin Zoologischer Garten
       Departing at: 2025-10-20 14:13
       Checking 0 arrivals (aggregated from all related platforms/sections)
       ✗ No matching arrival found
    🔍 Looking for train RE 73815 at Berlin-Charlottenburg
       Departing at: 2025-10-20 14:13
       Checking 0 arrivals (aggregated from all related platforms/sections)
       ✗ No matching arrival found
    🔍 Looking for train RE 73815 at Berlin-Wannsee
       Departing at: 2025-10-20 14:13
       Checking 0 arrivals (aggregated from all related platforms/sections)
       ✗ No matching arrival found
    🔍 Looking for train RE 3722 at Berlin Ostkreuz
       Departing at: 2025-10-20 14:58
       Checking 0 arrivals (aggregated from all related platforms/sections)
       ✗ No matching arrival found
    🔍 Looking for train RE 73777 at Berlin Hbf
       Departing at: 2025-10-20 14:30
       Checking 0 arrivals (aggregated from all related platforms/sections)
       ✗ No matching arrival found
    🔍 Looking for train RE 73777 at Berlin Zoologischer Garten
       Departing at: 2025-10-20 14:30
       Checking 0 arrivals (aggregated from all related platforms/sections)
       ✗ No matching arrival found
    🔍 Looking for train RE 73777 at Berlin-Wannsee
       Departing at: 2025-10-20 14:30
       Checking 0 arrivals (aggregated from all related platforms/sections)
       ✗ No matching arrival found
    🔍 Looking for train ICE 546 at Berlin Hbf
       Departing at: 2025-10-20 14:32
       Checking 0 arrivals (aggregated from all related platforms/sections)
       ✗ No matching arrival found
    🔍 Looking for train ICE 546 at Berlin-Spandau
       Departing at: 2025-10-20 14:32
       Checking 0 arrivals (aggregated from all related platforms/sections)
       ✗ No matching arrival found

=== CONNECTION MATCHING STATISTICS ===
  Successful matches: 727
  Missing destination plans: 4222
  Missing arrival times: 2339
  Total connections created: 727

💡 Missing connections could be due to:
  • Destinations not in fetch list (4222 occurrences)

    Neighbor count distribution (missing plans):
      2 neighbors (pass-through): 4222 stations ⬅️  FILTERED OUT

    Top destinations missing plans:
      - Berlin Jannowitzbrücke: 215x
      - Berlin Alexanderplatz (S): 215x
      - Berlin Hackescher Markt: 215x
      - Berlin Hbf (S-Bahn): 215x
      - Berlin Bellevue: 215x
      - Berlin-Tiergarten: 215x
      - Berlin Zoologischer Garten (S): 215x
      - Berlin Savignyplatz: 215x
      - Berlin Charlottenburg (S): 215x
      - Berlin Nöldnerplatz: 96x

  • Train arrivals outside time window (2339 occurrences)

    Neighbor count distribution (missing arrivals):
      1 neighbors: 325 occurrences
      3 neighbors: 754 occurrences
      4 neighbors: 185 occurrences
      5 neighbors: 324 occurrences
      6 neighbors: 233 occurrences
      7 neighbors: 91 occurrences
      8 neighbors: 25 occurrences
      9 neighbors: 128 occurrences
      10 neighbors: 33 occurrences
      11 neighbors: 4 occurrences
      12 neighbors: 26 occurrences
      13 neighbors: 80 occurrences
      14 neighbors: 23 occurrences
      15 neighbors: 14 occurrences
      16 neighbors: 9 occurrences
      17 neighbors: 8 occurrences
      18 neighbors: 15 occurrences
      19 neighbors: 1 occurrences
      22 neighbors: 19 occurrences
      23 neighbors: 35 occurrences
      24 neighbors: 7 occurrences

    Top destinations with missing arrivals:
      - Berlin Warschauer Straße: 242x
      - Berlin Ostkreuz (S): 205x
      - Berlin Westkreuz: 198x
      - Berlin Hbf: 116x
      - Berlin Messe Süd (Eichkamp): 82x
      - Berlin Olympiastadion: 82x
      - Berlin-Karlshorst (S): 77x
      - Berlin Zoologischer Garten: 73x
      - Berlin-Spandau: 68x
      - Berlin-Friedrichsfelde Ost: 67x

    ℹ️  Common causes:
       - Train arrives outside fetched time window (current + 13 hours)
       - Train number changes mid-route (e.g., S-Bahn line renumbering)
       - Station fragmentation we didn't catch

✅ Created 727 connections (100% real data, no estimates!)


=== STATION ANALYSIS ===
Station: Berlin Ostbahnhof
Unique Neighbors: 56
Is Hub: True
Is Endpoint: False

INFO:     127.0.0.1:60686 - "POST /api/fetch-network HTTP/1.1" 200 OK
