{"type":"FeatureCollection","features":[{"type":"Feature","properties":{"ISO_A2_EH":"GB"},"geometry":{"type":"MultiPolygon","coordinates":[[[[-2.668,51.623],[-2.742,51.581],[-2.979,51.539],[-3.08,51.496],[-3.259,51.398],[-3.293,51.39],[-3.562,51.414],[-3.763,51.54],[-3.891,51.592],[-3.944,51.598],[-3.998,51.582],[-4.115,51.566],[-4.235,51.569],[-4.174,51.627],[-4.091,51.66],[-4.276,51.683],[-4.328,51.7],[-4.386,51.741],[-4.531,51.748],[-4.601,51.738],[-4.718,51.684],[-4.902,51.626],[-5.125,51.706],[-5.168,51.741],[-5.167,51.808],[-5.201,51.861],[-5.262,51.88],[-5.183,51.95],[-5.088,51.996],[-4.879,52.042],[-4.561,52.151],[-4.383,52.197],[-4.218,52.277],[-4.149,52.326],[-4.1,52.393],[-4.051,52.475],[-3.98,52.542],[-4.048,52.558],[-4.079,52.608],[-4.071,52.659],[-4.039,52.704],[-4.067,52.761],[-4.118,52.82],[-4.115,52.866],[-4.101,52.915],[-4.229,52.913],[-4.356,52.897],[-4.472,52.862],[-4.584,52.815],[-4.683,52.806],[-4.681,52.844],[-4.638,52.891],[-4.526,52.958],[-4.405,53.014],[-4.362,53.056],[-4.328,53.105],[-4.269,53.145],[-4.111,53.219],[-3.809,53.303],[-3.764,53.308],[-3.646,53.298],[-3.53,53.311],[-3.428,53.341],[-3.326,53.347],[-3.098,53.26],[-3.166,53.395],[-3.065,53.427],[-2.919,53.305],[-2.864,53.293],[-2.75,53.31],[-2.794,53.331],[-2.845,53.332],[-2.913,53.35],[-2.97,53.389],[-3.065,53.513],[-3.059,53.586],[-2.996,53.663],[-2.925,53.733],[-2.984,53.747],[-3.032,53.774],[-3.045,53.844],[-3.027,53.906],[-2.9,53.961],[-2.862,54.044],[-2.846,54.135],[-2.868,54.177],[-2.994,54.171],[-3.055,54.153],[-3.11,54.126],[-3.166,54.128],[-3.322,54.229],[-3.41,54.306],[-3.569,54.468],[-3.592,54.564],[-3.465,54.773],[-3.268,54.907],[-3.036,54.953],[-3.081,54.962],[-3.434,54.964],[-3.55,54.947],[-3.658,54.893],[-3.719,54.876],[-3.783,54.87],[-3.842,54.843],[-3.899,54.805],[-3.958,54.781],[-4.076,54.787],[-4.133,54.779],[-4.174,54.801],[-4.208,54.837],[-4.253,54.847],[-4.304,54.836],[-4.41,54.787],[-4.517,54.758],[-4.648,54.789],[-4.818,54.846],[-4.852,54.825],[-4.89,54.772],[-4.911,54.689],[-5.032,54.761],[-5.135,54.858],[-5.17,54.918],[-5.173,54.986],[-5.117,55.012],[-5.056,54.988],[-4.965,55.149],[-4.785,55.359],[-4.721,55.421],[-4.677,55.501],[-4.684,55.554],[-4.724,55.598],[-4.892,55.699],[-4.89,55.781],[-4.872,55.874],[-4.826,55.93],[-4.807,55.94],[-4.584,55.939],[-4.671,55.967],[-4.844,56.051],[-4.841,56.081],[-4.8,56.158],[-4.819,56.15],[-4.856,56.115],[-4.927,56.028],[-4.97,56.008],[-5.093,55.987],[-5.115,55.945],[-5.135,55.933],[-5.196,55.929],[-5.215,55.889],[-5.228,55.886],[-5.246,55.929],[-5.247,56],[-5.223,56.066],[-5.176,56.117],[-4.997,56.233],[-5.084,56.197],[-5.282,56.09],[-5.383,56.019],[-5.41,55.995],[-5.419,55.975],[-5.418,55.952],[-5.373,55.828],[-5.386,55.77],[-5.556,55.39],[-5.589,55.351],[-5.618,55.331],[-5.647,55.327],[-5.731,55.334],[-5.768,55.363],[-5.768,55.395],[-5.752,55.443],[-5.681,55.624],[-5.651,55.674],[-5.605,55.721],[-5.504,55.802],[-5.507,55.808],[-5.574,55.792],[-5.602,55.797],[-5.623,55.813],[-5.61,56.055],[-5.555,56.135],[-5.535,56.251],[-5.488,56.35],[-5.433,56.422],[-5.392,56.515],[-5.329,56.556],[-5.313,56.619],[-5.243,56.687],[-5.188,56.758],[-5.218,56.751],[-5.564,56.566],[-5.652,56.532],[-5.773,56.541],[-5.865,56.562],[-5.937,56.606],[-5.969,56.69],[-6.058,56.692],[-6.134,56.707],[-6.133,56.718],[-6.035,56.764],[-5.878,56.78],[-5.731,56.853],[-5.861,56.903],[-5.85,56.918],[-5.736,56.961],[-5.591,57.102],[-5.562,57.233],[-5.631,57.294],[-5.656,57.334],[-5.795,57.379],[-5.818,57.436],[-5.802,57.468],[-5.757,57.499],[-5.689,57.524],[-5.582,57.547],[-5.679,57.572],[-5.715,57.601],[-5.742,57.644],[-5.745,57.668],[-5.695,57.778],[-5.665,57.824],[-5.608,57.881],[-5.349,57.878],[-5.319,57.904],[-5.29,57.905],[-5.157,57.881],[-5.177,57.906],[-5.394,58.044],[-5.413,58.07],[-5.351,58.144],[-5.347,58.177],[-5.356,58.212],[-5.338,58.239],[-5.27,58.251],[-5.06,58.25],[-5.008,58.263],[-5.032,58.298],[-5.081,58.345],[-5.09,58.385],[-5.079,58.419],[-5.076,58.489],[-5.067,58.52],[-5.017,58.567],[-4.976,58.58],[-4.925,58.588],[-4.81,58.573],[-4.766,58.554],[-4.715,58.51],[-4.678,58.514],[-4.535,58.562],[-4.492,58.568],[-4.433,58.513],[-4.189,58.557],[-3.86,58.577],[-3.662,58.606],[-3.454,58.617],[-3.259,58.65],[-3.053,58.635],[-3.046,58.616],[-3.057,58.589],[-3.11,58.515],[-3.101,58.434],[-3.113,58.409],[-3.137,58.378],[-3.212,58.321],[-3.411,58.24],[-3.775,58.052],[-3.99,57.959],[-4.02,57.914],[-4.036,57.852],[-3.907,57.84],[-3.857,57.819],[-3.888,57.787],[-4.078,57.677],[-4.135,57.578],[-3.988,57.581],[-3.868,57.6],[-3.628,57.662],[-3.403,57.708],[-3.295,57.71],[-3.084,57.673],[-3.036,57.672],[-2.947,57.689],[-2.856,57.692],[-2.244,57.681],[-2.074,57.702],[-1.962,57.677],[-1.867,57.612],[-1.778,57.494],[-1.781,57.474],[-1.835,57.42],[-1.934,57.352],[-2.02,57.259],[-2.046,57.209],[-2.062,57.153],[-2.09,57.103],[-2.26,56.863],[-2.427,56.731],[-2.501,56.637],[-2.593,56.562],[-2.681,56.514],[-2.775,56.483],[-3.047,56.449],[-3.124,56.425],[-3.214,56.384],[-3.31,56.363],[-3.198,56.366],[-3.087,56.389],[-2.885,56.398],[-2.653,56.318],[-2.674,56.253],[-2.768,56.202],[-2.98,56.194],[-3.178,56.08],[-3.268,56.045],[-3.362,56.028],[-3.48,56.033],[-3.695,56.063],[-3.789,56.095],[-3.704,56.043],[-3.608,56.016],[-3.049,55.952],[-3.015,55.959],[-2.837,56.026],[-2.599,56.027],[-2.147,55.903],[-2.017,55.808],[-1.83,55.672],[-1.729,55.619],[-1.655,55.57],[-1.61,55.498],[-1.523,55.26],[-1.423,55.026],[-1.292,54.774],[-1.232,54.704],[-1.154,54.654],[-0.759,54.541],[-0.671,54.504],[-0.518,54.395],[-0.37,54.279],[-0.233,54.19],[-0.084,54.118],[-0.156,54.081],[-0.206,54.022],[-0.169,53.942],[-0.108,53.865],[0.011,53.743],[0.115,53.609],[0.077,53.629],[0.036,53.641],[-0.019,53.637],[-0.074,53.644],[-0.174,53.685],[-0.27,53.737],[-0.461,53.716],[-0.568,53.725],[-0.66,53.724],[-0.485,53.694],[-0.294,53.692],[0.128,53.468],[0.271,53.335],[0.356,53.16],[0.298,53.081],[0.208,53.03],[0.124,52.972],[0.046,52.906],[0.28,52.809],[0.33,52.812],[0.382,52.825],[0.432,52.858],[0.516,52.938],[0.559,52.967],[0.704,52.977],[0.827,52.971],[0.949,52.953],[1.056,52.959],[1.271,52.925],[1.382,52.894],[1.657,52.754],[1.716,52.677],[1.743,52.579],[1.747,52.469],[1.7,52.369],[1.647,52.279],[1.615,52.162],[1.591,52.12],[1.559,52.087],[1.413,51.995],[1.317,51.957],[1.276,51.974],[1.232,51.971],[1.228,51.949],[1.274,51.902],[1.274,51.845],[1.188,51.803],[1.101,51.785],[0.955,51.808],[0.752,51.73],[0.898,51.689],[0.927,51.647],[0.891,51.571],[0.799,51.538],[0.698,51.523],[0.593,51.519],[0.507,51.501],[0.425,51.466],[0.528,51.484],[0.6,51.468],[0.646,51.405],[0.687,51.387],[0.889,51.36],[1.015,51.36],[1.257,51.375],[1.373,51.375],[1.415,51.363],[1.416,51.311],[1.398,51.182],[1.366,51.155],[1.044,51.047],[0.979,50.972],[0.96,50.926],[0.772,50.934],[0.684,50.886],[0.532,50.853],[0.415,50.819],[0.3,50.776],[0.205,50.763],[-0.204,50.814],[-0.451,50.81],[-0.785,50.765],[-0.871,50.773],[-1.001,50.816],[-1.133,50.845],[-1.285,50.857],[-1.416,50.897],[-1.334,50.821],[-1.517,50.747],[-1.601,50.733],[-1.688,50.735],[-1.866,50.715],[-2.031,50.725],[-2.006,50.673],[-1.962,50.628],[-1.998,50.608],[-2.036,50.603],[-2.35,50.637],[-2.395,50.631],[-2.433,50.599],[-2.548,50.616],[-2.659,50.67],[-2.777,50.706],[-2.901,50.722],[-2.999,50.717],[-3.405,50.632],[-3.485,50.548],[-3.526,50.428],[-3.584,50.322],[-3.68,50.24],[-3.793,50.229],[-3.9,50.286],[-4.103,50.349],[-4.173,50.391],[-4.195,50.393],[-4.217,50.378],[-4.297,50.359],[-4.379,50.358],[-4.507,50.341],[-4.728,50.29],[-4.817,50.256],[-5.01,50.161],[-5.049,50.134],[-5.119,50.038],[-5.225,50.021],[-5.323,50.083],[-5.434,50.104],[-5.551,50.083],[-5.622,50.051],[-5.655,50.077],[-5.656,50.132],[-5.571,50.197],[-5.342,50.246],[-5.142,50.374],[-5.043,50.452],[-5.004,50.495],[-4.956,50.523],[-4.894,50.534],[-4.861,50.582],[-4.583,50.776],[-4.56,50.821],[-4.546,50.901],[-4.523,50.977],[-4.296,51.027],[-4.188,51.189],[-4.158,51.201],[-3.842,51.231],[-3.608,51.229],[-3.375,51.197],[-3.256,51.194],[-3.136,51.205],[-3.042,51.249],[-2.881,51.406],[-2.791,51.475],[-2.687,51.537],[-2.59,51.609],[-2.433,51.741],[-2.539,51.695],[-2.668,51.623]]],[[[-4.197,53.321],[-4.155,53.303],[-4.049,53.306],[-4.084,53.264],[-4.2,53.218],[-4.279,53.172],[-4.373,53.134],[-4.419,53.178],[-4.472,53.176],[-4.553,53.26],[-4.568,53.386],[-4.462,53.419],[-4.315,53.417],[-4.197,53.321]]],[[[-2.549,59.231],[-2.662,59.23],[-2.604,59.289],[-2.536,59.304],[-2.407,59.298],[-2.43,59.271],[-2.549,59.231]]],[[[-1.043,60.514],[-1.068,60.502],[-1.166,60.604],[-1.093,60.72],[-1.006,60.717],[-0.992,60.686],[-1,60.658],[-1.045,60.656],[-1.049,60.647],[-1.035,60.593],[-1.034,60.53],[-1.043,60.514]]],[[[-1.308,60.538],[-1.287,60.467],[-1.236,60.485],[-1.158,60.418],[-1.118,60.418],[-1.052,60.444],[-1.066,60.382],[-1.134,60.207],[-1.153,60.177],[-1.166,60.124],[-1.179,60.114],[-1.199,60.007],[-1.245,59.971],[-1.284,59.887],[-1.299,59.879],[-1.356,59.911],[-1.3,60.04],[-1.276,60.115],[-1.291,60.153],[-1.323,60.188],[-1.409,60.19],[-1.481,60.173],[-1.497,60.194],[-1.499,60.222],[-1.517,60.231],[-1.613,60.229],[-1.641,60.237],[-1.66,60.262],[-1.664,60.283],[-1.577,60.298],[-1.494,60.292],[-1.375,60.333],[-1.45,60.469],[-1.549,60.481],[-1.572,60.494],[-1.553,60.517],[-1.498,60.53],[-1.414,60.599],[-1.364,60.61],[-1.302,60.608],[-1.308,60.538]]],[[[-0.774,60.812],[-0.774,60.8],[-0.826,60.716],[-0.825,60.684],[-0.909,60.687],[-0.922,60.697],[-0.938,60.746],[-0.928,60.797],[-0.916,60.81],[-0.891,60.816],[-0.865,60.806],[-0.823,60.832],[-0.802,60.831],[-0.774,60.812]]],[[[-3.165,58.794],[-3.222,58.781],[-3.279,58.782],[-3.367,58.84],[-3.401,58.882],[-3.395,58.91],[-3.357,58.919],[-3.272,58.905],[-3.228,58.857],[-3.222,58.826],[-3.212,58.814],[-3.159,58.801],[-3.165,58.794]]],[[[-2.929,58.742],[-2.939,58.739],[-2.975,58.757],[-3.035,58.823],[-2.941,58.836],[-2.896,58.828],[-2.913,58.8],[-2.929,58.742]]],[[[-3.057,59.03],[-3.071,59.005],[-2.995,59.006],[-2.885,58.985],[-2.818,58.982],[-2.762,58.956],[-2.793,58.907],[-2.826,58.893],[-2.864,58.891],[-2.995,58.939],[-3.167,58.919],[-3.201,58.925],[-3.223,58.939],[-3.233,58.956],[-3.233,58.99],[-3.242,59],[-3.304,58.967],[-3.332,58.971],[-3.347,58.987],[-3.354,59.019],[-3.347,59.065],[-3.31,59.131],[-3.249,59.144],[-3.156,59.136],[-3.051,59.099],[-3.019,59.076],[-3.02,59.058],[-3.057,59.03]]],[[[-2.729,59.187],[-2.815,59.162],[-2.852,59.182],[-2.861,59.247],[-2.964,59.274],[-3.013,59.291],[-3.052,59.324],[-3.042,59.334],[-2.976,59.347],[-2.862,59.288],[-2.815,59.241],[-2.731,59.227],[-2.72,59.219],[-2.729,59.187]]],[[[-6.608,56.585],[-6.664,56.579],[-6.669,56.594],[-6.57,56.661],[-6.506,56.672],[-6.484,56.666],[-6.53,56.627],[-6.608,56.585]]],[[[-5.105,55.449],[-5.231,55.448],[-5.277,55.457],[-5.331,55.481],[-5.393,55.618],[-5.371,55.667],[-5.346,55.691],[-5.318,55.709],[-5.252,55.717],[-5.185,55.691],[-5.16,55.667],[-5.105,55.574],[-5.095,55.494],[-5.105,55.449]]],[[[-5.778,56.344],[-6.176,56.289],[-6.313,56.294],[-6.326,56.321],[-6.298,56.339],[-6.185,56.357],[-6.139,56.491],[-6.311,56.552],[-6.32,56.569],[-6.306,56.599],[-6.286,56.612],[-6.182,56.643],[-6.138,56.65],[-6.103,56.646],[-6.03,56.61],[-5.947,56.535],[-5.836,56.523],[-5.761,56.491],[-5.778,56.344]]],[[[-6.129,55.931],[-6.093,55.802],[-6.058,55.723],[-6.055,55.695],[-6.088,55.658],[-6.253,55.607],[-6.305,55.607],[-6.307,55.619],[-6.27,55.67],[-6.302,55.728],[-6.286,55.773],[-6.302,55.781],[-6.334,55.774],[-6.452,55.704],[-6.491,55.697],[-6.496,55.712],[-6.466,55.769],[-6.463,55.808],[-6.445,55.832],[-6.413,55.855],[-6.375,55.871],[-6.344,55.874],[-6.311,55.856],[-6.216,55.905],[-6.129,55.931]]],[[[-5.97,55.815],[-5.991,55.804],[-6.042,55.807],[-6.06,55.823],[-6.071,55.848],[-6.072,55.893],[-6.041,55.926],[-5.912,55.975],[-5.97,55.992],[-5.973,56.004],[-5.939,56.045],[-5.8,56.109],[-5.762,56.12],[-5.725,56.119],[-5.797,56.006],[-5.97,55.815]]],[[[-6.199,58.363],[-6.326,58.189],[-6.376,58.185],[-6.419,58.141],[-6.555,58.093],[-6.437,58.092],[-6.403,58.076],[-6.402,58.041],[-6.425,58.021],[-6.578,57.941],[-6.683,57.911],[-6.797,57.828],[-6.854,57.827],[-6.91,57.773],[-6.957,57.75],[-6.983,57.75],[-7.013,57.762],[-7.083,57.814],[-6.956,57.865],[-6.944,57.894],[-6.857,57.924],[-6.864,57.933],[-7.003,57.975],[-7.057,58.003],[-7.052,58.018],[-6.985,58.05],[-7.017,58.055],[-7.038,58.072],[-7.077,58.079],[-7.088,58.095],[-7.096,58.138],[-7.085,58.182],[-7.045,58.202],[-7.028,58.222],[-7.012,58.229],[-6.95,58.218],[-6.886,58.183],[-6.812,58.196],[-6.726,58.189],[-6.725,58.198],[-6.788,58.284],[-6.776,58.302],[-6.742,58.322],[-6.544,58.383],[-6.297,58.487],[-6.237,58.503],[-6.219,58.489],[-6.194,58.435],[-6.199,58.363]]],[[[-6.279,56.965],[-6.309,56.952],[-6.346,56.954],[-6.383,56.971],[-6.433,57.018],[-6.322,57.051],[-6.278,57.031],[-6.261,57.01],[-6.261,56.985],[-6.279,56.965]]],[[[-6.145,57.505],[-6.146,57.461],[-6.164,57.409],[-6.141,57.354],[-6.136,57.314],[-6.093,57.302],[-6.068,57.284],[-5.88,57.263],[-5.706,57.269],[-5.672,57.253],[-5.669,57.227],[-5.696,57.198],[-5.795,57.147],[-5.914,57.063],[-5.949,57.045],[-5.987,57.044],[-6.015,57.052],[-6.034,57.201],[-6.163,57.182],[-6.266,57.184],[-6.323,57.202],[-6.362,57.238],[-6.442,57.327],[-6.675,57.363],[-6.741,57.412],[-6.761,57.442],[-6.753,57.459],[-6.704,57.496],[-6.643,57.483],[-6.606,57.491],[-6.583,57.507],[-6.583,57.521],[-6.615,57.553],[-6.617,57.563],[-6.379,57.603],[-6.358,57.667],[-6.306,57.672],[-6.247,57.651],[-6.166,57.585],[-6.145,57.505]]],[[[-7.206,57.683],[-7.093,57.627],[-7.183,57.533],[-7.321,57.534],[-7.515,57.602],[-7.516,57.616],[-7.499,57.636],[-7.47,57.653],[-7.44,57.656],[-7.392,57.645],[-7.325,57.663],[-7.271,57.657],[-7.206,57.683]]],[[[-7.25,57.115],[-7.292,57.11],[-7.347,57.115],[-7.381,57.131],[-7.416,57.192],[-7.422,57.229],[-7.407,57.298],[-7.411,57.381],[-7.296,57.384],[-7.267,57.372],[-7.248,57.126],[-7.25,57.115]]],[[[-7.417,56.965],[-7.505,56.952],[-7.537,56.96],[-7.543,56.972],[-7.523,57.007],[-7.455,57.019],[-7.407,57],[-7.399,56.983],[-7.417,56.965]]],[[[-6.218,54.089],[-6.304,54.095],[-6.364,54.077],[-6.403,54.061],[-6.44,54.064],[-6.548,54.057],[-6.65,54.059],[-6.664,54.085],[-6.647,54.163],[-6.67,54.185],[-6.767,54.196],[-6.803,54.214],[-6.858,54.269],[-6.869,54.294],[-6.877,54.329],[-6.936,54.374],[-7.008,54.407],[-7.05,54.408],[-7.133,54.355],[-7.203,54.302],[-7.178,54.275],[-7.155,54.24],[-7.193,54.214],[-7.307,54.156],[-7.325,54.133],[-7.355,54.121],[-7.409,54.137],[-7.544,54.134],[-7.607,54.144],[-7.679,54.187],[-7.855,54.215],[-7.884,54.284],[-7.918,54.297],[-8.118,54.414],[-8.145,54.454],[-8.119,54.477],[-8.044,54.512],[-7.794,54.571],[-7.754,54.595],[-7.746,54.616],[-7.82,54.64],[-7.886,54.666],[-7.909,54.683],[-7.911,54.698],[-7.873,54.718],[-7.797,54.719],[-7.738,54.71],[-7.69,54.728],[-7.606,54.746],[-7.55,54.768],[-7.502,54.825],[-7.451,54.877],[-7.446,54.905],[-7.401,55.003],[-7.377,55.028],[-7.219,55.092],[-7.179,55.057],[-7.101,55.048],[-7.031,55.081],[-6.947,55.183],[-6.889,55.189],[-6.825,55.181],[-6.699,55.193],[-6.475,55.241],[-6.375,55.242],[-6.234,55.217],[-6.129,55.217],[-6.036,55.145],[-5.986,55.03],[-5.869,54.916],[-5.717,54.817],[-5.711,54.757],[-5.765,54.725],[-5.879,54.684],[-5.879,54.641],[-5.803,54.663],[-5.739,54.673],[-5.583,54.663],[-5.528,54.62],[-5.49,54.554],[-5.47,54.5],[-5.484,54.442],[-5.526,54.46],[-5.569,54.513],[-5.616,54.537],[-5.671,54.55],[-5.646,54.478],[-5.656,54.382],[-5.632,54.373],[-5.558,54.371],[-5.607,54.273],[-5.708,54.246],[-5.826,54.236],[-5.855,54.201],[-5.876,54.156],[-5.938,54.089],[-6.019,54.051],[-6.12,54.059],[-6.218,54.089]]],[[[-1.066,50.69],[-1.149,50.656],[-1.176,50.615],[-1.196,50.599],[-1.251,50.589],[-1.306,50.589],[-1.515,50.67],[-1.563,50.666],[-1.516,50.703],[-1.386,50.734],[-1.313,50.773],[-1.144,50.735],[-1.066,50.69]]]]}},{"type":"Feature","properties":{"ISO_A2_EH":"UA"},"geometry":{"type":"MultiPolygon","coordinates":[[[[38.214,47.091],[38.178,47.08],[37.829,47.096],[37.761,47.091],[37.543,47.075],[37.34,46.917],[37.219,46.917],[37.048,46.876],[36.932,46.825],[36.795,46.714],[36.689,46.764],[36.559,46.763],[36.432,46.733],[36.279,46.659],[36.195,46.646],[36.025,46.667],[35.827,46.624],[35.4,46.381],[35.257,46.204],[35.204,46.169],[35.132,46.126],[35.055,46.104],[35.015,46.106],[35.218,46.232],[35.28,46.279],[35.291,46.314],[35.292,46.371],[35.23,46.441],[35.064,46.267],[34.97,46.242],[34.85,46.19],[34.844,46.074],[34.857,45.987],[34.907,45.879],[35.002,45.733],[34.946,45.729],[34.8,45.791],[34.794,45.892],[34.687,45.977],[34.523,45.977],[34.45,45.966],[34.354,46.062],[34.224,46.101],[34.128,46.09],[34.027,46.107],[33.807,46.208],[33.66,46.22],[33.654,46.146],[33.594,46.096],[33.499,46.079],[33.43,46.058],[33.263,46.126],[33.202,46.176],[32.942,46.124],[32.797,46.131],[32.477,46.084],[32.33,46.13],[32.036,46.261],[31.925,46.287],[31.831,46.282],[31.78,46.325],[31.843,46.346],[31.916,46.349],[31.992,46.364],[32.013,46.387],[32.008,46.43],[31.856,46.462],[31.714,46.472],[31.624,46.51],[31.555,46.554],[31.716,46.555],[31.878,46.522],[32.131,46.509],[32.361,46.475],[32.419,46.518],[32.553,46.592],[32.578,46.616],[32.354,46.565],[32.127,46.597],[32.044,46.642],[31.974,46.709],[31.945,46.784],[31.964,46.855],[31.94,46.982],[31.865,47.095],[31.838,47.157],[31.759,47.213],[31.837,47.087],[31.866,47.003],[31.913,46.926],[31.902,46.722],[31.873,46.65],[31.78,46.632],[31.657,46.642],[31.532,46.665],[31.563,46.777],[31.497,46.738],[31.403,46.629],[31.32,46.613],[31.137,46.624],[30.796,46.552],[30.773,46.473],[30.722,46.366],[30.672,46.304],[30.657,46.267],[30.512,46.105],[30.493,46.09],[30.219,45.867],[30.184,45.85],[30.007,45.798],[29.902,45.752],[29.821,45.732],[29.685,45.755],[29.628,45.722],[29.602,45.683],[29.601,45.6],[29.67,45.541],[29.727,45.343],[29.706,45.26],[29.652,45.314],[29.568,45.371],[29.404,45.42],[29.224,45.403],[29.027,45.321],[28.894,45.29],[28.824,45.311],[28.782,45.31],[28.767,45.286],[28.77,45.267],[28.791,45.252],[28.788,45.241],[28.761,45.234],[28.451,45.292],[28.318,45.347],[28.213,45.45],[28.265,45.484],[28.31,45.499],[28.471,45.507],[28.499,45.518],[28.502,45.542],[28.514,45.572],[28.509,45.618],[28.492,45.666],[28.562,45.736],[28.668,45.794],[28.729,45.852],[28.739,45.937],[28.85,45.979],[28.948,46.05],[28.972,46.128],[29.006,46.176],[28.944,46.288],[28.931,46.362],[28.927,46.424],[28.958,46.458],[29.05,46.497],[29.146,46.527],[29.186,46.524],[29.201,46.505],[29.205,46.379],[29.224,46.377],[29.255,46.393],[29.305,46.467],[29.34,46.445],[29.393,46.437],[29.433,46.456],[29.459,46.454],[29.491,46.435],[29.555,46.408],[29.615,46.399],[29.665,46.417],[29.707,46.449],[29.752,46.438],[29.838,46.351],[29.878,46.36],[30.076,46.378],[30.108,46.402],[30.131,46.423],[29.924,46.539],[29.935,46.625],[29.942,46.724],[29.918,46.782],[29.878,46.829],[29.72,46.883],[29.598,46.939],[29.572,46.964],[29.569,46.997],[29.563,47.048],[29.515,47.091],[29.511,47.128],[29.542,47.186],[29.549,47.247],[29.539,47.271],[29.511,47.291],[29.456,47.293],[29.383,47.328],[29.334,47.376],[29.201,47.444],[29.16,47.456],[29.135,47.49],[29.123,47.53],[29.151,47.581],[29.186,47.659],[29.211,47.732],[29.211,47.775],[29.195,47.882],[29.125,47.965],[29.093,47.975],[29.037,47.952],[28.973,47.933],[28.923,47.951],[28.866,47.996],[28.774,48.12],[28.602,48.144],[28.53,48.15],[28.463,48.091],[28.442,48.109],[28.423,48.147],[28.388,48.162],[28.341,48.144],[28.327,48.161],[28.347,48.213],[28.291,48.239],[28.159,48.238],[28.088,48.257],[28.08,48.296],[28.038,48.321],[27.963,48.334],[27.891,48.365],[27.82,48.416],[27.714,48.45],[27.574,48.465],[27.562,48.47],[27.549,48.478],[27.458,48.443],[27.404,48.416],[27.337,48.433],[27.229,48.371],[27.008,48.368],[26.901,48.372],[26.847,48.387],[26.64,48.294],[26.619,48.26],[26.572,48.248],[26.442,48.23],[26.306,48.204],[26.277,48.113],[26.236,48.064],[26.163,47.993],[25.909,47.968],[25.689,47.932],[25.464,47.911],[25.17,47.823],[25.074,47.746],[24.979,47.724],[24.893,47.718],[24.838,47.761],[24.651,47.877],[24.579,47.931],[24.484,47.947],[24.381,47.938],[24.282,47.911],[24.178,47.906],[24.06,47.945],[24.047,47.941],[24.002,47.936],[23.709,47.983],[23.682,47.99],[23.669,47.992],[23.629,47.996],[23.408,47.99],[23.203,48.085],[23.139,48.087],[23.091,48.049],[23.055,48.007],[22.913,47.964],[22.877,47.947],[22.856,47.96],[22.846,47.997],[22.857,48.03],[22.836,48.06],[22.782,48.095],[22.769,48.11],[22.702,48.107],[22.683,48.104],[22.676,48.104],[22.582,48.134],[22.52,48.205],[22.424,48.243],[22.35,48.256],[22.317,48.287],[22.295,48.327],[22.272,48.358],[22.269,48.361],[22.254,48.407],[22.231,48.412],[22.227,48.413],[22.132,48.405],[22.143,48.569],[22.295,48.686],[22.333,48.745],[22.389,48.873],[22.432,48.934],[22.483,48.983],[22.524,49.031],[22.539,49.073],[22.58,49.077],[22.701,49.04],[22.81,49.021],[22.84,49.039],[22.852,49.063],[22.847,49.081],[22.76,49.136],[22.706,49.171],[22.702,49.193],[22.722,49.241],[22.732,49.295],[22.72,49.354],[22.661,49.484],[22.649,49.539],[22.706,49.606],[22.891,49.766],[22.952,49.826],[23.036,49.899],[23.264,50.073],[23.409,50.174],[23.506,50.23],[23.649,50.327],[23.712,50.377],[23.973,50.41],[24.005,50.457],[24.053,50.508],[24.09,50.53],[24.095,50.617],[24.046,50.723],[24.007,50.76],[23.978,50.786],[23.997,50.809],[24.026,50.816],[24.062,50.82],[24.106,50.845],[24.096,50.873],[23.986,50.94],[23.938,50.993],[23.863,51.126],[23.712,51.265],[23.664,51.31],[23.658,51.352],[23.68,51.395],[23.659,51.449],[23.605,51.518],[23.614,51.525],[23.609,51.61],[23.647,51.629],[23.707,51.641],[23.792,51.637],[23.864,51.624],[23.951,51.585],[23.978,51.591],[24.127,51.665],[24.28,51.775],[24.324,51.838],[24.362,51.868],[24.495,51.883],[24.611,51.89],[24.685,51.888],[24.866,51.899],[24.974,51.911],[25.067,51.931],[25.267,51.938],[25.58,51.925],[25.786,51.924],[25.925,51.914],[26.267,51.855],[26.394,51.844],[26.453,51.813],[26.567,51.802],[26.773,51.771],[26.953,51.754],[27.074,51.761],[27.142,51.752],[27.27,51.614],[27.296,51.597],[27.348,51.594],[27.452,51.606],[27.601,51.602],[27.69,51.572],[27.677,51.49],[27.7,51.478],[27.741,51.483],[27.789,51.529],[27.829,51.577],[27.859,51.592],[28.011,51.56],[28.08,51.565],[28.144,51.602],[28.184,51.608],[28.292,51.582],[28.425,51.564],[28.532,51.562],[28.599,51.543],[28.648,51.457],[28.69,51.439],[28.731,51.433],[28.793,51.51],[28.85,51.54],[28.928,51.562],[28.978,51.572],[29.013,51.599],[29.061,51.625],[29.102,51.628],[29.136,51.617],[29.174,51.581],[29.23,51.497],[29.299,51.413],[29.346,51.383],[29.47,51.408],[29.553,51.435],[29.706,51.44],[29.909,51.458],[30.064,51.482],[30.161,51.478],[30.22,51.451],[30.309,51.4],[30.333,51.326],[30.45,51.274],[30.545,51.265],[30.577,51.318],[30.633,51.355],[30.612,51.406],[30.602,51.471],[30.561,51.531],[30.533,51.596],[30.584,51.689],[30.639,51.77],[30.667,51.814],[30.755,51.895],[30.846,51.953],[30.981,52.046],[31.079,52.077],[31.168,52.063],[31.218,52.05],[31.346,52.105],[31.574,52.108],[31.763,52.101],[31.782,52.099],[31.876,52.071],[31.974,52.047],[32.042,52.045],[32.122,52.051],[32.217,52.083],[32.283,52.114],[32.363,52.272],[32.391,52.295],[32.435,52.307],[32.508,52.309],[32.645,52.279],[32.806,52.253],[32.9,52.256],[33.148,52.34],[33.287,52.354],[33.452,52.334],[33.613,52.333],[33.735,52.345],[33.819,52.316],[33.922,52.251],[34.015,52.156],[34.113,51.98],[34.398,51.78],[34.403,51.742],[34.379,51.717],[34.239,51.692],[34.121,51.679],[34.115,51.645],[34.147,51.608],[34.201,51.554],[34.209,51.484],[34.207,51.42],[34.23,51.363],[34.275,51.34],[34.281,51.312],[34.228,51.277],[34.214,51.255],[34.234,51.244],[34.491,51.237],[34.617,51.203],[34.712,51.172],[34.76,51.169],[34.869,51.189],[34.99,51.202],[35.064,51.203],[35.093,51.181],[35.115,51.121],[35.158,51.061],[35.198,51.044],[35.269,51.047],[35.312,51.044],[35.335,51.021],[35.309,50.987],[35.315,50.95],[35.346,50.904],[35.383,50.799],[35.417,50.768],[35.44,50.728],[35.44,50.682],[35.412,50.642],[35.392,50.611],[35.412,50.54],[35.488,50.46],[35.546,50.44],[35.591,50.369],[35.674,50.346],[35.796,50.406],[35.89,50.437],[36.008,50.42],[36.116,50.409],[36.189,50.368],[36.243,50.312],[36.306,50.28],[36.369,50.297],[36.5,50.28],[36.56,50.235],[36.619,50.209],[36.696,50.246],[36.759,50.292],[36.988,50.34],[37.131,50.352],[37.171,50.361],[37.255,50.395],[37.343,50.418],[37.423,50.411],[37.501,50.341],[37.582,50.292],[37.605,50.215],[37.704,50.109],[37.95,49.964],[38.047,49.92],[38.113,49.928],[38.147,49.939],[38.163,49.955],[38.178,50.025],[38.209,50.051],[38.259,50.052],[38.451,49.964],[38.552,49.955],[38.648,49.953],[38.777,49.884],[38.918,49.825],[39.028,49.818],[39.115,49.842],[39.175,49.856],[39.212,49.833],[39.246,49.782],[39.303,49.742],[39.368,49.731],[39.463,49.728],[39.627,49.651],[39.781,49.572],[39.877,49.568],[39.958,49.591],[40.031,49.597],[40.081,49.577],[40.095,49.543],[40.058,49.497],[40.058,49.432],[40.126,49.369],[40.128,49.307],[40.109,49.252],[40.07,49.2],[39.976,49.13],[39.89,49.064],[39.759,49.037],[39.687,49.008],[39.706,48.96],[39.753,48.914],[39.864,48.878],[39.989,48.851],[40.004,48.822],[39.984,48.807],[39.904,48.794],[39.793,48.808],[39.756,48.782],[39.705,48.739],[39.67,48.662],[39.645,48.591],[39.765,48.572],[39.836,48.543],[39.858,48.484],[39.883,48.419],[39.89,48.36],[39.85,48.332],[39.847,48.303],[39.866,48.288],[39.918,48.282],[39.958,48.269],[39.961,48.238],[39.885,48.168],[39.814,48.035],[39.776,47.964],[39.779,47.888],[39.736,47.845],[39.658,47.841],[39.391,47.834],[39.158,47.837],[39.058,47.848],[38.9,47.855],[38.822,47.837],[38.719,47.714],[38.641,47.666],[38.511,47.622],[38.369,47.61],[38.287,47.559],[38.259,47.48],[38.257,47.409],[38.243,47.374],[38.212,47.343],[38.201,47.321],[38.208,47.297],[38.241,47.288],[38.281,47.277],[38.281,47.259],[38.265,47.237],[38.221,47.213],[38.201,47.175],[38.206,47.136],[38.214,47.091]]],[[[32.012,46.204],[32.15,46.155],[32.009,46.168],[31.7,46.214],[31.564,46.258],[31.529,46.307],[31.509,46.373],[31.585,46.303],[31.638,46.273],[32.012,46.204]]]]}},{"type":"Feature","properties":{"ISO_A2_EH":"TR"},"geometry":{"type":"MultiPolygon","coordinates":[[[[25.97,40.136],[25.74,40.105],[25.669,40.136],[25.741,40.196],[25.875,40.234],[25.918,40.238],[25.977,40.178],[25.97,40.136]]],[[[41.51,41.517],[41.577,41.497],[41.702,41.472],[41.779,41.441],[41.824,41.432],[41.926,41.496],[42.078,41.494],[42.211,41.487],[42.28,41.475],[42.364,41.454],[42.466,41.44],[42.508,41.47],[42.567,41.559],[42.59,41.571],[42.607,41.579],[42.682,41.586],[42.754,41.579],[42.788,41.564],[42.822,41.492],[42.907,41.467],[43.057,41.353],[43.149,41.307],[43.171,41.288],[43.141,41.265],[43.153,41.236],[43.205,41.199],[43.279,41.185],[43.359,41.19],[43.402,41.177],[43.433,41.156],[43.442,41.126],[43.439,41.107],[43.455,41.065],[43.517,41.005],[43.592,40.968],[43.632,40.929],[43.696,40.794],[43.723,40.72],[43.713,40.648],[43.668,40.574],[43.569,40.482],[43.594,40.444],[43.616,40.393],[43.608,40.357],[43.678,40.239],[43.71,40.167],[43.683,40.15],[43.666,40.126],[43.792,40.07],[43.942,40.023],[44.005,40.014],[44.178,40.036],[44.289,40.04],[44.4,39.996],[44.56,39.888],[44.734,39.746],[44.768,39.704],[44.783,39.685],[44.817,39.65],[44.782,39.651],[44.725,39.682],[44.587,39.769],[44.517,39.731],[44.456,39.667],[44.389,39.422],[44.335,39.396],[44.24,39.397],[44.124,39.405],[44.044,39.393],[44.023,39.377],[44.034,39.351],[44.058,39.311],[44.074,39.26],[44.079,39.218],[44.121,39.181],[44.178,39.145],[44.181,39.108],[44.172,39.056],[44.159,39.017],[44.145,38.994],[44.171,38.934],[44.232,38.863],[44.272,38.836],[44.257,38.701],[44.28,38.641],[44.298,38.558],[44.291,38.42],[44.299,38.386],[44.32,38.375],[44.376,38.37],[44.431,38.357],[44.45,38.334],[44.45,38.318],[44.381,38.255],[44.373,38.21],[44.349,38.146],[44.329,38.109],[44.268,38.039],[44.229,37.967],[44.211,37.908],[44.223,37.88],[44.336,37.872],[44.398,37.829],[44.561,37.745],[44.59,37.71],[44.545,37.658],[44.546,37.636],[44.567,37.609],[44.577,37.56],[44.573,37.506],[44.574,37.435],[44.604,37.424],[44.715,37.357],[44.794,37.29],[44.797,37.27],[44.758,37.217],[44.767,37.156],[44.765,37.142],[44.731,37.165],[44.669,37.174],[44.606,37.176],[44.566,37.158],[44.496,37.111],[44.402,37.058],[44.326,37.011],[44.282,36.978],[44.246,36.983],[44.217,37.012],[44.202,37.052],[44.208,37.203],[44.192,37.25],[44.156,37.283],[44.114,37.302],[44.065,37.312],[44.013,37.314],[43.94,37.269],[43.836,37.224],[43.676,37.227],[43.568,37.236],[43.516,37.245],[43.307,37.315],[43.263,37.317],[43.185,37.345],[43.092,37.367],[42.937,37.325],[42.869,37.335],[42.775,37.372],[42.741,37.362],[42.635,37.249],[42.456,37.129],[42.359,37.109],[42.313,37.23],[42.269,37.277],[42.248,37.282],[42.203,37.297],[42.168,37.289],[42.06,37.206],[41.887,37.156],[41.744,37.126],[41.516,37.089],[41.34,37.071],[41.265,37.069],[41.102,37.086],[40.959,37.109],[40.816,37.108],[40.706,37.098],[40.45,37.009],[40.016,36.826],[39.687,36.739],[39.501,36.702],[39.357,36.682],[39.108,36.681],[38.906,36.695],[38.767,36.693],[38.689,36.715],[38.578,36.789],[38.444,36.862],[38.384,36.879],[38.306,36.893],[38.192,36.902],[37.907,36.795],[37.818,36.766],[37.72,36.744],[37.524,36.678],[37.436,36.643],[37.327,36.647],[37.187,36.656],[37.066,36.653],[36.985,36.702],[36.942,36.758],[36.777,36.793],[36.659,36.803],[36.628,36.778],[36.597,36.701],[36.547,36.506],[36.538,36.457],[36.641,36.264],[36.637,36.234],[36.562,36.224],[36.477,36.221],[36.421,36.203],[36.375,36.171],[36.348,36.004],[36.249,35.973],[36.202,35.938],[36.154,35.834],[36.127,35.831],[35.968,35.91],[35.893,35.917],[35.957,35.998],[35.887,36.159],[35.811,36.31],[35.883,36.406],[36.032,36.523],[36.188,36.659],[36.188,36.743],[36.18,36.807],[36.135,36.852],[36.049,36.911],[35.905,36.848],[35.802,36.778],[35.734,36.764],[35.661,36.724],[35.626,36.653],[35.537,36.597],[35.393,36.575],[35.176,36.635],[34.943,36.726],[34.811,36.799],[34.704,36.817],[34.601,36.784],[34.3,36.604],[34.023,36.341],[33.955,36.295],[33.695,36.182],[33.523,36.144],[33.442,36.153],[33.1,36.103],[32.929,36.096],[32.795,36.036],[32.534,36.101],[32.378,36.184],[32.284,36.268],[32.131,36.449],[32.022,36.535],[31.778,36.613],[31.353,36.801],[31.241,36.822],[30.95,36.849],[30.644,36.866],[30.582,36.797],[30.558,36.526],[30.506,36.451],[30.484,36.31],[30.446,36.27],[30.387,36.243],[30.295,36.288],[30.232,36.307],[30.083,36.249],[29.789,36.168],[29.689,36.157],[29.348,36.259],[29.224,36.324],[29.143,36.397],[29.116,36.52],[29.066,36.59],[29.058,36.638],[29.038,36.693],[28.97,36.715],[28.896,36.674],[28.817,36.675],[28.718,36.701],[28.484,36.804],[28.304,36.812],[28.196,36.686],[28.112,36.646],[28.019,36.634],[28.014,36.67],[28.084,36.751],[27.804,36.736],[27.656,36.675],[27.54,36.684],[27.454,36.712],[27.467,36.746],[27.555,36.759],[27.631,36.787],[27.934,36.809],[28.005,36.832],[28.083,36.92],[28.224,36.996],[28.242,37.029],[28.134,37.029],[27.668,37.007],[27.349,37.02],[27.311,36.982],[27.263,36.977],[27.25,37.079],[27.3,37.127],[27.368,37.122],[27.535,37.164],[27.52,37.249],[27.401,37.307],[27.376,37.341],[27.29,37.349],[27.219,37.389],[27.204,37.491],[27.148,37.604],[27.068,37.658],[27.078,37.688],[27.224,37.725],[27.255,37.882],[27.232,37.979],[27.159,37.987],[26.944,38.063],[26.879,38.055],[26.807,38.138],[26.683,38.198],[26.621,38.176],[26.582,38.149],[26.525,38.162],[26.428,38.214],[26.333,38.242],[26.291,38.277],[26.344,38.37],[26.416,38.368],[26.43,38.441],[26.372,38.562],[26.378,38.624],[26.441,38.641],[26.514,38.629],[26.587,38.557],[26.61,38.487],[26.595,38.419],[26.641,38.352],[26.674,38.336],[26.696,38.405],[26.727,38.419],[26.77,38.388],[26.861,38.373],[27.099,38.416],[27.144,38.452],[26.97,38.448],[26.907,38.482],[26.838,38.558],[26.795,38.626],[26.788,38.66],[26.764,38.71],[26.79,38.736],[26.909,38.776],[27.014,38.887],[26.97,38.919],[26.92,38.934],[26.866,38.923],[26.815,38.961],[26.808,39.014],[26.849,39.057],[26.854,39.116],[26.719,39.261],[26.682,39.292],[26.711,39.34],[26.813,39.419],[26.911,39.517],[26.899,39.55],[26.827,39.563],[26.484,39.521],[26.351,39.484],[26.113,39.467],[26.096,39.521],[26.101,39.569],[26.155,39.657],[26.15,39.873],[26.181,39.99],[26.313,40.025],[26.475,40.197],[26.738,40.4],[27.012,40.396],[27.122,40.452],[27.285,40.456],[27.314,40.415],[27.333,40.376],[27.476,40.32],[27.728,40.329],[27.789,40.351],[27.849,40.382],[27.732,40.481],[27.769,40.51],[27.875,40.513],[27.99,40.489],[27.995,40.467],[27.964,40.435],[27.929,40.38],[27.963,40.37],[28.289,40.403],[28.63,40.376],[28.739,40.391],[29.007,40.39],[29.055,40.424],[28.974,40.467],[28.895,40.482],[28.841,40.503],[28.788,40.534],[28.958,40.631],[29.054,40.649],[29.508,40.708],[29.845,40.738],[29.849,40.76],[29.801,40.76],[29.365,40.809],[29.26,40.847],[29.114,40.938],[29.082,40.963],[29.046,41.008],[29.067,41.102],[29.094,41.177],[29.148,41.221],[29.322,41.228],[29.919,41.151],[30.345,41.197],[30.81,41.085],[31.255,41.108],[31.347,41.158],[31.458,41.32],[32.086,41.589],[32.306,41.73],[32.542,41.806],[32.947,41.892],[33.285,42.005],[33.381,42.018],[34.193,41.964],[34.75,41.957],[35.006,42.063],[35.155,42.028],[35.141,41.99],[35.114,41.957],[35.122,41.891],[35.209,41.794],[35.298,41.729],[35.558,41.634],[35.92,41.714],[35.978,41.705],[36.052,41.683],[36.179,41.427],[36.278,41.336],[36.405,41.275],[36.51,41.263],[36.587,41.327],[36.647,41.353],[36.778,41.363],[36.992,41.275],[37.066,41.184],[37.431,41.114],[37.766,41.079],[37.91,41.002],[38.381,40.925],[38.557,40.937],[38.852,41.018],[39.426,41.106],[39.808,40.983],[39.911,40.966],[40,40.977],[40.128,40.943],[40.265,40.961],[40.688,41.107],[40.82,41.19],[40.959,41.212],[41.084,41.261],[41.414,41.424],[41.51,41.517]]],[[[28.014,41.969],[27.987,41.855],[28.05,41.729],[28.198,41.554],[28.346,41.466],[28.947,41.248],[29.057,41.23],[29.032,41.14],[28.996,41.061],[28.956,41.008],[28.78,40.974],[28.295,41.071],[28.172,41.081],[28.086,41.061],[27.925,40.991],[27.747,41.013],[27.499,40.973],[27.43,40.84],[27.258,40.687],[26.975,40.564],[26.772,40.498],[26.468,40.261],[26.33,40.123],[26.272,40.097],[26.203,40.075],[26.226,40.142],[26.26,40.202],[26.252,40.248],[26.254,40.315],[26.355,40.39],[26.447,40.445],[26.72,40.544],[26.792,40.627],[26.578,40.625],[26.361,40.606],[26.224,40.618],[26.105,40.611],[26.068,40.683],[26.039,40.727],[26.07,40.74],[26.109,40.75],[26.179,40.827],[26.241,40.883],[26.331,40.954],[26.354,40.997],[26.354,41.037],[26.333,41.064],[26.328,41.097],[26.326,41.143],[26.331,41.239],[26.536,41.343],[26.602,41.354],[26.625,41.402],[26.61,41.512],[26.581,41.601],[26.545,41.607],[26.495,41.633],[26.463,41.663],[26.411,41.696],[26.321,41.717],[26.318,41.745],[26.327,41.773],[26.36,41.802],[26.511,41.826],[26.529,41.847],[26.55,41.897],[26.58,41.948],[26.615,41.965],[26.679,41.963],[26.8,41.975],[26.885,41.992],[26.969,42.027],[27.012,42.059],[27.193,42.077],[27.244,42.093],[27.295,42.08],[27.363,42.025],[27.475,41.947],[27.535,41.921],[27.58,41.933],[27.661,41.961],[27.739,41.962],[27.802,41.957],[27.832,41.981],[27.879,41.987],[28.014,41.969]]]]}},{"type":"Feature","properties":{"ISO_A2_EH":"CH"},"geometry":{"type":"Polygon","coordinates":[[[9.524,47.524],[9.554,47.511],[9.626,47.467],[9.609,47.392],[9.528,47.271],[9.484,47.173],[9.479,47.098],[9.488,47.062],[9.502,47.063],[9.58,47.057],[9.62,47.057],[9.745,47.037],[9.845,47.007],[9.865,46.976],[9.878,46.938],[9.997,46.885],[10.133,46.852],[10.18,46.862],[10.349,46.985],[10.415,46.964],[10.455,46.899],[10.453,46.865],[10.406,46.735],[10.398,46.665],[10.438,46.619],[10.442,46.583],[10.431,46.55],[10.363,46.547],[10.272,46.565],[10.196,46.621],[10.138,46.614],[10.087,46.6],[10.061,46.547],[10.038,46.483],[10.046,46.448],[10.082,46.421],[10.11,46.363],[10.13,46.288],[10.145,46.254],[10.128,46.238],[10.081,46.228],[10.041,46.238],[9.972,46.328],[9.939,46.362],[9.884,46.368],[9.788,46.346],[9.639,46.296],[9.58,46.296],[9.529,46.306],[9.481,46.349],[9.441,46.431],[9.428,46.482],[9.399,46.481],[9.304,46.496],[9.26,46.475],[9.26,46.391],[9.251,46.287],[9.203,46.219],[9.071,46.102],[9.022,46.051],[9.003,46.015],[8.999,45.983],[9.019,45.928],[9.047,45.876],[9.024,45.846],[8.954,45.83],[8.904,45.862],[8.885,45.919],[8.778,45.996],[8.827,46.061],[8.819,46.077],[8.642,46.111],[8.565,46.16],[8.458,46.246],[8.438,46.283],[8.443,46.403],[8.437,46.432],[8.423,46.446],[8.371,46.445],[8.299,46.403],[8.232,46.341],[8.096,46.271],[8.082,46.256],[8.127,46.188],[8.125,46.161],[8.014,46.052],[7.993,46.016],[7.852,45.947],[7.788,45.922],[7.593,45.972],[7.539,45.978],[7.452,45.944],[7.328,45.912],[7.129,45.88],[7.056,45.904],[7.021,45.926],[7.004,45.959],[6.954,46.017],[6.897,46.052],[6.858,46.089],[6.806,46.131],[6.772,46.165],[6.817,46.275],[6.784,46.314],[6.767,46.369],[6.776,46.407],[6.758,46.416],[6.578,46.437],[6.429,46.431],[6.322,46.394],[6.235,46.333],[6.224,46.319],[6.23,46.308],[6.273,46.252],[6.199,46.193],[6.087,46.147],[6.007,46.142],[5.971,46.151],[5.97,46.215],[6.036,46.238],[6.096,46.279],[6.116,46.338],[6.123,46.379],[6.06,46.428],[6.068,46.459],[6.107,46.516],[6.13,46.567],[6.161,46.611],[6.285,46.683],[6.41,46.755],[6.429,46.832],[6.439,46.926],[6.456,46.948],[6.625,47.004],[6.667,47.027],[6.688,47.058],[6.821,47.163],[6.952,47.267],[6.979,47.302],[7.001,47.323],[7.001,47.339],[6.984,47.353],[6.921,47.361],[6.9,47.394],[6.968,47.453],[7.053,47.489],[7.136,47.49],[7.169,47.473],[7.167,47.454],[7.203,47.433],[7.266,47.426],[7.343,47.433],[7.42,47.455],[7.467,47.508],[7.495,47.547],[7.616,47.593],[7.698,47.57],[7.927,47.564],[8.094,47.576],[8.198,47.607],[8.328,47.607],[8.415,47.59],[8.43,47.592],[8.454,47.596],[8.478,47.613],[8.559,47.624],[8.571,47.638],[8.567,47.652],[8.552,47.659],[8.452,47.652],[8.413,47.663],[8.403,47.688],[8.436,47.731],[8.51,47.767],[8.573,47.776],[8.618,47.766],[8.728,47.7],[8.755,47.698],[8.77,47.71],[8.793,47.717],[8.831,47.704],[8.874,47.663],[8.881,47.656],[9.128,47.671],[9.183,47.671],[9.35,47.599],[9.524,47.524]]]}},{"type":"Feature","properties":{"ISO_A2_EH":"SE"},"geometry":{"type":"MultiPolygon","coordinates":[[[[19.076,57.836],[18.994,57.812],[18.945,57.742],[18.878,57.73],[18.814,57.706],[18.791,57.483],[18.908,57.398],[18.844,57.386],[18.785,57.361],[18.743,57.324],[18.7,57.243],[18.538,57.197],[18.477,57.163],[18.387,57.088],[18.34,56.978],[18.249,56.932],[18.146,56.921],[18.207,57.01],[18.285,57.083],[18.21,57.133],[18.164,57.212],[18.105,57.272],[18.152,57.339],[18.129,57.449],[18.137,57.557],[18.205,57.611],[18.283,57.655],[18.405,57.757],[18.537,57.831],[18.722,57.864],[18.805,57.833],[18.841,57.9],[18.901,57.915],[18.956,57.9],[19.076,57.836]]],[[[16.529,56.291],[16.477,56.24],[16.432,56.244],[16.401,56.311],[16.394,56.484],[16.412,56.569],[16.63,56.877],[16.728,56.902],[16.865,57.091],[16.902,57.175],[16.961,57.25],[16.996,57.318],[17.025,57.345],[17.089,57.332],[17.118,57.32],[17.05,57.28],[17.058,57.229],[17.054,57.208],[16.884,56.985],[16.838,56.841],[16.778,56.805],[16.529,56.291]]],[[[11.388,59.037],[11.471,58.91],[11.544,58.893],[11.643,58.926],[11.712,59.019],[11.752,59.158],[11.798,59.29],[11.743,59.431],[11.685,59.556],[11.681,59.592],[11.834,59.697],[11.881,59.782],[11.932,59.864],[11.988,59.891],[12.072,59.898],[12.169,59.913],[12.292,59.967],[12.402,60.04],[12.486,60.107],[12.515,60.239],[12.516,60.305],[12.553,60.354],[12.589,60.451],[12.554,60.546],[12.445,60.69],[12.315,60.892],[12.294,61.003],[12.354,61.023],[12.468,61.042],[12.683,61.047],[12.706,61.06],[12.728,61.108],[12.776,61.174],[12.828,61.222],[12.864,61.29],[12.881,61.352],[12.758,61.446],[12.596,61.541],[12.487,61.573],[12.292,61.653],[12.155,61.721],[12.234,61.977],[12.292,62.167],[12.301,62.214],[12.304,62.286],[12.115,62.592],[12.122,62.66],[12.14,62.721],[12.12,62.826],[12.109,62.919],[12.141,62.948],[12.218,63.001],[12.145,63.083],[12.139,63.089],[12,63.292],[12.212,63.492],[12.175,63.596],[12.302,63.671],[12.533,63.844],[12.663,63.94],[12.69,63.957],[12.793,64],[12.988,64.05],[13.204,64.075],[13.3,64.075],[13.671,64.041],[13.961,64.014],[14.003,64.041],[14.063,64.096],[14.141,64.174],[14.148,64.26],[14.12,64.388],[14.078,64.464],[13.874,64.514],[13.65,64.582],[13.925,64.797],[14.115,64.946],[14.352,65.171],[14.426,65.264],[14.48,65.301],[14.55,65.646],[14.596,65.743],[14.635,65.793],[14.635,65.845],[14.61,65.932],[14.543,66.129],[14.918,66.154],[15.04,66.168],[15.153,66.191],[15.375,66.252],[15.484,66.306],[15.423,66.49],[15.557,66.552],[15.884,66.769],[16.238,66.976],[16.404,67.055],[16.421,67.093],[16.434,67.155],[16.361,67.252],[16.282,67.312],[16.127,67.426],[16.194,67.505],[16.307,67.521],[16.457,67.552],[16.574,67.62],[16.586,67.628],[16.784,67.895],[17.171,68.03],[17.325,68.104],[17.565,68.048],[17.917,67.965],[18.073,68.088],[18.125,68.133],[18.177,68.201],[18.156,68.317],[18.147,68.468],[18.163,68.528],[18.303,68.555],[18.379,68.562],[18.77,68.5],[18.868,68.501],[19.053,68.493],[19.259,68.465],[19.691,68.392],[19.87,68.362],[19.97,68.356],[20.056,68.39],[20.24,68.478],[19.969,68.542],[20.147,68.607],[20.24,68.673],[20.319,68.754],[20.348,68.849],[20.337,68.9],[20.282,68.934],[20.117,69.021],[20.492,69.033],[20.622,69.037],[20.895,68.98],[20.907,68.967],[20.909,68.938],[20.919,68.907],[21.183,68.829],[21.26,68.787],[21.422,68.725],[21.465,68.691],[21.616,68.651],[21.724,68.609],[21.85,68.574],[21.997,68.521],[22.195,68.478],[22.362,68.464],[22.782,68.391],[22.854,68.367],[22.975,68.316],[23.098,68.258],[23.183,68.137],[23.319,68.13],[23.355,68.089],[23.474,68.017],[23.639,67.954],[23.633,67.933],[23.502,67.875],[23.488,67.797],[23.5,67.696],[23.541,67.614],[23.537,67.59],[23.504,67.562],[23.465,67.518],[23.451,67.479],[23.455,67.46],[23.468,67.45],[23.537,67.449],[23.661,67.44],[23.734,67.423],[23.775,67.329],[23.761,67.31],[23.657,67.268],[23.626,67.234],[23.623,67.184],[23.642,67.129],[23.677,67.068],[23.759,67.003],[23.869,66.934],[23.942,66.878],[23.976,66.838],[23.989,66.811],[23.939,66.776],[23.894,66.707],[23.886,66.628],[23.866,66.577],[23.768,66.506],[23.701,66.481],[23.682,66.443],[23.674,66.381],[23.694,66.304],[23.7,66.253],[23.721,66.215],[23.751,66.191],[23.907,66.148],[23.995,66.06],[24.049,65.99],[24.155,65.805],[23.891,65.782],[23.691,65.829],[23.592,65.805],[23.418,65.804],[23.221,65.786],[23.155,65.75],[23.102,65.735],[22.919,65.786],[22.747,65.871],[22.62,65.807],[22.539,65.794],[22.465,65.853],[22.401,65.862],[22.366,65.843],[22.336,65.791],[22.288,65.751],[22.275,65.725],[22.267,65.622],[22.254,65.598],[22.086,65.611],[22.096,65.584],[22.133,65.57],[22.148,65.553],[22.087,65.53],[21.92,65.532],[21.903,65.508],[21.95,65.47],[21.913,65.437],[21.88,65.424],[21.681,65.403],[21.566,65.408],[21.533,65.387],[21.523,65.359],[21.545,65.331],[21.596,65.317],[21.613,65.299],[21.609,65.261],[21.567,65.255],[21.447,65.321],[21.41,65.317],[21.438,65.283],[21.506,65.245],[21.546,65.207],[21.581,65.161],[21.574,65.126],[21.425,65.013],[21.294,64.941],[21.196,64.877],[21.138,64.809],[21.205,64.774],[21.279,64.725],[21.332,64.629],[21.394,64.544],[21.52,64.463],[21.494,64.416],[21.465,64.38],[21.256,64.299],[21.018,64.178],[20.763,63.868],[20.678,63.826],[20.454,63.774],[20.371,63.723],[20.205,63.662],[19.914,63.611],[19.782,63.538],[19.722,63.463],[19.656,63.458],[19.59,63.487],[19.502,63.509],[19.491,63.46],[19.495,63.424],[19.354,63.477],[19.288,63.429],[19.236,63.347],[19.034,63.238],[18.817,63.257],[18.792,63.238],[18.85,63.224],[18.859,63.207],[18.819,63.197],[18.76,63.198],[18.667,63.177],[18.606,63.178],[18.578,63.126],[18.531,63.064],[18.408,63.038],[18.344,63.032],[18.313,62.996],[18.502,62.989],[18.487,62.959],[18.483,62.928],[18.463,62.896],[18.248,62.849],[18.215,62.812],[18.17,62.789],[18.074,62.791],[18.078,62.812],[18.094,62.836],[17.951,62.834],[17.907,62.887],[17.88,62.873],[17.896,62.831],[17.933,62.786],[17.974,62.721],[17.941,62.68],[17.903,62.659],[17.93,62.641],[18.007,62.626],[18.037,62.601],[17.947,62.578],[17.834,62.503],[17.718,62.501],[17.646,62.451],[17.571,62.451],[17.509,62.483],[17.41,62.508],[17.378,62.463],[17.373,62.427],[17.429,62.335],[17.535,62.264],[17.634,62.233],[17.563,62.212],[17.51,62.166],[17.447,62.023],[17.412,61.966],[17.375,61.866],[17.398,61.782],[17.417,61.741],[17.465,61.684],[17.335,61.692],[17.196,61.725],[17.216,61.656],[17.131,61.576],[17.147,61.505],[17.164,61.458],[17.138,61.382],[17.178,61.358],[17.2,61.312],[17.164,61.278],[17.18,61.249],[17.186,61.147],[17.213,60.986],[17.203,60.952],[17.279,60.812],[17.261,60.763],[17.251,60.701],[17.36,60.641],[17.457,60.642],[17.555,60.643],[17.593,60.628],[17.631,60.585],[17.661,60.535],[17.742,60.539],[17.872,60.58],[17.956,60.59],[18.011,60.511],[18.163,60.408],[18.25,60.362],[18.4,60.337],[18.558,60.254],[18.535,60.153],[18.601,60.119],[18.787,60.079],[18.853,60.026],[18.884,59.98],[18.933,59.942],[18.99,59.828],[18.971,59.757],[18.896,59.733],[18.719,59.657],[18.64,59.601],[18.578,59.566],[18.402,59.49],[18.338,59.477],[18.276,59.438],[18.217,59.421],[18.164,59.43],[17.964,59.359],[17.98,59.329],[18.133,59.316],[18.211,59.331],[18.271,59.367],[18.336,59.375],[18.396,59.369],[18.459,59.397],[18.509,59.408],[18.56,59.394],[18.618,59.327],[18.499,59.292],[18.414,59.29],[18.373,59.18],[18.322,59.132],[18.285,59.109],[18.098,59.062],[17.975,59.003],[17.829,58.955],[17.765,58.965],[17.67,58.916],[17.457,58.858],[17.348,58.781],[17.103,58.711],[16.978,58.654],[16.639,58.651],[16.316,58.664],[16.214,58.637],[16.318,58.628],[16.391,58.602],[16.478,58.613],[16.683,58.6],[16.788,58.585],[16.924,58.493],[16.824,58.46],[16.652,58.434],[16.717,58.303],[16.77,58.214],[16.7,58.161],[16.695,57.918],[16.597,57.913],[16.555,57.812],[16.586,57.761],[16.584,57.642],[16.604,57.568],[16.652,57.501],[16.631,57.43],[16.476,57.265],[16.479,57.188],[16.507,57.142],[16.528,57.068],[16.458,56.927],[16.408,56.809],[16.349,56.709],[16.217,56.59],[16.151,56.501],[15.997,56.223],[15.92,56.167],[15.827,56.125],[15.722,56.164],[15.627,56.186],[15.51,56.183],[15.327,56.151],[15.051,56.172],[14.782,56.162],[14.714,56.134],[14.755,56.033],[14.656,56.02],[14.559,56.049],[14.473,56.014],[14.402,55.977],[14.262,55.888],[14.215,55.833],[14.203,55.729],[14.276,55.636],[14.342,55.528],[14.174,55.397],[14.08,55.392],[13.806,55.429],[13.321,55.346],[12.886,55.411],[12.941,55.482],[12.939,55.533],[12.963,55.613],[12.978,55.694],[12.974,55.748],[12.942,55.806],[12.835,55.882],[12.593,56.138],[12.521,56.246],[12.471,56.291],[12.507,56.293],[12.706,56.235],[12.753,56.242],[12.802,56.264],[12.742,56.347],[12.691,56.384],[12.656,56.441],[12.773,56.456],[12.857,56.452],[12.92,56.516],[12.884,56.618],[12.793,56.649],[12.718,56.663],[12.573,56.823],[12.421,56.906],[12.152,57.227],[12.053,57.447],[11.962,57.426],[11.917,57.522],[11.885,57.613],[11.879,57.679],[11.735,57.718],[11.729,57.764],[11.703,57.973],[11.549,58.001],[11.449,58.118],[11.432,58.34],[11.33,58.38],[11.248,58.369],[11.252,58.424],[11.272,58.476],[11.224,58.68],[11.208,58.866],[11.169,58.923],[11.147,58.989],[11.167,59.046],[11.196,59.078],[11.295,59.087],[11.388,59.037]]],[[[19.156,57.923],[19.138,57.86],[19.087,57.865],[19.039,57.911],[19.135,57.981],[19.281,57.978],[19.331,57.963],[19.156,57.923]]],[[[18.416,59.029],[18.372,59.02],[18.35,59.023],[18.377,59.069],[18.398,59.089],[18.465,59.108],[18.486,59.105],[18.416,59.029]]],[[[18.595,59.47],[18.57,59.437],[18.545,59.478],[18.555,59.486],[18.572,59.526],[18.621,59.548],[18.698,59.535],[18.698,59.525],[18.624,59.492],[18.595,59.47]]]]}},{"type":"Feature","properties":{"ISO_A2_EH":"ES"},"geometry":{"type":"MultiPolygon","coordinates":[[[[1.594,38.672],[1.571,38.659],[1.505,38.671],[1.406,38.671],[1.402,38.711],[1.417,38.74],[1.436,38.768],[1.497,38.712],[1.593,38.701],[1.594,38.672]]],[[[3.145,39.79],[3.241,39.757],[3.342,39.787],[3.396,39.777],[3.449,39.761],[3.462,39.698],[3.415,39.627],[3.349,39.556],[3.293,39.477],[3.245,39.387],[3.155,39.333],[3.073,39.301],[2.9,39.368],[2.8,39.385],[2.77,39.41],[2.746,39.51],[2.701,39.542],[2.634,39.556],[2.576,39.531],[2.5,39.478],[2.459,39.53],[2.394,39.54],[2.37,39.572],[2.371,39.613],[2.785,39.855],[2.905,39.908],[3.159,39.971],[3.198,39.961],[3.164,39.924],[3.167,39.908],[3.199,39.89],[3.191,39.861],[3.159,39.837],[3.145,39.79]]],[[[4.294,39.842],[4.275,39.83],[3.968,39.946],[3.867,39.959],[3.843,39.976],[3.845,40.036],[3.853,40.063],[4.059,40.075],[4.226,40.032],[4.315,39.917],[4.322,39.898],[4.294,39.842]]],[[[1.445,38.919],[1.409,38.857],[1.257,38.879],[1.223,38.904],[1.256,38.973],[1.3,38.982],[1.303,39.031],[1.349,39.081],[1.564,39.121],[1.613,39.087],[1.624,39.039],[1.495,38.933],[1.445,38.919]]],[[[-1.794,43.407],[-1.793,43.373],[-1.753,43.325],[-1.713,43.307],[-1.627,43.282],[-1.561,43.279],[-1.472,43.268],[-1.411,43.24],[-1.407,43.197],[-1.423,43.149],[-1.459,43.105],[-1.48,43.071],[-1.461,43.052],[-1.429,43.037],[-1.394,43.033],[-1.371,43.038],[-1.353,43.064],[-1.319,43.097],[-1.3,43.101],[-1.302,43.082],[-1.285,43.06],[-1.175,43.021],[-0.934,42.95],[-0.839,42.948],[-0.763,42.94],[-0.74,42.91],[-0.586,42.799],[-0.55,42.802],[-0.481,42.799],[-0.398,42.808],[-0.339,42.829],[-0.299,42.825],[-0.256,42.804],[-0.205,42.785],[-0.14,42.749],[-0.081,42.704],[-0.041,42.689],[0.201,42.719],[0.255,42.693],[0.313,42.693],[0.377,42.7],[0.518,42.686],[0.632,42.69],[0.642,42.701],[0.652,42.8],[0.67,42.836],[0.697,42.845],[0.764,42.838],[1.01,42.779],[1.111,42.742],[1.208,42.713],[1.293,42.71],[1.349,42.691],[1.428,42.596],[1.415,42.548],[1.422,42.531],[1.43,42.498],[1.428,42.461],[1.449,42.437],[1.486,42.434],[1.534,42.442],[1.586,42.456],[1.679,42.497],[1.706,42.503],[1.86,42.457],[1.928,42.426],[1.951,42.393],[1.987,42.358],[2.033,42.354],[2.098,42.386],[2.2,42.421],[2.374,42.39],[2.568,42.346],[2.652,42.34],[2.655,42.362],[2.67,42.393],[2.702,42.408],[2.749,42.413],[2.816,42.429],[2.891,42.456],[2.97,42.467],[3.053,42.447],[3.152,42.431],[3.211,42.431],[3.24,42.368],[3.288,42.344],[3.307,42.289],[3.219,42.26],[3.166,42.256],[3.15,42.162],[3.175,42.136],[3.225,42.111],[3.238,42.082],[3.248,41.944],[3.147,41.861],[3.005,41.767],[2.311,41.467],[2.146,41.321],[2.083,41.287],[1.567,41.196],[1.206,41.098],[1.033,41.062],[0.817,40.892],[0.715,40.823],[0.796,40.804],[0.891,40.722],[0.859,40.686],[0.721,40.63],[0.66,40.613],[0.627,40.622],[0.596,40.615],[0.364,40.319],[0.158,40.107],[0.043,40.014],[-0.075,39.876],[-0.327,39.52],[-0.329,39.417],[-0.205,39.063],[-0.134,38.969],[-0.034,38.891],[0.155,38.825],[0.202,38.759],[0.136,38.697],[-0.053,38.586],[-0.381,38.436],[-0.521,38.317],[-0.551,38.203],[-0.647,38.152],[-0.683,37.992],[-0.742,37.886],[-0.753,37.85],[-0.815,37.77],[-0.823,37.712],[-0.722,37.631],[-0.772,37.596],[-0.822,37.581],[-0.938,37.571],[-1.328,37.561],[-1.641,37.387],[-1.798,37.233],[-1.939,36.946],[-2.112,36.777],[-2.188,36.745],[-2.306,36.82],[-2.453,36.831],[-2.596,36.806],[-2.671,36.748],[-2.788,36.715],[-2.902,36.743],[-3.149,36.758],[-3.259,36.756],[-3.431,36.708],[-3.579,36.74],[-3.828,36.756],[-4.367,36.718],[-4.435,36.7],[-4.502,36.629],[-4.674,36.506],[-4.935,36.502],[-5.171,36.424],[-5.231,36.374],[-5.33,36.236],[-5.361,36.135],[-5.382,36.134],[-5.407,36.159],[-5.444,36.151],[-5.463,36.074],[-5.551,36.039],[-5.625,36.026],[-5.808,36.088],[-5.961,36.182],[-6.041,36.188],[-6.17,36.334],[-6.226,36.426],[-6.266,36.527],[-6.258,36.565],[-6.269,36.597],[-6.384,36.637],[-6.412,36.729],[-6.328,36.848],[-6.259,36.899],[-6.217,36.914],[-6.321,36.908],[-6.396,36.832],[-6.492,36.955],[-6.885,37.194],[-6.859,37.249],[-6.864,37.279],[-6.929,37.215],[-6.975,37.198],[-7.175,37.209],[-7.406,37.179],[-7.467,37.428],[-7.496,37.524],[-7.504,37.585],[-7.444,37.728],[-7.379,37.786],[-7.292,37.906],[-7.185,38.006],[-7.073,38.03],[-7.023,38.045],[-6.981,38.122],[-6.958,38.188],[-6.975,38.194],[-7.106,38.181],[-7.343,38.457],[-7.336,38.501],[-7.306,38.567],[-7.286,38.649],[-7.282,38.715],[-7.22,38.771],[-7.125,38.827],[-7.046,38.907],[-7.006,38.985],[-6.998,39.056],[-7.043,39.107],[-7.172,39.135],[-7.306,39.338],[-7.335,39.465],[-7.363,39.478],[-7.445,39.536],[-7.524,39.645],[-7.536,39.662],[-7.454,39.681],[-7.118,39.682],[-7.047,39.706],[-7.037,39.714],[-6.975,39.798],[-6.911,39.937],[-6.896,40.022],[-6.916,40.057],[-7.028,40.143],[-7.033,40.168],[-7.015,40.208],[-6.948,40.252],[-6.859,40.301],[-6.81,40.343],[-6.822,40.376],[-6.848,40.411],[-6.852,40.443],[-6.836,40.483],[-6.83,40.619],[-6.818,40.654],[-6.836,40.777],[-6.858,40.878],[-6.928,41.009],[-6.916,41.038],[-6.883,41.062],[-6.776,41.108],[-6.69,41.215],[-6.566,41.304],[-6.403,41.375],[-6.289,41.455],[-6.244,41.516],[-6.213,41.532],[-6.222,41.56],[-6.243,41.602],[-6.308,41.642],[-6.392,41.665],[-6.485,41.664],[-6.542,41.673],[-6.559,41.704],[-6.553,41.79],[-6.558,41.874],[-6.575,41.913],[-6.618,41.942],[-6.704,41.935],[-6.777,41.958],[-6.833,41.964],[-6.866,41.945],[-7.03,41.951],[-7.099,41.964],[-7.147,41.981],[-7.178,41.972],[-7.195,41.955],[-7.198,41.929],[-7.21,41.895],[-7.269,41.864],[-7.404,41.834],[-7.513,41.836],[-7.613,41.858],[-7.645,41.874],[-7.693,41.888],[-7.896,41.871],[-7.921,41.884],[-7.991,41.852],[-8.094,41.814],[-8.152,41.812],[-8.174,41.82],[-8.181,41.837],[-8.225,41.896],[-8.213,41.927],[-8.13,42.018],[-8.139,42.04],[-8.174,42.069],[-8.204,42.112],[-8.213,42.134],[-8.266,42.137],[-8.323,42.115],[-8.538,42.069],[-8.59,42.053],[-8.683,42.008],[-8.777,41.941],[-8.852,41.927],[-8.878,41.947],[-8.887,42.105],[-8.772,42.211],[-8.691,42.274],[-8.729,42.287],[-8.816,42.285],[-8.81,42.334],[-8.769,42.358],[-8.73,42.412],[-8.776,42.435],[-8.812,42.47],[-8.81,42.562],[-8.8,42.6],[-8.812,42.64],[-8.988,42.586],[-9.033,42.594],[-9.035,42.662],[-8.937,42.767],[-8.927,42.799],[-9.042,42.814],[-9.127,42.865],[-9.179,42.911],[-9.235,42.977],[-9.236,43.036],[-9.178,43.174],[-9.096,43.214],[-9.025,43.239],[-8.874,43.334],[-8.666,43.317],[-8.537,43.337],[-8.422,43.386],[-8.355,43.397],[-8.249,43.439],[-8.252,43.497],[-8.289,43.54],[-8.257,43.58],[-8.137,43.629],[-8.005,43.694],[-7.853,43.707],[-7.698,43.765],[-7.595,43.727],[-7.504,43.74],[-7.399,43.696],[-7.262,43.595],[-7.061,43.554],[-6.901,43.586],[-6.617,43.592],[-6.476,43.579],[-6.224,43.604],[-6.08,43.595],[-5.847,43.645],[-5.666,43.582],[-5.316,43.553],[-5.105,43.502],[-4.523,43.416],[-4.313,43.415],[-4.015,43.463],[-3.889,43.499],[-3.774,43.478],[-3.605,43.519],[-3.524,43.511],[-3.418,43.452],[-3.046,43.372],[-2.948,43.44],[-2.875,43.454],[-2.607,43.413],[-2.337,43.328],[-2.197,43.322],[-1.991,43.345],[-1.829,43.401],[-1.794,43.407]]],[[[-16.334,28.38],[-16.418,28.151],[-16.496,28.062],[-16.543,28.032],[-16.658,28.007],[-16.795,28.149],[-16.866,28.293],[-16.905,28.34],[-16.843,28.376],[-16.752,28.37],[-16.557,28.4],[-16.517,28.413],[-16.319,28.558],[-16.124,28.576],[-16.119,28.528],[-16.334,28.38]]],[[[-13.716,28.911],[-13.784,28.845],[-13.86,28.869],[-13.824,29.013],[-13.788,29.056],[-13.65,29.119],[-13.535,29.144],[-13.501,29.211],[-13.464,29.237],[-13.423,29.198],[-13.454,29.151],[-13.478,29.007],[-13.555,28.96],[-13.716,28.911]]],[[[-14.197,28.169],[-14.333,28.056],[-14.469,28.082],[-14.492,28.101],[-14.356,28.13],[-14.232,28.216],[-14.153,28.407],[-14.028,28.617],[-14.003,28.707],[-13.954,28.741],[-13.886,28.745],[-13.857,28.738],[-13.827,28.691],[-13.828,28.585],[-13.863,28.409],[-13.928,28.253],[-14.197,28.169]]],[[[-15.401,28.147],[-15.407,28.071],[-15.383,27.993],[-15.389,27.875],[-15.437,27.811],[-15.559,27.747],[-15.656,27.758],[-15.71,27.784],[-15.807,27.888],[-15.809,27.994],[-15.721,28.064],[-15.683,28.154],[-15.453,28.137],[-15.433,28.154],[-15.415,28.159],[-15.401,28.147]]],[[[-17.185,28.022],[-17.225,28.014],[-17.274,28.038],[-17.325,28.118],[-17.29,28.176],[-17.259,28.203],[-17.214,28.199],[-17.13,28.156],[-17.104,28.111],[-17.101,28.083],[-17.185,28.022]]],[[[-17.888,27.81],[-17.985,27.646],[-18.107,27.707],[-18.136,27.728],[-18.161,27.761],[-18.043,27.768],[-17.925,27.85],[-17.888,27.81]]],[[[-17.834,28.493],[-17.859,28.486],[-17.882,28.565],[-18.001,28.758],[-17.929,28.845],[-17.798,28.847],[-17.745,28.787],[-17.727,28.724],[-17.752,28.689],[-17.744,28.616],[-17.758,28.569],[-17.834,28.493]]]]}},{"type":"Feature","properties":{"ISO_A2_EH":"SK"},"geometry":{"type":"Polygon","coordinates":[[[22.539,49.073],[22.524,49.031],[22.483,48.983],[22.432,48.934],[22.389,48.873],[22.333,48.745],[22.295,48.686],[22.143,48.569],[22.132,48.405],[22.111,48.393],[21.767,48.338],[21.721,48.347],[21.675,48.378],[21.649,48.401],[21.633,48.419],[21.603,48.464],[21.563,48.496],[21.505,48.522],[21.451,48.552],[21.382,48.553],[21.196,48.511],[21.067,48.506],[20.981,48.52],[20.867,48.546],[20.643,48.55],[20.49,48.527],[20.475,48.495],[20.334,48.296],[20.129,48.222],[19.95,48.147],[19.899,48.131],[19.81,48.155],[19.709,48.2],[19.625,48.223],[19.564,48.213],[19.497,48.162],[19.467,48.111],[19.265,48.073],[18.914,48.051],[18.792,48],[18.75,47.939],[18.748,47.893],[18.778,47.853],[18.741,47.806],[18.724,47.787],[18.476,47.777],[18.146,47.763],[17.948,47.767],[17.762,47.77],[17.635,47.81],[17.481,47.888],[17.317,47.991],[17.302,47.993],[17.277,48.004],[17.175,48.012],[17.147,48.006],[17.086,48.04],[17.068,48.083],[16.973,48.198],[16.865,48.387],[16.863,48.441],[16.904,48.504],[16.943,48.551],[16.949,48.589],[16.953,48.599],[16.985,48.677],[17.063,48.781],[17.136,48.841],[17.188,48.861],[17.297,48.843],[17.483,48.828],[17.625,48.842],[17.758,48.888],[17.831,48.929],[17.893,48.971],[17.913,48.999],[17.941,49.012],[18.051,49.037],[18.086,49.065],[18.1,49.119],[18.11,49.18],[18.133,49.225],[18.161,49.257],[18.365,49.336],[18.383,49.364],[18.416,49.391],[18.476,49.421],[18.535,49.465],[18.596,49.491],[18.676,49.488],[18.75,49.494],[18.807,49.509],[18.832,49.511],[18.938,49.498],[18.957,49.448],[18.968,49.396],[19.149,49.4],[19.25,49.511],[19.302,49.525],[19.386,49.564],[19.442,49.598],[19.48,49.576],[19.535,49.505],[19.593,49.447],[19.627,49.424],[19.63,49.407],[19.664,49.396],[19.73,49.39],[19.774,49.372],[19.787,49.319],[19.788,49.27],[19.767,49.235],[19.757,49.204],[19.802,49.192],[19.869,49.204],[19.916,49.221],[20.058,49.181],[20.108,49.271],[20.164,49.316],[20.237,49.338],[20.303,49.366],[20.363,49.385],[20.405,49.384],[20.423,49.392],[20.475,49.39],[20.535,49.381],[20.616,49.392],[20.729,49.37],[20.8,49.329],[20.868,49.315],[20.947,49.317],[21.001,49.34],[21.079,49.418],[21.136,49.417],[21.225,49.429],[21.35,49.429],[21.64,49.412],[21.712,49.382],[21.89,49.343],[21.968,49.299],[22.002,49.246],[22.02,49.21],[22.203,49.153],[22.473,49.081],[22.539,49.073]]]}},{"type":"Feature","properties":{"ISO_A2_EH":"SI"},"geometry":{"type":"Polygon","coordinates":[[[16.516,46.5],[16.428,46.524],[16.321,46.535],[16.301,46.521],[16.258,46.508],[16.237,46.484],[16.253,46.389],[16.227,46.373],[16.106,46.382],[16.067,46.371],[16.001,46.305],[15.933,46.278],[15.848,46.258],[15.784,46.234],[15.704,46.213],[15.636,46.201],[15.609,46.172],[15.593,46.14],[15.597,46.109],[15.666,46.048],[15.676,45.984],[15.668,45.904],[15.652,45.862],[15.625,45.834],[15.454,45.798],[15.277,45.733],[15.273,45.718],[15.354,45.66],[15.357,45.646],[15.29,45.613],[15.284,45.58],[15.291,45.542],[15.327,45.502],[15.339,45.467],[15.242,45.441],[15.11,45.451],[14.955,45.5],[14.9,45.493],[14.847,45.467],[14.793,45.478],[14.734,45.508],[14.65,45.571],[14.609,45.61],[14.592,45.651],[14.569,45.657],[14.534,45.645],[14.505,45.595],[14.427,45.506],[14.37,45.481],[14.283,45.487],[14.161,45.485],[14.086,45.478],[13.993,45.509],[13.97,45.503],[13.97,45.483],[13.936,45.45],[13.879,45.428],[13.615,45.477],[13.578,45.517],[13.637,45.536],[13.72,45.588],[13.776,45.582],[13.845,45.593],[13.875,45.615],[13.831,45.68],[13.722,45.761],[13.663,45.792],[13.583,45.812],[13.57,45.834],[13.614,45.962],[13.601,45.98],[13.509,45.974],[13.488,45.987],[13.48,46.009],[13.486,46.04],[13.548,46.089],[13.617,46.133],[13.635,46.158],[13.633,46.177],[13.545,46.197],[13.492,46.217],[13.45,46.224],[13.421,46.212],[13.4,46.225],[13.378,46.262],[13.4,46.318],[13.479,46.369],[13.563,46.415],[13.637,46.449],[13.68,46.463],[13.7,46.52],[13.744,46.514],[13.831,46.511],[13.929,46.498],[14.02,46.482],[14.1,46.462],[14.267,46.441],[14.42,46.428],[14.466,46.416],[14.504,46.417],[14.55,46.4],[14.577,46.413],[14.597,46.436],[14.68,46.463],[14.757,46.499],[14.811,46.545],[14.841,46.58],[14.893,46.606],[14.949,46.613],[15.001,46.626],[15.217,46.643],[15.439,46.63],[15.545,46.655],[15.633,46.698],[15.76,46.711],[15.767,46.711],[15.958,46.678],[15.972,46.697],[15.98,46.706],[15.977,46.801],[16.037,46.845],[16.093,46.863],[16.284,46.857],[16.308,46.828],[16.318,46.783],[16.335,46.722],[16.367,46.705],[16.385,46.681],[16.381,46.639],[16.418,46.607],[16.506,46.522],[16.516,46.5]]]}},{"type":"Feature","properties":{"ISO_A2_EH":"RS"},"geometry":{"type":"Polygon","coordinates":[[[21.36,44.827],[21.523,44.79],[21.597,44.755],[21.636,44.71],[21.74,44.681],[21.909,44.666],[22.027,44.62],[22.093,44.542],[22.201,44.561],[22.351,44.676],[22.498,44.706],[22.642,44.651],[22.721,44.606],[22.734,44.57],[22.701,44.556],[22.62,44.562],[22.554,44.54],[22.502,44.49],[22.495,44.435],[22.531,44.378],[22.582,44.338],[22.648,44.316],[22.683,44.286],[22.688,44.248],[22.705,44.238],[22.667,44.22],[22.627,44.194],[22.603,44.149],[22.597,44.075],[22.469,44.018],[22.421,44.007],[22.399,43.97],[22.365,43.862],[22.37,43.781],[22.387,43.74],[22.395,43.707],[22.436,43.665],[22.474,43.602],[22.499,43.519],[22.555,43.454],[22.697,43.391],[22.768,43.354],[22.82,43.301],[22.86,43.252],[22.977,43.188],[22.968,43.142],[22.942,43.097],[22.915,43.076],[22.857,43.018],[22.8,42.986],[22.706,42.884],[22.558,42.878],[22.523,42.87],[22.467,42.842],[22.439,42.792],[22.466,42.751],[22.463,42.709],[22.436,42.629],[22.472,42.543],[22.524,42.504],[22.532,42.481],[22.524,42.441],[22.446,42.359],[22.422,42.329],[22.344,42.314],[22.317,42.322],[22.277,42.35],[22.24,42.358],[22.147,42.325],[22.052,42.305],[21.978,42.32],[21.904,42.322],[21.853,42.308],[21.815,42.303],[21.739,42.268],[21.618,42.242],[21.563,42.248],[21.542,42.281],[21.519,42.328],[21.53,42.35],[21.61,42.387],[21.619,42.423],[21.731,42.595],[21.752,42.652],[21.753,42.67],[21.724,42.682],[21.663,42.681],[21.391,42.751],[21.403,42.832],[21.323,42.875],[21.237,42.913],[21.223,42.956],[21.127,43.043],[21.057,43.092],[20.968,43.116],[20.891,43.152],[20.844,43.173],[20.824,43.214],[20.824,43.238],[20.801,43.261],[20.763,43.259],[20.701,43.226],[20.623,43.199],[20.61,43.178],[20.638,43.13],[20.658,43.1],[20.649,43.071],[20.624,43.034],[20.475,42.953],[20.458,42.925],[20.487,42.879],[20.469,42.858],[20.344,42.828],[20.348,42.853],[20.34,42.893],[20.268,42.935],[20.168,42.969],[19.944,43.082],[19.858,43.097],[19.781,43.11],[19.671,43.164],[19.614,43.173],[19.552,43.212],[19.415,43.343],[19.298,43.414],[19.219,43.45],[19.196,43.485],[19.192,43.521],[19.194,43.533],[19.254,43.584],[19.301,43.592],[19.36,43.593],[19.4,43.568],[19.451,43.562],[19.48,43.595],[19.495,43.643],[19.488,43.704],[19.364,43.845],[19.257,43.943],[19.245,43.965],[19.268,43.983],[19.305,43.993],[19.345,43.985],[19.449,43.978],[19.55,43.987],[19.584,44.011],[19.584,44.043],[19.547,44.073],[19.43,44.154],[19.339,44.226],[19.232,44.281],[19.152,44.303],[19.128,44.33],[19.118,44.36],[19.127,44.415],[19.132,44.484],[19.151,44.527],[19.223,44.61],[19.292,44.697],[19.334,44.781],[19.357,44.859],[19.349,44.881],[19.313,44.897],[19.237,44.914],[19.132,44.9],[19.042,44.871],[19.007,44.869],[18.996,44.904],[19.01,44.919],[19.038,44.918],[19.061,44.911],[19.085,44.927],[19.1,44.974],[19.063,45.137],[19.13,45.152],[19.131,45.175],[19.137,45.196],[19.206,45.168],[19.303,45.167],[19.388,45.173],[19.401,45.189],[19.4,45.213],[19.382,45.231],[19.352,45.245],[19.33,45.268],[19.273,45.278],[19.093,45.337],[19.005,45.4],[19.008,45.466],[19.033,45.502],[19.064,45.515],[19.055,45.527],[18.954,45.558],[18.918,45.601],[18.947,45.656],[18.895,45.767],[18.839,45.836],[18.894,45.866],[18.901,45.908],[18.905,45.932],[18.928,45.931],[19.016,45.96],[19.048,45.983],[19.066,46.01],[19.087,46.016],[19.146,45.987],[19.208,45.984],[19.278,46.003],[19.33,46.029],[19.393,46.05],[19.421,46.064],[19.458,46.087],[19.531,46.155],[19.613,46.169],[19.725,46.152],[19.844,46.146],[19.934,46.161],[20.161,46.142],[20.21,46.126],[20.242,46.109],[20.301,46.051],[20.359,45.975],[20.438,45.941],[20.533,45.9],[20.581,45.869],[20.653,45.779],[20.709,45.735],[20.728,45.737],[20.747,45.749],[20.76,45.758],[20.775,45.75],[20.776,45.723],[20.779,45.662],[20.766,45.597],[20.786,45.536],[20.787,45.517],[20.772,45.5],[20.774,45.484],[20.794,45.468],[20.871,45.428],[20.942,45.365],[21.024,45.322],[21.1,45.294],[21.148,45.292],[21.226,45.241],[21.382,45.205],[21.431,45.193],[21.465,45.172],[21.49,45.148],[21.492,45.122],[21.468,45.11],[21.434,45.075],[21.421,45.033],[21.396,45.022],[21.371,45.021],[21.353,45.009],[21.357,44.991],[21.378,44.973],[21.41,44.958],[21.472,44.942],[21.533,44.919],[21.532,44.901],[21.52,44.881],[21.442,44.873],[21.384,44.87],[21.358,44.862],[21.36,44.827]]]}},{"type":"Feature","properties":{"ISO_A2_EH":"SM"},"geometry":{"type":"Polygon","coordinates":[[[12.485,43.901],[12.426,43.894],[12.397,43.935],[12.441,43.982],[12.504,43.99],[12.515,43.953],[12.485,43.901]]]}},{"type":"Feature","properties":{"ISO_A2_EH":"RO"},"geometry":{"type":"Polygon","coordinates":[[[28.213,45.45],[28.318,45.347],[28.451,45.292],[28.761,45.234],[28.788,45.241],[28.791,45.252],[28.77,45.267],[28.767,45.286],[28.782,45.31],[28.824,45.311],[28.894,45.29],[29.027,45.321],[29.224,45.403],[29.404,45.42],[29.568,45.371],[29.652,45.314],[29.706,45.26],[29.689,45.193],[29.679,45.152],[29.635,44.98],[29.605,44.915],[29.558,44.843],[29.048,44.758],[29.081,44.799],[29.069,44.871],[29.048,44.926],[29.095,44.975],[28.981,44.993],[28.931,44.966],[28.892,44.919],[28.926,44.81],[28.87,44.75],[28.849,44.716],[28.846,44.637],[28.814,44.602],[28.807,44.565],[28.888,44.575],[28.852,44.506],[28.699,44.374],[28.645,44.296],[28.659,43.984],[28.591,43.797],[28.585,43.742],[28.423,43.74],[28.375,43.745],[28.222,43.773],[28.05,43.822],[27.949,43.919],[27.884,43.987],[27.739,43.956],[27.711,43.965],[27.671,43.998],[27.561,44.02],[27.425,44.021],[27.121,44.146],[27.087,44.167],[26.848,44.146],[26.489,44.084],[26.216,44.007],[25.933,43.871],[25.819,43.767],[25.686,43.712],[25.497,43.671],[25.16,43.686],[24.808,43.738],[24.431,43.794],[24.227,43.763],[23.951,43.787],[23.535,43.854],[23.225,43.874],[22.919,43.834],[22.868,43.865],[22.856,43.899],[22.868,43.948],[22.911,43.987],[22.985,44.017],[23.024,44.047],[23.029,44.078],[22.945,44.127],[22.775,44.195],[22.705,44.238],[22.688,44.248],[22.683,44.286],[22.648,44.316],[22.582,44.338],[22.531,44.378],[22.495,44.435],[22.502,44.49],[22.554,44.54],[22.62,44.562],[22.701,44.556],[22.734,44.57],[22.721,44.606],[22.642,44.651],[22.498,44.706],[22.351,44.676],[22.201,44.561],[22.093,44.542],[22.027,44.62],[21.909,44.666],[21.74,44.681],[21.636,44.71],[21.597,44.755],[21.523,44.79],[21.36,44.827],[21.358,44.862],[21.384,44.87],[21.442,44.873],[21.52,44.881],[21.532,44.901],[21.533,44.919],[21.472,44.942],[21.41,44.958],[21.378,44.973],[21.357,44.991],[21.353,45.009],[21.371,45.021],[21.396,45.022],[21.421,45.033],[21.434,45.075],[21.468,45.11],[21.492,45.122],[21.49,45.148],[21.465,45.172],[21.431,45.193],[21.382,45.205],[21.226,45.241],[21.148,45.292],[21.1,45.294],[21.024,45.322],[20.942,45.365],[20.871,45.428],[20.794,45.468],[20.774,45.484],[20.772,45.5],[20.787,45.517],[20.786,45.536],[20.766,45.597],[20.779,45.662],[20.776,45.723],[20.775,45.75],[20.76,45.758],[20.747,45.749],[20.728,45.737],[20.709,45.735],[20.653,45.779],[20.581,45.869],[20.533,45.9],[20.438,45.941],[20.359,45.975],[20.301,46.051],[20.242,46.109],[20.281,46.133],[20.508,46.167],[20.614,46.133],[20.661,46.146],[20.707,46.173],[20.733,46.194],[20.737,46.217],[20.76,46.246],[20.837,46.26],[21.04,46.242],[21.122,46.282],[21.152,46.304],[21.17,46.353],[21.192,46.392],[21.265,46.412],[21.263,46.448],[21.252,46.486],[21.295,46.572],[21.32,46.608],[21.361,46.621],[21.411,46.648],[21.497,46.704],[21.477,46.753],[21.494,46.79],[21.584,46.878],[21.653,46.964],[21.651,47.007],[21.661,47.044],[21.722,47.085],[21.785,47.138],[21.869,47.305],[21.899,47.333],[21.954,47.364],[21.995,47.396],[22,47.505],[22.038,47.537],[22.112,47.572],[22.185,47.629],[22.245,47.696],[22.291,47.728],[22.351,47.736],[22.417,47.763],[22.491,47.773],[22.563,47.76],[22.608,47.766],[22.677,47.799],[22.852,47.923],[22.877,47.947],[22.913,47.964],[23.055,48.007],[23.091,48.049],[23.139,48.087],[23.203,48.085],[23.408,47.99],[23.629,47.996],[23.669,47.992],[23.682,47.99],[23.709,47.983],[24.002,47.936],[24.047,47.941],[24.06,47.945],[24.178,47.906],[24.282,47.911],[24.381,47.938],[24.484,47.947],[24.579,47.931],[24.651,47.877],[24.838,47.761],[24.893,47.718],[24.979,47.724],[25.074,47.746],[25.17,47.823],[25.464,47.911],[25.689,47.932],[25.909,47.968],[26.163,47.993],[26.236,48.064],[26.277,48.113],[26.306,48.204],[26.442,48.23],[26.572,48.248],[26.619,48.26],[26.714,48.263],[26.787,48.256],[26.901,48.211],[26.981,48.155],[27.012,48.11],[27.08,48.048],[27.152,47.959],[27.231,47.842],[27.248,47.782],[27.278,47.718],[27.337,47.64],[27.449,47.553],[27.465,47.537],[27.516,47.476],[27.614,47.341],[27.696,47.286],[27.768,47.228],[27.802,47.168],[27.854,47.115],[27.974,47.043],[28.072,46.978],[28.15,46.792],[28.205,46.706],[28.239,46.641],[28.223,46.508],[28.244,46.451],[28.2,46.348],[28.119,46.139],[28.1,45.973],[28.114,45.883],[28.116,45.826],[28.135,45.789],[28.156,45.713],[28.16,45.647],[28.131,45.628],[28.09,45.613],[28.075,45.599],[28.112,45.569],[28.163,45.514],[28.213,45.45]]]}},{"type":"Feature","properties":{"ISO_A2_EH":"PT"},"geometry":{"type":"MultiPolygon","coordinates":[[[[-17.191,32.869],[-17.054,32.816],[-16.929,32.841],[-16.774,32.774],[-16.693,32.758],[-16.765,32.71],[-16.837,32.648],[-17.018,32.663],[-17.171,32.722],[-17.226,32.767],[-17.241,32.807],[-17.191,32.869]]],[[[-8.777,41.941],[-8.683,42.008],[-8.59,42.053],[-8.538,42.069],[-8.323,42.115],[-8.266,42.137],[-8.213,42.134],[-8.204,42.112],[-8.174,42.069],[-8.139,42.04],[-8.13,42.018],[-8.213,41.927],[-8.225,41.896],[-8.181,41.837],[-8.174,41.82],[-8.152,41.812],[-8.094,41.814],[-7.991,41.852],[-7.921,41.884],[-7.896,41.871],[-7.693,41.888],[-7.645,41.874],[-7.613,41.858],[-7.513,41.836],[-7.404,41.834],[-7.269,41.864],[-7.21,41.895],[-7.198,41.929],[-7.195,41.955],[-7.178,41.972],[-7.147,41.981],[-7.099,41.964],[-7.03,41.951],[-6.866,41.945],[-6.833,41.964],[-6.777,41.958],[-6.704,41.935],[-6.618,41.942],[-6.575,41.913],[-6.558,41.874],[-6.553,41.79],[-6.559,41.704],[-6.542,41.673],[-6.485,41.664],[-6.392,41.665],[-6.308,41.642],[-6.243,41.602],[-6.222,41.56],[-6.213,41.532],[-6.244,41.516],[-6.289,41.455],[-6.403,41.375],[-6.566,41.304],[-6.69,41.215],[-6.776,41.108],[-6.883,41.062],[-6.916,41.038],[-6.928,41.009],[-6.858,40.878],[-6.836,40.777],[-6.818,40.654],[-6.83,40.619],[-6.836,40.483],[-6.852,40.443],[-6.848,40.411],[-6.822,40.376],[-6.81,40.343],[-6.859,40.301],[-6.948,40.252],[-7.015,40.208],[-7.033,40.168],[-7.028,40.143],[-6.916,40.057],[-6.896,40.022],[-6.911,39.937],[-6.975,39.798],[-7.037,39.714],[-7.047,39.706],[-7.118,39.682],[-7.454,39.681],[-7.536,39.662],[-7.524,39.645],[-7.445,39.536],[-7.363,39.478],[-7.335,39.465],[-7.306,39.338],[-7.172,39.135],[-7.043,39.107],[-6.998,39.056],[-7.006,38.985],[-7.046,38.907],[-7.125,38.827],[-7.22,38.771],[-7.282,38.715],[-7.286,38.649],[-7.306,38.567],[-7.336,38.501],[-7.343,38.457],[-7.106,38.181],[-6.975,38.194],[-6.958,38.188],[-6.981,38.122],[-7.023,38.045],[-7.073,38.03],[-7.185,38.006],[-7.292,37.906],[-7.379,37.786],[-7.444,37.728],[-7.504,37.585],[-7.496,37.524],[-7.467,37.428],[-7.406,37.179],[-7.494,37.168],[-7.834,37.006],[-7.94,37.005],[-8.137,37.077],[-8.484,37.1],[-8.598,37.121],[-8.739,37.075],[-8.848,37.076],[-8.935,37.016],[-8.998,37.032],[-8.926,37.166],[-8.814,37.431],[-8.819,37.592],[-8.792,37.733],[-8.823,37.872],[-8.879,37.959],[-8.802,38.184],[-8.811,38.3],[-8.881,38.447],[-8.668,38.424],[-8.734,38.482],[-8.799,38.518],[-8.862,38.51],[-8.915,38.512],[-9.096,38.455],[-9.187,38.438],[-9.213,38.448],[-9.203,38.539],[-9.25,38.657],[-9.178,38.688],[-9.093,38.697],[-9.021,38.747],[-8.977,38.803],[-9,38.903],[-8.938,38.998],[-8.792,39.078],[-8.867,39.066],[-8.954,39.016],[-9.091,38.835],[-9.136,38.743],[-9.252,38.713],[-9.357,38.698],[-9.41,38.708],[-9.474,38.731],[-9.48,38.799],[-9.475,38.853],[-9.431,38.96],[-9.414,39.112],[-9.353,39.248],[-9.357,39.284],[-9.375,39.338],[-9.32,39.391],[-9.251,39.426],[-9.148,39.543],[-9.004,39.821],[-8.838,40.116],[-8.851,40.152],[-8.887,40.179],[-8.873,40.259],[-8.772,40.606],[-8.732,40.651],[-8.685,40.753],[-8.674,40.917],[-8.656,41.029],[-8.66,41.086],[-8.675,41.154],[-8.738,41.285],[-8.806,41.56],[-8.811,41.652],[-8.755,41.698],[-8.846,41.705],[-8.888,41.765],[-8.878,41.832],[-8.777,41.941]]],[[[-25.027,36.96],[-25.032,36.942],[-25.088,36.949],[-25.16,36.943],[-25.198,36.997],[-25.164,37.019],[-25.083,37.024],[-25.044,37],[-25.027,36.96]]],[[[-31.137,39.407],[-31.181,39.359],[-31.258,39.376],[-31.283,39.394],[-31.261,39.497],[-31.2,39.521],[-31.139,39.479],[-31.137,39.407]]],[[[-27.075,38.643],[-27.095,38.634],[-27.303,38.661],[-27.362,38.698],[-27.386,38.766],[-27.351,38.789],[-27.26,38.803],[-27.127,38.79],[-27.042,38.741],[-27.042,38.679],[-27.075,38.643]]],[[[-27.778,38.556],[-27.826,38.544],[-28.092,38.621],[-28.187,38.655],[-28.311,38.744],[-27.963,38.636],[-27.778,38.556]]],[[[-28.641,38.525],[-28.744,38.522],[-28.842,38.598],[-28.698,38.638],[-28.655,38.614],[-28.624,38.586],[-28.606,38.551],[-28.641,38.525]]],[[[-28.147,38.453],[-28.065,38.413],[-28.19,38.404],[-28.231,38.385],[-28.332,38.413],[-28.454,38.409],[-28.531,38.463],[-28.549,38.519],[-28.51,38.553],[-28.402,38.553],[-28.147,38.453]]],[[[-25.649,37.841],[-25.585,37.834],[-25.267,37.849],[-25.182,37.838],[-25.191,37.764],[-25.251,37.735],[-25.439,37.715],[-25.734,37.763],[-25.834,37.826],[-25.848,37.872],[-25.846,37.894],[-25.784,37.911],[-25.649,37.841]]]]}},{"type":"Feature","properties":{"ISO_A2_EH":"PL"},"geometry":{"type":"Polygon","coordinates":[[[23.605,51.518],[23.659,51.449],[23.68,51.395],[23.658,51.352],[23.664,51.31],[23.712,51.265],[23.863,51.126],[23.938,50.993],[23.986,50.94],[24.096,50.873],[24.106,50.845],[24.062,50.82],[24.026,50.816],[23.997,50.809],[23.978,50.786],[24.007,50.76],[24.046,50.723],[24.095,50.617],[24.09,50.53],[24.053,50.508],[24.005,50.457],[23.973,50.41],[23.712,50.377],[23.649,50.327],[23.506,50.23],[23.409,50.174],[23.264,50.073],[23.036,49.899],[22.952,49.826],[22.891,49.766],[22.706,49.606],[22.649,49.539],[22.661,49.484],[22.72,49.354],[22.732,49.295],[22.722,49.241],[22.702,49.193],[22.706,49.171],[22.76,49.136],[22.847,49.081],[22.852,49.063],[22.84,49.039],[22.81,49.021],[22.701,49.04],[22.58,49.077],[22.539,49.073],[22.473,49.081],[22.203,49.153],[22.02,49.21],[22.002,49.246],[21.968,49.299],[21.89,49.343],[21.712,49.382],[21.64,49.412],[21.35,49.429],[21.225,49.429],[21.136,49.417],[21.079,49.418],[21.001,49.34],[20.947,49.317],[20.868,49.315],[20.8,49.329],[20.729,49.37],[20.616,49.392],[20.535,49.381],[20.475,49.39],[20.423,49.392],[20.405,49.384],[20.363,49.385],[20.303,49.366],[20.237,49.338],[20.164,49.316],[20.108,49.271],[20.058,49.181],[19.916,49.221],[19.869,49.204],[19.802,49.192],[19.757,49.204],[19.767,49.235],[19.788,49.27],[19.787,49.319],[19.774,49.372],[19.73,49.39],[19.664,49.396],[19.63,49.407],[19.627,49.424],[19.593,49.447],[19.535,49.505],[19.48,49.576],[19.442,49.598],[19.386,49.564],[19.302,49.525],[19.25,49.511],[19.149,49.4],[18.968,49.396],[18.957,49.448],[18.938,49.498],[18.832,49.511],[18.829,49.54],[18.807,49.614],[18.595,49.758],[18.569,49.818],[18.577,49.841],[18.562,49.879],[18.516,49.902],[18.348,49.93],[18.305,49.914],[18.266,49.93],[18.205,49.965],[18.099,49.993],[18.088,50.007],[18.05,50.032],[18.028,50.035],[18.015,50.02],[17.984,49.999],[17.875,49.972],[17.831,49.983],[17.792,50.007],[17.747,50.057],[17.681,50.101],[17.627,50.116],[17.596,50.14],[17.589,50.157],[17.709,50.194],[17.735,50.231],[17.72,50.299],[17.702,50.307],[17.655,50.284],[17.555,50.264],[17.462,50.255],[17.415,50.255],[17.152,50.378],[16.981,50.416],[16.88,50.427],[16.869,50.415],[16.915,50.345],[16.993,50.26],[16.99,50.237],[16.895,50.202],[16.842,50.187],[16.779,50.157],[16.725,50.116],[16.679,50.097],[16.639,50.102],[16.597,50.122],[16.488,50.248],[16.35,50.345],[16.334,50.367],[16.291,50.372],[16.231,50.394],[16.21,50.424],[16.241,50.455],[16.283,50.483],[16.357,50.5],[16.379,50.517],[16.392,50.542],[16.42,50.574],[16.413,50.585],[16.36,50.621],[16.282,50.656],[16.066,50.63],[16.007,50.612],[15.974,50.635],[15.949,50.67],[15.894,50.677],[15.819,50.709],[15.731,50.74],[15.644,50.749],[15.464,50.794],[15.395,50.796],[15.354,50.812],[15.313,50.846],[15.277,50.883],[15.259,50.959],[15.126,50.993],[14.994,51.014],[14.984,51.003],[14.99,50.927],[14.983,50.887],[14.896,50.861],[14.809,50.859],[14.814,50.872],[14.917,51.009],[14.964,51.095],[15.017,51.253],[14.953,51.377],[14.936,51.435],[14.906,51.463],[14.725,51.524],[14.711,51.545],[14.739,51.627],[14.725,51.662],[14.681,51.698],[14.624,51.771],[14.602,51.832],[14.675,51.905],[14.693,51.958],[14.725,52.031],[14.748,52.071],[14.753,52.082],[14.705,52.11],[14.692,52.15],[14.705,52.207],[14.68,52.25],[14.616,52.278],[14.574,52.314],[14.555,52.36],[14.57,52.431],[14.619,52.529],[14.514,52.646],[14.254,52.783],[14.129,52.878],[14.139,52.933],[14.194,52.982],[14.293,53.027],[14.369,53.106],[14.411,53.199],[14.412,53.217],[14.415,53.283],[14.299,53.556],[14.28,53.625],[14.266,53.707],[14.259,53.73],[14.488,53.672],[14.583,53.639],[14.572,53.676],[14.552,53.707],[14.565,53.754],[14.558,53.823],[14.351,53.859],[14.214,53.871],[14.198,53.919],[14.211,53.95],[14.249,53.932],[14.384,53.925],[14.716,54.018],[15.288,54.14],[15.9,54.254],[16.043,54.266],[16.186,54.29],[16.239,54.333],[16.292,54.362],[16.376,54.437],[16.56,54.554],[16.885,54.596],[17.007,54.652],[17.262,54.73],[17.843,54.817],[18.086,54.836],[18.323,54.838],[18.535,54.769],[18.759,54.685],[18.8,54.633],[18.678,54.665],[18.502,54.742],[18.436,54.745],[18.587,54.513],[18.67,54.431],[18.836,54.37],[18.976,54.349],[19.407,54.386],[19.56,54.435],[19.604,54.459],[19.644,54.447],[19.924,54.434],[20.208,54.421],[20.665,54.407],[21.141,54.392],[21.634,54.376],[22.168,54.36],[22.732,54.35],[22.766,54.357],[22.824,54.396],[22.894,54.391],[22.977,54.366],[23.016,54.348],[23.032,54.328],[23.042,54.304],[23.088,54.299],[23.17,54.281],[23.282,54.24],[23.37,54.2],[23.454,54.143],[23.481,54.079],[23.483,54.006],[23.478,53.959],[23.485,53.94],[23.599,53.599],[23.789,53.271],[23.859,53.112],[23.887,53.028],[23.909,52.905],[23.916,52.819],[23.915,52.77],[23.901,52.704],[23.845,52.664],[23.48,52.552],[23.411,52.516],[23.303,52.428],[23.204,52.338],[23.181,52.307],[23.175,52.287],[23.197,52.257],[23.327,52.208],[23.458,52.17],[23.501,52.14],[23.598,52.103],[23.633,52.07],[23.652,52.04],[23.651,51.973],[23.607,51.88],[23.626,51.809],[23.581,51.762],[23.545,51.71],[23.54,51.619],[23.605,51.518]]]}},{"type":"Feature","properties":{"ISO_A2_EH":"NO"},"geometry":{"type":"MultiPolygon","coordinates":[[[[20.622,69.037],[20.492,69.033],[20.117,69.021],[20.282,68.934],[20.337,68.9],[20.348,68.849],[20.319,68.754],[20.24,68.673],[20.147,68.607],[19.969,68.542],[20.24,68.478],[20.056,68.39],[19.97,68.356],[19.87,68.362],[19.691,68.392],[19.259,68.465],[19.053,68.493],[18.868,68.501],[18.77,68.5],[18.379,68.562],[18.303,68.555],[18.163,68.528],[18.147,68.468],[18.156,68.317],[18.177,68.201],[18.125,68.133],[18.073,68.088],[17.917,67.965],[17.565,68.048],[17.325,68.104],[17.171,68.03],[16.784,67.895],[16.586,67.628],[16.574,67.62],[16.457,67.552],[16.307,67.521],[16.194,67.505],[16.127,67.426],[16.282,67.312],[16.361,67.252],[16.434,67.155],[16.421,67.093],[16.404,67.055],[16.238,66.976],[15.884,66.769],[15.557,66.552],[15.423,66.49],[15.484,66.306],[15.375,66.252],[15.153,66.191],[15.04,66.168],[14.918,66.154],[14.543,66.129],[14.61,65.932],[14.635,65.845],[14.635,65.793],[14.596,65.743],[14.55,65.646],[14.48,65.301],[14.426,65.264],[14.352,65.171],[14.115,64.946],[13.925,64.797],[13.65,64.582],[13.874,64.514],[14.078,64.464],[14.12,64.388],[14.148,64.26],[14.141,64.174],[14.063,64.096],[14.003,64.041],[13.961,64.014],[13.671,64.041],[13.3,64.075],[13.204,64.075],[12.988,64.05],[12.793,64],[12.69,63.957],[12.663,63.94],[12.533,63.844],[12.302,63.671],[12.175,63.596],[12.212,63.492],[12,63.292],[12.139,63.089],[12.145,63.083],[12.218,63.001],[12.141,62.948],[12.109,62.919],[12.12,62.826],[12.14,62.721],[12.122,62.66],[12.115,62.592],[12.304,62.286],[12.301,62.214],[12.292,62.167],[12.234,61.977],[12.155,61.721],[12.292,61.653],[12.487,61.573],[12.596,61.541],[12.758,61.446],[12.881,61.352],[12.864,61.29],[12.828,61.222],[12.776,61.174],[12.728,61.108],[12.706,61.06],[12.683,61.047],[12.468,61.042],[12.354,61.023],[12.294,61.003],[12.315,60.892],[12.445,60.69],[12.554,60.546],[12.589,60.451],[12.553,60.354],[12.516,60.305],[12.515,60.239],[12.486,60.107],[12.402,60.04],[12.292,59.967],[12.169,59.913],[12.072,59.898],[11.988,59.891],[11.932,59.864],[11.881,59.782],[11.834,59.697],[11.681,59.592],[11.685,59.556],[11.743,59.431],[11.798,59.29],[11.752,59.158],[11.712,59.019],[11.643,58.926],[11.544,58.893],[11.471,58.91],[11.388,59.037],[11.386,59.066],[11.366,59.105],[11.132,59.143],[11.091,59.142],[10.999,59.164],[10.945,59.171],[10.834,59.184],[10.743,59.296],[10.645,59.389],[10.631,59.428],[10.634,59.602],[10.604,59.68],[10.595,59.765],[10.534,59.696],[10.57,59.587],[10.494,59.542],[10.398,59.519],[10.407,59.456],[10.446,59.444],[10.455,59.377],[10.431,59.28],[10.243,59.062],[10.205,59.039],[10.179,59.009],[10.083,59.029],[9.96,58.968],[9.843,58.958],[9.8,59.027],[9.635,59.118],[9.557,59.113],[9.627,59.068],[9.696,59.01],[9.657,58.971],[9.618,58.946],[9.551,58.933],[9.31,58.857],[9.396,58.806],[9.323,58.748],[9.239,58.739],[9.194,58.712],[9.178,58.675],[8.928,58.57],[8.521,58.301],[8.312,58.224],[8.166,58.145],[8.037,58.147],[7.876,58.08],[7.466,58.021],[7.194,58.048],[7.005,58.024],[6.903,58.071],[6.89,58.102],[6.895,58.121],[6.912,58.143],[6.877,58.151],[6.803,58.155],[6.771,58.132],[6.767,58.082],[6.731,58.068],[6.591,58.097],[6.555,58.123],[6.606,58.176],[6.692,58.224],[6.677,58.234],[6.66,58.263],[6.618,58.266],[6.492,58.259],[6.389,58.268],[6.055,58.375],[5.977,58.432],[5.707,58.524],[5.586,58.62],[5.517,58.727],[5.522,58.823],[5.556,58.975],[5.612,59.013],[5.854,58.959],[6.099,58.87],[6.137,58.875],[6.214,58.945],[6.363,59.001],[6.321,59.016],[6.099,58.952],[6.017,58.988],[5.889,59.06],[5.889,59.098],[5.949,59.135],[5.969,59.186],[5.937,59.234],[5.952,59.299],[6.051,59.368],[6.199,59.438],[6.306,59.506],[6.415,59.547],[6.404,59.561],[6.279,59.535],[6.159,59.49],[6.017,59.414],[5.845,59.353],[5.718,59.33],[5.657,59.31],[5.564,59.291],[5.468,59.204],[5.362,59.166],[5.173,59.163],[5.132,59.226],[5.185,59.454],[5.242,59.564],[5.305,59.643],[5.404,59.656],[5.472,59.713],[5.53,59.713],[5.579,59.687],[5.772,59.661],[5.867,59.734],[5.991,59.745],[6.217,59.818],[6.212,59.832],[6.059,59.816],[5.967,59.813],[5.834,59.795],[5.763,59.808],[5.73,59.863],[5.784,59.913],[5.996,60.031],[6.07,60.083],[6.112,60.132],[6.105,60.165],[6.141,60.233],[6.349,60.353],[6.518,60.408],[6.574,60.361],[6.526,60.214],[6.527,60.153],[6.661,60.367],[6.72,60.418],[6.787,60.454],[6.95,60.478],[6.996,60.512],[6.806,60.501],[6.347,60.419],[6.153,60.346],[6.102,60.29],[5.967,60.206],[5.904,60.151],[5.877,60.07],[5.801,60.026],[5.699,60.01],[5.557,59.908],[5.495,59.826],[5.353,59.76],[5.264,59.71],[5.234,59.692],[5.186,59.642],[5.146,59.639],[5.111,59.668],[5.105,59.732],[5.119,59.834],[5.187,59.907],[5.22,59.979],[5.174,60.046],[5.206,60.088],[5.265,60.086],[5.376,60.067],[5.495,60.07],[5.689,60.123],[5.658,60.154],[5.574,60.158],[5.417,60.154],[5.286,60.206],[5.184,60.308],[5.137,60.446],[5.168,60.485],[5.546,60.625],[5.648,60.688],[5.589,60.694],[5.447,60.617],[5.244,60.57],[5.116,60.636],[5.049,60.708],[5.011,60.859],[5.025,60.936],[5.009,61.038],[5.095,61.071],[5.192,61.054],[5.288,61.047],[5.505,61.056],[5.984,61.117],[6.293,61.081],[6.418,61.084],[6.61,61.137],[6.778,61.142],[6.903,61.102],[6.972,61.056],[6.981,60.994],[7.039,60.953],[7.078,60.966],[7.047,61.015],[7.04,61.091],[7.545,61.177],[7.604,61.211],[7.404,61.222],[7.347,61.301],[7.453,61.419],[7.443,61.435],[7.331,61.372],[7.276,61.284],[7.298,61.214],[7.276,61.181],[7.174,61.166],[6.943,61.161],[6.794,61.19],[6.657,61.207],[6.61,61.229],[6.626,61.279],[6.6,61.29],[6.543,61.245],[6.493,61.155],[6.383,61.134],[6.083,61.167],[5.647,61.148],[5.451,61.102],[5.325,61.108],[5.107,61.188],[5.022,61.251],[4.99,61.378],[5.003,61.434],[5.172,61.457],[5.258,61.455],[5.339,61.485],[5.268,61.505],[5.168,61.543],[5.099,61.62],[4.997,61.645],[4.928,61.711],[4.91,61.81],[4.93,61.878],[4.985,61.9],[5.117,61.885],[5.465,61.897],[5.793,61.827],[6.016,61.788],[6.467,61.807],[6.731,61.87],[6.682,61.887],[6.396,61.851],[6.131,61.852],[5.664,61.923],[5.473,61.946],[5.267,61.936],[5.16,61.957],[5.096,62.027],[5.143,62.16],[5.241,62.189],[5.294,62.154],[5.358,62.152],[5.422,62.207],[5.484,62.239],[5.533,62.311],[5.718,62.379],[5.796,62.385],[5.908,62.416],[5.98,62.407],[6.026,62.376],[6.083,62.35],[6.209,62.353],[6.58,62.407],[6.62,62.423],[6.692,62.468],[6.457,62.448],[6.262,62.416],[6.136,62.407],[6.118,62.447],[6.165,62.482],[6.238,62.52],[6.273,62.584],[6.353,62.611],[6.439,62.61],[6.618,62.621],[6.745,62.638],[6.961,62.627],[7.284,62.602],[7.492,62.543],[7.57,62.548],[7.653,62.564],[7.691,62.586],[7.527,62.61],[7.518,62.646],[7.538,62.672],[7.805,62.721],[8.096,62.732],[8.046,62.771],[7.408,62.712],[7.242,62.752],[7.111,62.752],[7.025,62.729],[6.78,62.701],[6.735,62.721],[6.782,62.79],[6.928,62.903],[6.94,62.93],[7.008,62.958],[7.389,63.023],[7.572,63.1],[7.654,63.109],[7.736,63.104],[7.86,63.113],[8.101,63.091],[8.211,62.996],[8.311,62.966],[8.623,62.846],[8.609,62.881],[8.339,63.042],[8.235,63.082],[8.158,63.162],[8.184,63.237],[8.271,63.287],[8.58,63.313],[8.636,63.342],[8.641,63.392],[8.594,63.426],[8.48,63.424],[8.387,63.445],[8.361,63.499],[8.398,63.535],[8.576,63.601],[8.674,63.623],[8.842,63.646],[9.136,63.594],[9.158,63.566],[9.076,63.5],[9.084,63.463],[9.156,63.459],[9.324,63.57],[9.521,63.586],[9.602,63.61],[9.697,63.625],[9.832,63.524],[9.892,63.492],[9.936,63.479],[9.979,63.395],[10.021,63.391],[10.081,63.433],[10.189,63.455],[10.34,63.469],[10.591,63.447],[10.704,63.464],[10.76,63.461],[10.707,63.536],[10.674,63.558],[10.725,63.625],[10.779,63.651],[10.953,63.698],[11.118,63.719],[11.226,63.764],[11.371,63.805],[11.348,63.838],[11.308,63.876],[11.214,63.878],[11.176,63.899],[11.295,63.948],[11.458,64.003],[11.429,64.025],[11.307,64.049],[11.214,64.031],[11.075,63.988],[10.914,63.921],[10.967,63.902],[11.047,63.845],[10.935,63.77],[10.339,63.571],[10.055,63.513],[9.924,63.522],[9.893,63.576],[9.832,63.617],[9.767,63.7],[9.657,63.697],[9.595,63.679],[9.567,63.706],[9.615,63.795],[9.708,63.865],[9.864,63.918],[9.939,63.982],[10.01,64.083],[10.236,64.18],[10.566,64.418],[10.834,64.494],[10.932,64.578],[11.09,64.615],[11.225,64.679],[11.331,64.686],[11.524,64.744],[11.633,64.814],[11.562,64.818],[11.392,64.773],[11.297,64.755],[11.304,64.829],[11.35,64.906],[11.489,64.976],[12.16,65.179],[12.227,65.145],[12.307,65.086],[12.508,65.099],[12.738,65.214],[12.916,65.339],[12.82,65.317],[12.715,65.266],[12.512,65.195],[12.418,65.184],[12.364,65.193],[12.334,65.241],[12.263,65.256],[12.2,65.245],[12.134,65.279],[12.122,65.362],[12.206,65.486],[12.273,65.568],[12.345,65.63],[12.628,65.806],[12.689,65.902],[12.817,65.953],[12.983,65.942],[13.033,65.956],[12.976,66.019],[12.795,66.069],[12.784,66.1],[13.387,66.183],[13.674,66.18],[13.76,66.221],[13.916,66.247],[14.034,66.298],[13.973,66.32],[13.681,66.274],[13.499,66.252],[13.416,66.253],[13.352,66.237],[13.119,66.231],[13.068,66.431],[13.105,66.539],[13.192,66.537],[13.211,66.641],[13.312,66.702],[13.45,66.716],[13.52,66.742],[13.621,66.795],[13.788,66.782],[13.959,66.794],[13.917,66.819],[13.704,66.852],[13.652,66.907],[13.727,66.938],[13.808,66.961],[13.88,66.965],[14.022,67.073],[14.109,67.119],[14.206,67.111],[14.34,67.159],[14.473,67.143],[14.601,67.174],[14.776,67.194],[15.416,67.202],[15.435,67.247],[15.3,67.257],[14.824,67.268],[14.582,67.267],[14.479,67.256],[14.442,67.271],[14.448,67.298],[14.537,67.34],[14.579,67.386],[14.755,67.499],[14.962,67.574],[15.121,67.555],[15.289,67.483],[15.409,67.474],[15.465,67.451],[15.553,67.352],[15.594,67.349],[15.576,67.444],[15.692,67.521],[15.661,67.543],[15.487,67.515],[15.354,67.544],[15.249,67.602],[15.219,67.655],[15.284,67.708],[15.346,67.734],[15.304,67.765],[15.041,67.683],[14.855,67.663],[14.781,67.675],[14.821,67.75],[14.799,67.809],[15.048,67.956],[15.134,67.973],[15.274,67.961],[15.401,67.92],[15.507,67.926],[15.621,67.948],[15.606,67.988],[15.357,68.004],[15.293,68.036],[15.316,68.069],[15.487,68.103],[15.657,68.164],[15.851,68.182],[16.008,68.229],[16.038,68.218],[16.065,68.2],[16.121,68.027],[16.261,67.887],[16.312,67.881],[16.259,68.001],[16.309,68.036],[16.372,68.062],[16.392,68.092],[16.319,68.102],[16.26,68.145],[16.175,68.281],[16.204,68.317],[16.388,68.39],[16.619,68.406],[16.865,68.355],[16.951,68.355],[17.094,68.368],[17.336,68.41],[17.479,68.426],[17.553,68.426],[17.571,68.447],[17.502,68.461],[17.48,68.474],[17.426,68.482],[17.202,68.459],[16.585,68.466],[16.525,68.491],[16.514,68.533],[16.58,68.593],[16.652,68.626],[16.885,68.685],[17.131,68.693],[17.391,68.799],[17.49,68.879],[17.546,69.001],[17.705,69.1],[18.101,69.156],[18.117,69.181],[18.075,69.233],[18.079,69.325],[18.188,69.433],[18.26,69.471],[18.293,69.475],[18.379,69.44],[18.483,69.365],[18.646,69.322],[18.859,69.314],[18.916,69.336],[18.75,69.378],[18.624,69.434],[18.614,69.491],[18.674,69.52],[18.767,69.517],[18.883,69.523],[18.991,69.561],[19.007,69.588],[19.011,69.624],[19.038,69.66],[19.197,69.748],[19.687,69.805],[19.722,69.782],[19.696,69.613],[19.64,69.504],[19.642,69.424],[19.737,69.504],[19.865,69.722],[19.961,69.825],[20.069,69.883],[20.146,69.897],[20.223,69.927],[20.324,69.945],[20.355,69.922],[20.387,69.868],[20.333,69.677],[20.338,69.617],[20.277,69.536],[20.044,69.356],[20.054,69.333],[20.107,69.341],[20.198,69.371],[20.487,69.542],[20.739,69.521],[20.743,69.535],[20.662,69.585],[20.563,69.633],[20.533,69.692],[20.546,69.851],[20.622,69.914],[20.84,69.907],[20.971,69.916],[21.032,69.887],[21.163,69.89],[21.254,70.003],[21.433,70.013],[21.59,69.938],[21.78,69.887],[21.932,69.815],[21.975,69.835],[21.893,70.004],[21.803,70.066],[21.608,70.098],[21.4,70.174],[21.346,70.208],[21.356,70.233],[21.539,70.258],[21.78,70.23],[21.996,70.293],[22.054,70.276],[22.219,70.309],[22.322,70.265],[22.385,70.278],[22.421,70.338],[22.685,70.375],[22.852,70.34],[22.941,70.305],[22.983,70.237],[23.046,70.102],[23.177,70.029],[23.258,69.993],[23.354,69.983],[23.4,70.02],[23.31,70.064],[23.286,70.105],[23.329,70.207],[23.379,70.247],[23.661,70.4],[23.897,70.479],[24.038,70.485],[24.286,70.662],[24.356,70.695],[24.42,70.702],[24.404,70.745],[24.268,70.773],[24.263,70.826],[24.442,70.892],[24.658,71.001],[24.765,71.008],[24.832,70.978],[25.042,70.929],[25.171,70.872],[25.265,70.844],[25.325,70.849],[25.376,70.892],[25.436,70.912],[25.57,70.901],[25.65,70.873],[25.712,70.87],[25.768,70.853],[25.781,70.817],[25.666,70.777],[25.468,70.672],[25.274,70.552],[25.209,70.489],[25.146,70.324],[24.994,70.218],[24.983,70.144],[25.044,70.109],[25.212,70.136],[25.419,70.235],[25.471,70.341],[25.988,70.625],[26.231,70.783],[26.507,70.913],[26.661,70.94],[26.734,70.854],[26.675,70.741],[26.558,70.669],[26.645,70.636],[26.628,70.551],[26.601,70.503],[26.584,70.454],[26.585,70.41],[26.666,70.422],[26.989,70.511],[27.071,70.608],[27.147,70.681],[27.184,70.744],[27.309,70.804],[27.546,70.804],[27.556,70.827],[27.269,70.91],[27.235,70.947],[27.332,70.997],[27.597,71.091],[27.733,71.081],[27.815,71.059],[28.142,71.043],[28.392,70.975],[28.383,70.869],[28.327,70.825],[28.272,70.798],[27.951,70.718],[27.898,70.678],[27.999,70.664],[28.216,70.704],[28.272,70.668],[28.203,70.577],[28.191,70.44],[28.166,70.36],[28.166,70.288],[28.193,70.249],[28.28,70.403],[28.31,70.443],[28.437,70.501],[28.485,70.619],[28.609,70.76],[28.75,70.842],[28.832,70.864],[29.102,70.861],[29.219,70.83],[29.321,70.761],[29.398,70.734],[29.639,70.705],[29.722,70.669],[29.738,70.647],[29.796,70.643],[29.959,70.694],[30.065,70.703],[30.238,70.622],[30.203,70.562],[30.213,70.543],[30.422,70.547],[30.596,70.524],[30.926,70.401],[30.961,70.344],[30.944,70.274],[30.469,70.198],[30.263,70.125],[29.926,70.096],[28.781,70.145],[28.804,70.093],[29.601,69.977],[29.647,69.944],[29.621,69.874],[29.621,69.818],[29.636,69.78],[29.695,69.745],[29.792,69.728],[29.99,69.737],[30.088,69.718],[30.155,69.746],[30.18,69.841],[30.238,69.862],[30.349,69.835],[30.397,69.733],[30.428,69.722],[30.484,69.795],[30.595,69.79],[30.714,69.796],[30.87,69.783],[30.924,69.652],[30.922,69.606],[30.897,69.561],[30.861,69.538],[30.789,69.529],[30.615,69.533],[30.38,69.585],[30.228,69.634],[30.18,69.636],[30.16,69.63],[30.196,69.581],[30.187,69.543],[30.164,69.502],[30.132,69.464],[30.087,69.433],[29.994,69.392],[29.833,69.36],[29.388,69.298],[29.353,69.271],[29.21,69.097],[29.171,69.072],[29.119,69.05],[28.966,69.022],[28.892,69.061],[28.833,69.119],[28.846,69.177],[29.025,69.288],[29.192,69.367],[29.239,69.394],[29.333,69.473],[29.142,69.671],[28.8,69.731],[28.412,69.823],[28.269,69.871],[28.047,69.972],[27.89,70.062],[27.748,70.065],[27.592,70.042],[27.348,69.96],[27.206,69.919],[27.128,69.906],[27.109,69.905],[26.934,69.928],[26.74,69.933],[26.584,69.926],[26.525,69.915],[26.308,69.782],[26.156,69.715],[26.072,69.692],[26.012,69.653],[25.962,69.589],[25.85,69.367],[25.767,69.283],[25.749,69.231],[25.768,69.076],[25.748,68.99],[25.647,68.919],[25.575,68.887],[25.481,68.881],[25.357,68.862],[25.249,68.821],[25.173,68.765],[25.087,68.64],[24.941,68.593],[24.802,68.606],[24.703,68.653],[24.491,68.689],[24.332,68.712],[24.154,68.761],[23.997,68.798],[23.854,68.806],[23.773,68.758],[23.707,68.714],[23.463,68.678],[23.324,68.649],[23.144,68.643],[23.072,68.674],[22.811,68.695],[22.501,68.72],[22.411,68.72],[22.383,68.777],[22.3,68.856],[22.08,68.993],[21.989,69.041],[21.82,69.154],[21.622,69.271],[21.594,69.274],[21.461,69.277],[21.267,69.274],[21.144,69.247],[21.066,69.214],[21.053,69.187],[21.128,69.081],[21.104,69.054],[21.066,69.042],[20.889,69.071],[20.676,69.069],[20.622,69.037]]],[[[4.959,61.085],[4.87,61.072],[4.799,61.083],[4.824,61.178],[4.862,61.194],[4.915,61.199],[4.973,61.148],[4.959,61.085]]],[[[5.086,60.308],[5.089,60.189],[4.997,60.198],[4.956,60.243],[4.944,60.272],[4.951,60.341],[4.93,60.412],[4.957,60.447],[4.991,60.452],[5.05,60.389],[5.086,60.308]]],[[[29.956,69.797],[29.766,69.768],[29.744,69.792],[29.786,69.829],[29.836,69.906],[29.914,69.902],[29.993,69.873],[30.055,69.838],[29.956,69.797]]],[[[11.968,65.627],[11.902,65.596],[11.778,65.605],[11.765,65.631],[11.8,65.684],[11.875,65.706],[11.972,65.702],[12.003,65.679],[11.968,65.627]]],[[[8.471,63.667],[8.356,63.665],[8.287,63.687],[8.451,63.732],[8.709,63.774],[8.733,63.801],[8.765,63.805],[8.809,63.771],[8.815,63.726],[8.787,63.703],[8.471,63.667]]],[[[8.103,63.338],[8.005,63.337],[7.888,63.352],[7.815,63.385],[7.804,63.414],[7.938,63.45],[8.074,63.471],[8.136,63.431],[8.141,63.366],[8.103,63.338]]],[[[23.441,70.816],[23.421,70.784],[23.387,70.754],[23.305,70.722],[23.068,70.594],[22.929,70.574],[22.885,70.554],[22.829,70.542],[22.656,70.559],[22.605,70.533],[22.558,70.516],[22.432,70.509],[22.359,70.515],[22.169,70.562],[22.056,70.613],[21.995,70.657],[22.17,70.656],[22.233,70.667],[22.35,70.658],[22.421,70.703],[22.571,70.697],[22.858,70.728],[22.964,70.711],[23.205,70.815],[23.28,70.813],[23.396,70.843],[23.441,70.816]]],[[[25.586,71.142],[25.854,71.104],[25.945,71.105],[26.078,71.033],[26.147,71.04],[26.134,70.996],[26,70.975],[25.791,70.963],[25.76,70.954],[25.582,70.961],[25.482,71.02],[25.315,71.034],[25.315,71.053],[25.423,71.097],[25.586,71.142]]],[[[23.615,70.549],[23.634,70.503],[23.641,70.464],[23.548,70.408],[23.333,70.335],[23.345,70.315],[23.271,70.296],[23.159,70.283],[23.1,70.296],[23.108,70.359],[23.091,70.378],[23.006,70.353],[22.918,70.385],[22.918,70.417],[22.941,70.445],[23.022,70.487],[23.158,70.516],[23.248,70.505],[23.547,70.617],[23.579,70.594],[23.615,70.549]]],[[[24.018,70.567],[23.827,70.527],[23.717,70.562],[23.67,70.597],[23.663,70.675],[23.689,70.723],[23.778,70.747],[23.837,70.729],[23.852,70.714],[23.956,70.7],[24.078,70.651],[24.018,70.567]]],[[[13.873,68.265],[13.932,68.248],[14.088,68.253],[14.119,68.247],[14.097,68.219],[14.029,68.188],[13.888,68.169],[13.824,68.121],[13.778,68.105],[13.656,68.105],[13.584,68.094],[13.495,68.052],[13.424,68.083],[13.404,68.061],[13.392,68.021],[13.352,68.01],[13.229,67.995],[13.2,68.087],[13.256,68.121],[13.3,68.16],[13.368,68.167],[13.429,68.163],[13.538,68.249],[13.688,68.273],[13.784,68.276],[13.873,68.265]]],[[[12.972,67.874],[12.824,67.821],[12.878,67.918],[12.958,68.015],[13.068,68.071],[13.123,68.049],[13.098,68.003],[13.098,67.956],[13.075,67.935],[12.972,67.874]]],[[[15.207,68.943],[15.337,68.842],[15.397,68.784],[15.348,68.672],[15.222,68.616],[15.027,68.606],[14.89,68.611],[14.804,68.638],[14.793,68.668],[14.743,68.677],[14.612,68.638],[14.521,68.633],[14.405,68.663],[14.373,68.711],[14.497,68.772],[14.554,68.819],[14.69,68.815],[14.725,68.8],[14.802,68.791],[14.849,68.848],[14.838,68.887],[14.872,68.914],[15.038,68.894],[15.038,69.001],[15.102,69.008],[15.128,69.004],[15.176,68.982],[15.207,68.943]]],[[[19.767,70.217],[19.818,70.205],[19.869,70.212],[19.91,70.202],[19.994,70.149],[20.084,70.129],[20.088,70.102],[20.006,70.076],[19.897,70.068],[19.781,70.077],[19.747,70.11],[19.711,70.165],[19.613,70.219],[19.599,70.266],[19.684,70.274],[19.767,70.217]]],[[[20.779,70.09],[20.725,70.067],[20.643,70.057],[20.598,70.071],[20.535,70.081],[20.464,70.077],[20.405,70.119],[20.412,70.155],[20.493,70.203],[20.655,70.231],[20.786,70.22],[20.819,70.205],[20.779,70.09]]],[[[19.255,70.066],[19.344,70.012],[19.422,70.017],[19.446,70.038],[19.5,70.048],[19.608,70.019],[19.592,69.97],[19.442,69.908],[19.335,69.82],[19.197,69.8],[19.131,69.81],[19.008,69.76],[18.909,69.707],[18.807,69.64],[18.801,69.605],[18.785,69.579],[18.41,69.553],[18.274,69.535],[18.13,69.558],[18.062,69.602],[18.083,69.626],[18.227,69.636],[18.232,69.677],[18.268,69.702],[18.315,69.715],[18.349,69.768],[18.406,69.782],[18.512,69.769],[18.584,69.807],[18.624,69.813],[18.674,69.782],[18.698,69.825],[18.674,69.864],[18.687,69.891],[18.824,69.96],[18.883,70.011],[18.969,70.043],[19.051,70.038],[19.075,70.086],[19.051,70.135],[19.06,70.167],[19.133,70.244],[19.213,70.247],[19.249,70.179],[19.255,70.066]]],[[[12.51,65.902],[12.429,65.899],[12.43,65.94],[12.476,65.977],[12.549,66.002],[12.642,66.009],[12.747,66.011],[12.779,65.992],[12.719,65.964],[12.51,65.902]]],[[[12.42,66.043],[12.327,66.037],[12.343,66.081],[12.418,66.123],[12.446,66.151],[12.461,66.185],[12.527,66.211],[12.621,66.178],[12.623,66.122],[12.576,66.072],[12.42,66.043]]],[[[11.231,64.866],[11.179,64.838],[11.063,64.86],[10.833,64.843],[10.74,64.87],[10.813,64.923],[11.021,64.979],[11.133,64.976],[11.246,64.908],[11.231,64.866]]],[[[17.503,69.596],[17.623,69.539],[17.677,69.557],[17.784,69.563],[17.863,69.543],[17.927,69.507],[18.004,69.505],[18.052,69.458],[18.077,69.396],[18.021,69.35],[17.942,69.329],[17.921,69.274],[17.951,69.198],[17.774,69.172],[17.568,69.16],[17.488,69.197],[17.324,69.13],[17.161,69.026],[17.083,69.014],[17.077,69.047],[16.96,69.069],[16.81,69.071],[16.815,69.095],[16.843,69.112],[16.972,69.138],[16.998,69.191],[16.974,69.285],[16.997,69.33],[17.002,69.362],[17.083,69.399],[17.361,69.381],[17.395,69.417],[17.373,69.439],[17.23,69.478],[17.252,69.504],[17.356,69.527],[17.454,69.53],[17.483,69.57],[17.488,69.587],[17.503,69.596]]],[[[15.76,68.561],[15.772,68.554],[15.909,68.65],[16.06,68.681],[16.069,68.714],[16.127,68.746],[16.121,68.799],[16.151,68.842],[16.228,68.854],[16.276,68.868],[16.329,68.876],[16.425,68.842],[16.48,68.803],[16.547,68.717],[16.519,68.633],[16.338,68.568],[16.194,68.538],[16.048,68.464],[15.975,68.402],[15.913,68.389],[15.873,68.394],[15.837,68.409],[15.764,68.409],[15.683,68.356],[15.438,68.313],[15.341,68.325],[15.337,68.378],[15.28,68.374],[15.188,68.31],[15.098,68.289],[15.038,68.283],[14.927,68.307],[14.629,68.198],[14.35,68.178],[14.258,68.191],[14.257,68.257],[14.438,68.342],[14.586,68.4],[15.095,68.441],[15.413,68.616],[15.489,68.805],[15.564,68.874],[15.529,68.912],[15.444,68.919],[15.438,68.979],[15.483,69.043],[15.65,69.133],[15.742,69.171],[15.893,69.278],[15.965,69.302],[16.048,69.302],[16.129,69.274],[16.115,69.216],[15.993,69.113],[15.812,69.024],[15.834,68.961],[15.906,68.908],[15.924,68.819],[15.928,68.733],[15.791,68.617],[15.76,68.561]]],[[[-8.954,70.839],[-9.046,70.833],[-9.099,70.855],[-8.965,70.916],[-8.521,71.031],[-8.344,71.14],[-8.001,71.178],[-7.979,71.117],[-8.002,71.041],[-8.302,70.981],[-8.635,70.94],[-8.954,70.839]]],[[[19.219,74.391],[19.099,74.352],[18.918,74.411],[18.797,74.486],[18.861,74.514],[19.183,74.518],[19.262,74.479],[19.275,74.457],[19.219,74.391]]],[[[26.876,78.649],[26.729,78.646],[26.46,78.72],[26.408,78.784],[26.456,78.81],[26.586,78.811],[26.789,78.724],[27.008,78.698],[26.876,78.649]]],[[[32.526,80.119],[31.578,80.081],[31.482,80.108],[33.019,80.218],[33.099,80.229],[33.384,80.242],[33.629,80.217],[33.557,80.198],[32.526,80.119]]],[[[21.608,78.596],[21.746,78.572],[22.043,78.577],[22.207,78.408],[22.3,78.228],[22.449,78.215],[22.735,78.24],[22.989,78.252],[23.119,78.239],[23.352,78.186],[23.452,78.149],[23.365,78.121],[23.152,78.088],[23.117,77.992],[23.331,77.958],[23.684,77.875],[23.883,77.865],[24.238,77.899],[24.571,77.834],[24.902,77.757],[24.13,77.658],[24.062,77.631],[23.955,77.558],[23.841,77.498],[23.736,77.462],[23.505,77.401],[23.381,77.38],[23.101,77.385],[22.997,77.361],[22.9,77.311],[22.802,77.276],[22.554,77.267],[22.427,77.316],[22.469,77.331],[22.487,77.36],[22.442,77.429],[22.679,77.5],[22.733,77.539],[22.685,77.554],[22.62,77.55],[22.448,77.571],[22.397,77.57],[22.255,77.529],[22.057,77.501],[21.856,77.494],[21.05,77.441],[20.928,77.46],[20.873,77.565],[21.201,77.619],[21.251,77.711],[21.334,77.772],[21.431,77.812],[21.608,77.916],[21.653,77.924],[21.21,78.006],[21.035,78.059],[20.845,78.166],[20.786,78.252],[20.528,78.326],[20.56,78.419],[20.373,78.412],[20.228,78.478],[20.363,78.515],[21.047,78.557],[21.455,78.598],[21.608,78.596]]],[[[20.898,80.25],[20.998,80.239],[21.549,80.243],[21.655,80.218],[21.697,80.159],[21.781,80.139],[21.898,80.132],[22.19,80.06],[22.29,80.049],[22.376,80.09],[22.443,80.19],[22.446,80.308],[22.418,80.366],[22.451,80.402],[22.549,80.416],[22.672,80.413],[22.793,80.433],[22.897,80.469],[23.008,80.474],[23.251,80.447],[23.315,80.425],[23.25,80.381],[23.225,80.318],[23.115,80.187],[23.353,80.179],[23.688,80.207],[23.773,80.244],[23.953,80.305],[24.143,80.295],[24.234,80.303],[24.28,80.329],[24.298,80.36],[24.403,80.355],[24.547,80.295],[24.614,80.286],[24.736,80.301],[24.786,80.301],[24.907,80.277],[25.471,80.233],[25.667,80.21],[25.751,80.188],[25.836,80.175],[26.437,80.175],[26.861,80.16],[27.017,80.125],[27.148,80.059],[27.199,79.907],[27.08,79.865],[26.221,79.677],[26.006,79.617],[25.902,79.561],[25.726,79.44],[25.641,79.403],[25.239,79.345],[25.145,79.339],[24.843,79.367],[24.751,79.365],[24.383,79.302],[24.257,79.263],[24.133,79.215],[23.948,79.194],[23.759,79.206],[22.904,79.231],[22.789,79.264],[22.696,79.329],[22.866,79.412],[21.911,79.381],[20.861,79.398],[20.806,79.41],[20.761,79.442],[20.4,79.463],[20.128,79.49],[19.9,79.534],[19.675,79.591],[19.747,79.618],[19.821,79.634],[20.015,79.64],[20.187,79.632],[20.493,79.633],[20.565,79.691],[20.687,79.707],[20.784,79.749],[20.461,79.775],[20.123,79.779],[19.899,79.744],[19.638,79.729],[19.4,79.727],[18.942,79.736],[18.725,79.761],[18.428,79.825],[18.325,79.86],[18.285,79.887],[18.255,79.929],[18.595,79.967],[18.726,79.996],[18.856,80.037],[18.344,80.06],[18.129,80.093],[17.917,80.143],[18.089,80.171],[18.779,80.194],[18.962,80.175],[19.143,80.139],[19.343,80.116],[19.537,80.163],[19.355,80.185],[19.191,80.263],[19.157,80.302],[19.178,80.332],[19.264,80.336],[19.327,80.323],[19.568,80.25],[19.751,80.227],[19.802,80.295],[19.81,80.327],[19.777,80.353],[19.691,80.402],[19.614,80.463],[19.733,80.478],[19.851,80.471],[20.104,80.43],[20.359,80.401],[20.476,80.372],[20.693,80.299],[20.898,80.25]]],[[[16.787,79.907],[16.838,79.905],[16.889,79.915],[16.926,79.943],[16.966,79.959],[17.219,79.941],[17.578,79.885],[17.685,79.857],[17.835,79.8],[17.956,79.704],[17.86,79.635],[17.733,79.57],[17.688,79.533],[17.734,79.481],[17.715,79.431],[17.669,79.386],[17.861,79.437],[18.272,79.601],[18.333,79.611],[18.397,79.605],[18.581,79.572],[18.748,79.488],[18.785,79.461],[18.815,79.427],[18.832,79.385],[18.823,79.337],[18.807,79.303],[18.72,79.281],[18.678,79.262],[18.772,79.26],[18.88,79.234],[18.979,79.179],[19.089,79.157],[19.49,79.176],[19.751,79.147],[19.894,79.056],[20.114,79.077],[20.114,79.125],[20.163,79.146],[20.458,79.129],[20.611,79.107],[20.767,79.059],[20.501,78.981],[20.72,78.907],[21.09,78.853],[21.312,78.796],[21.353,78.772],[21.389,78.74],[21.244,78.699],[21.096,78.676],[20.725,78.672],[20.387,78.643],[19.769,78.623],[19.677,78.61],[19.655,78.598],[19.619,78.562],[19.381,78.48],[19.15,78.379],[19.056,78.319],[18.984,78.234],[18.958,78.182],[19.009,78.132],[18.995,78.081],[18.822,78.042],[18.712,78.04],[18.575,78.048],[18.439,78.025],[18.431,77.991],[18.439,77.942],[18.404,77.794],[18.362,77.682],[18.299,77.579],[18.228,77.523],[18.137,77.507],[17.847,77.497],[17.623,77.399],[17.442,77.225],[17.349,77.157],[17.153,77.049],[17.188,77.011],[17.249,76.969],[17.142,76.895],[16.977,76.812],[16.98,76.779],[17.036,76.72],[17.063,76.659],[16.935,76.606],[16.7,76.579],[16.462,76.609],[16.346,76.645],[16.238,76.702],[16.124,76.739],[16.004,76.761],[15.547,76.886],[15.124,77.085],[14.738,77.162],[14.487,77.199],[14.366,77.234],[14.248,77.282],[14.145,77.336],[14.05,77.403],[14.004,77.445],[13.996,77.508],[14.026,77.545],[14.071,77.564],[14.378,77.58],[14.488,77.571],[14.596,77.538],[14.695,77.525],[14.921,77.689],[16.206,77.782],[16.619,77.799],[17.033,77.798],[16.969,77.842],[16.914,77.898],[16.853,77.912],[16.54,77.88],[16.06,77.847],[15.826,77.847],[15.585,77.869],[15.345,77.857],[15.097,77.809],[14.847,77.779],[14.604,77.766],[14.09,77.771],[13.963,77.796],[13.791,77.854],[13.75,77.883],[13.714,77.919],[13.681,78.028],[13.718,78.058],[13.77,78.075],[13.824,78.085],[13.937,78.086],[14.048,78.067],[14.307,78.005],[14.248,78.071],[14.995,78.151],[15.341,78.221],[15.519,78.233],[15.698,78.228],[15.659,78.265],[15.657,78.299],[15.784,78.327],[15.875,78.339],[16.15,78.353],[16.777,78.35],[17.003,78.369],[17.172,78.417],[16.992,78.4],[16.811,78.397],[16.727,78.407],[16.535,78.449],[16.449,78.504],[16.697,78.613],[16.783,78.664],[16.53,78.656],[16.446,78.639],[16.158,78.538],[15.944,78.493],[15.681,78.471],[15.417,78.473],[15.36,78.488],[15.279,78.554],[15.254,78.589],[15.265,78.608],[15.348,78.663],[15.392,78.721],[15.384,78.771],[15.323,78.781],[15.225,78.732],[15.137,78.664],[15.016,78.63],[14.892,78.639],[14.839,78.666],[14.792,78.706],[14.744,78.721],[14.689,78.721],[14.578,78.705],[14.467,78.675],[14.505,78.631],[14.515,78.581],[14.468,78.541],[14.432,78.492],[14.546,78.462],[14.638,78.415],[14.5,78.392],[14.363,78.36],[14.238,78.31],[14.11,78.271],[13.908,78.267],[13.655,78.245],[13.15,78.238],[12.913,78.301],[12.87,78.331],[12.822,78.351],[12.665,78.385],[12.435,78.483],[12.258,78.595],[12.138,78.606],[11.962,78.642],[11.866,78.674],[11.774,78.716],[11.746,78.766],[11.755,78.812],[11.861,78.832],[11.611,78.883],[11.365,78.95],[11.456,78.973],[11.548,78.983],[12.275,78.904],[12.323,78.914],[12.403,78.953],[12.375,78.966],[12.253,78.975],[12.087,78.975],[12.046,78.983],[11.982,79.025],[11.926,79.077],[11.902,79.112],[11.893,79.152],[12.016,79.213],[12.084,79.268],[11.978,79.293],[11.679,79.291],[11.58,79.283],[11.616,79.205],[11.521,79.151],[11.339,79.109],[11.208,79.13],[11.107,79.233],[10.975,79.305],[10.926,79.35],[10.888,79.415],[10.834,79.463],[10.738,79.52],[10.725,79.556],[10.737,79.582],[10.811,79.641],[10.755,79.69],[10.686,79.734],[10.682,79.758],[10.746,79.789],[10.804,79.799],[10.866,79.797],[11.05,79.76],[11.15,79.717],[11.185,79.72],[11.251,79.785],[11.344,79.799],[11.702,79.821],[12.102,79.738],[12.205,79.719],[12.288,79.713],[12.245,79.75],[12.219,79.798],[12.28,79.816],[12.602,79.773],[12.754,79.776],[13.108,79.832],[13.693,79.861],[13.914,79.817],[13.926,79.793],[13.921,79.762],[13.907,79.752],[13.778,79.715],[13.039,79.685],[12.555,79.569],[13.215,79.588],[13.334,79.575],[13.384,79.481],[13.432,79.471],[13.601,79.457],[13.716,79.429],[13.834,79.376],[13.957,79.34],[14.03,79.344],[14.056,79.383],[14.026,79.429],[14.011,79.482],[14.02,79.539],[14.04,79.586],[14.178,79.619],[14.38,79.726],[14.594,79.799],[14.832,79.766],[15.052,79.675],[15.251,79.545],[15.444,79.407],[15.66,79.235],[15.764,79.174],[15.858,79.16],[16.295,78.981],[16.344,78.976],[16.254,79.112],[16.028,79.342],[15.875,79.519],[15.841,79.587],[15.816,79.682],[15.826,79.709],[15.845,79.734],[15.956,79.835],[16.1,79.884],[16.057,79.954],[16.094,80.007],[16.246,80.049],[16.387,80.053],[16.524,80.021],[16.787,79.907]]],[[[11.25,78.611],[11.262,78.542],[11.424,78.549],[11.616,78.475],[11.826,78.436],[11.885,78.409],[11.929,78.375],[12.056,78.306],[12.116,78.233],[11.965,78.225],[11.757,78.329],[11.587,78.388],[11.372,78.439],[11.199,78.441],[11.121,78.463],[10.841,78.645],[10.789,78.687],[10.628,78.754],[10.558,78.838],[10.558,78.903],[10.773,78.888],[10.961,78.846],[11.124,78.753],[11.153,78.724],[11.078,78.686],[11.155,78.641],[11.25,78.611]]],[[[18.742,80.301],[18.525,80.246],[18.162,80.288],[18.206,80.332],[18.292,80.358],[18.519,80.348],[18.742,80.301]]],[[[29.047,78.912],[29.345,78.906],[29.645,78.922],[29.697,78.905],[29.311,78.852],[28.881,78.88],[28.495,78.887],[28.038,78.829],[27.889,78.852],[28.121,78.908],[28.374,78.927],[28.415,78.961],[28.511,78.967],[28.845,78.971],[29.047,78.912]]]]}},{"type":"Feature","properties":{"ISO_A2_EH":"NL"},"geometry":{"type":"MultiPolygon","coordinates":[[[[5.994,50.75],[5.892,50.753],[5.797,50.755],[5.747,50.76],[5.694,50.775],[5.694,50.775],[5.669,50.806],[5.639,50.844],[5.648,50.867],[5.737,50.932],[5.75,50.95],[5.741,50.96],[5.75,50.989],[5.818,51.086],[5.827,51.126],[5.796,51.153],[5.752,51.169],[5.609,51.198],[5.54,51.239],[5.509,51.275],[5.477,51.285],[5.43,51.273],[5.311,51.26],[5.214,51.279],[5.1,51.346],[5.073,51.407],[5.059,51.453],[5.031,51.469],[4.993,51.445],[4.944,51.408],[4.848,51.403],[4.821,51.412],[4.816,51.433],[4.811,51.453],[4.784,51.477],[4.756,51.491],[4.634,51.422],[4.589,51.422],[4.532,51.449],[4.503,51.475],[4.441,51.46],[4.385,51.428],[4.404,51.367],[4.374,51.356],[4.304,51.362],[4.226,51.386],[4.139,51.402],[4.007,51.443],[3.822,51.409],[3.694,51.45],[3.587,51.454],[3.521,51.486],[3.449,51.541],[3.5,51.577],[3.549,51.589],[3.744,51.596],[3.886,51.574],[4.141,51.456],[4.206,51.457],[4.274,51.472],[4.239,51.504],[4.175,51.519],[4.08,51.551],[4.005,51.596],[4.183,51.61],[4.158,51.633],[4.135,51.673],[3.947,51.811],[3.979,51.848],[4.026,51.928],[4.085,51.994],[4.132,52.012],[4.209,52.059],[4.376,52.197],[4.483,52.309],[4.562,52.443],[4.678,52.81],[4.713,52.872],[4.769,52.941],[4.839,52.928],[4.888,52.908],[5.061,52.961],[5.358,53.096],[5.446,53.214],[5.532,53.269],[5.874,53.375],[6.062,53.407],[6.353,53.415],[6.564,53.434],[6.816,53.441],[6.912,53.375],[6.968,53.327],[7.058,53.301],[7.197,53.282],[7.189,53.187],[7.19,53],[7.179,52.966],[7.117,52.887],[7.051,52.745],[7.033,52.651],[7.013,52.634],[6.748,52.634],[6.711,52.618],[6.705,52.598],[6.719,52.574],[6.712,52.55],[6.692,52.53],[6.703,52.499],[6.749,52.464],[6.833,52.442],[6.922,52.44],[6.968,52.444],[7.002,52.419],[7.035,52.38],[7.033,52.331],[7.02,52.266],[6.977,52.206],[6.855,52.136],[6.8,52.111],[6.749,52.099],[6.725,52.08],[6.713,52.057],[6.716,52.036],[6.802,51.98],[6.8,51.967],[6.775,51.938],[6.742,51.911],[6.518,51.854],[6.425,51.858],[6.372,51.83],[6.356,51.825],[6.297,51.851],[6.167,51.881],[6.117,51.87],[6.09,51.854],[6.008,51.834],[5.949,51.803],[5.949,51.762],[6.053,51.658],[6.089,51.638],[6.091,51.599],[6.142,51.55],[6.193,51.489],[6.199,51.45],[6.193,51.411],[6.166,51.355],[6.076,51.224],[6.075,51.199],[6.082,51.18],[6.113,51.175],[6.137,51.165],[6.13,51.147],[5.961,51.057],[5.939,51.041],[5.868,51.045],[5.858,51.03],[5.867,51.006],[5.895,50.984],[5.955,50.973],[6.007,50.95],[6.048,50.905],[5.994,50.75]]],[[[4.226,51.386],[4.211,51.349],[4.173,51.307],[4.04,51.247],[3.902,51.208],[3.831,51.213],[3.782,51.233],[3.756,51.255],[3.682,51.276],[3.58,51.286],[3.517,51.264],[3.472,51.242],[3.433,51.246],[3.403,51.264],[3.38,51.291],[3.35,51.378],[3.426,51.394],[3.589,51.399],[3.717,51.369],[3.883,51.354],[4.011,51.396],[4.112,51.361],[4.226,51.386]]],[[[6.333,53.511],[6.193,53.477],[6.159,53.484],[6.168,53.494],[6.291,53.515],[6.333,53.511]]],[[[5.929,53.459],[5.732,53.443],[5.665,53.455],[5.654,53.467],[5.708,53.473],[5.876,53.475],[5.928,53.465],[5.929,53.459]]],[[[5.109,53.308],[4.924,53.235],[4.908,53.246],[5.027,53.31],[5.109,53.308]]],[[[5.326,53.386],[5.233,53.378],[5.19,53.392],[5.415,53.431],[5.557,53.444],[5.583,53.438],[5.326,53.386]]],[[[4.886,53.071],[4.787,53],[4.727,53.02],[4.709,53.036],[4.74,53.091],[4.886,53.183],[4.886,53.071]]],[[[3.949,51.739],[4.047,51.685],[4.068,51.667],[4.075,51.649],[3.951,51.627],[3.819,51.694],[3.732,51.678],[3.699,51.71],[3.699,51.73],[3.789,51.746],[3.949,51.739]]],[[[6.735,53.583],[6.642,53.579],[6.669,53.606],[6.755,53.625],[6.801,53.625],[6.735,53.583]]],[[[-68.206,12.145],[-68.254,12.032],[-68.282,12.082],[-68.287,12.172],[-68.307,12.207],[-68.348,12.228],[-68.371,12.258],[-68.369,12.302],[-68.219,12.231],[-68.206,12.145]]],[[[-62.938,17.496],[-62.962,17.475],[-62.983,17.477],[-62.997,17.497],[-63,17.53],[-62.979,17.521],[-62.972,17.516],[-62.965,17.509],[-62.938,17.496]]],[[[-63.233,17.623],[-63.242,17.62],[-63.254,17.629],[-63.252,17.645],[-63.242,17.652],[-63.233,17.647],[-63.227,17.634],[-63.233,17.623]]]]}},{"type":"Feature","properties":{"ISO_A2_EH":"ME"},"geometry":{"type":"Polygon","coordinates":[[[19.194,43.533],[19.192,43.521],[19.196,43.485],[19.219,43.45],[19.298,43.414],[19.415,43.343],[19.552,43.212],[19.614,43.173],[19.671,43.164],[19.781,43.11],[19.858,43.097],[19.944,43.082],[20.168,42.969],[20.268,42.935],[20.34,42.893],[20.348,42.853],[20.344,42.828],[20.215,42.799],[20.193,42.755],[20.13,42.76],[20.054,42.76],[20.029,42.732],[20.066,42.686],[20.089,42.632],[20.07,42.557],[20.064,42.547],[20.046,42.55],[19.939,42.507],[19.86,42.486],[19.788,42.476],[19.754,42.497],[19.738,42.525],[19.741,42.607],[19.728,42.635],[19.703,42.648],[19.654,42.629],[19.597,42.565],[19.545,42.492],[19.465,42.415],[19.4,42.342],[19.329,42.249],[19.281,42.173],[19.331,42.129],[19.361,42.069],[19.352,42.024],[19.361,41.998],[19.346,41.919],[19.342,41.869],[19.186,41.949],[19.122,42.06],[18.894,42.249],[18.633,42.378],[18.619,42.398],[18.633,42.423],[18.646,42.443],[18.592,42.444],[18.554,42.429],[18.517,42.433],[18.477,42.481],[18.438,42.523],[18.436,42.56],[18.454,42.565],[18.48,42.579],[18.535,42.62],[18.546,42.642],[18.543,42.674],[18.466,42.777],[18.455,42.844],[18.444,42.968],[18.46,42.998],[18.488,43.012],[18.624,43.028],[18.622,43.125],[18.63,43.154],[18.657,43.194],[18.674,43.231],[18.749,43.284],[18.851,43.346],[18.896,43.348],[18.935,43.339],[18.979,43.285],[19.027,43.292],[19.037,43.357],[18.974,43.442],[18.94,43.497],[18.951,43.527],[18.974,43.542],[19.028,43.533],[19.08,43.518],[19.113,43.528],[19.164,43.535],[19.194,43.533]]]}},{"type":"Feature","properties":{"ISO_A2_EH":"MD"},"geometry":{"type":"Polygon","coordinates":[[[26.619,48.26],[26.64,48.294],[26.847,48.387],[26.901,48.372],[27.008,48.368],[27.229,48.371],[27.337,48.433],[27.404,48.416],[27.458,48.443],[27.549,48.478],[27.562,48.47],[27.574,48.465],[27.714,48.45],[27.82,48.416],[27.891,48.365],[27.963,48.334],[28.038,48.321],[28.08,48.296],[28.088,48.257],[28.159,48.238],[28.291,48.239],[28.347,48.213],[28.327,48.161],[28.341,48.144],[28.388,48.162],[28.423,48.147],[28.442,48.109],[28.463,48.091],[28.53,48.15],[28.602,48.144],[28.774,48.12],[28.866,47.996],[28.923,47.951],[28.973,47.933],[29.037,47.952],[29.093,47.975],[29.125,47.965],[29.195,47.882],[29.211,47.775],[29.211,47.732],[29.186,47.659],[29.151,47.581],[29.123,47.53],[29.135,47.49],[29.16,47.456],[29.201,47.444],[29.334,47.376],[29.383,47.328],[29.456,47.293],[29.511,47.291],[29.539,47.271],[29.549,47.247],[29.542,47.186],[29.511,47.128],[29.515,47.091],[29.563,47.048],[29.569,46.997],[29.572,46.964],[29.598,46.939],[29.72,46.883],[29.878,46.829],[29.918,46.782],[29.942,46.724],[29.935,46.625],[29.924,46.539],[30.131,46.423],[30.108,46.402],[30.076,46.378],[29.878,46.36],[29.838,46.351],[29.752,46.438],[29.707,46.449],[29.665,46.417],[29.615,46.399],[29.555,46.408],[29.491,46.435],[29.459,46.454],[29.433,46.456],[29.393,46.437],[29.34,46.445],[29.305,46.467],[29.255,46.393],[29.224,46.377],[29.205,46.379],[29.201,46.505],[29.186,46.524],[29.146,46.527],[29.05,46.497],[28.958,46.458],[28.927,46.424],[28.931,46.362],[28.944,46.288],[29.006,46.176],[28.972,46.128],[28.948,46.05],[28.85,45.979],[28.739,45.937],[28.729,45.852],[28.668,45.794],[28.562,45.736],[28.492,45.666],[28.509,45.618],[28.514,45.572],[28.502,45.542],[28.499,45.518],[28.471,45.507],[28.31,45.499],[28.265,45.484],[28.213,45.45],[28.163,45.514],[28.112,45.569],[28.075,45.599],[28.09,45.613],[28.131,45.628],[28.16,45.647],[28.156,45.713],[28.135,45.789],[28.116,45.826],[28.114,45.883],[28.1,45.973],[28.119,46.139],[28.2,46.348],[28.244,46.451],[28.223,46.508],[28.239,46.641],[28.205,46.706],[28.15,46.792],[28.072,46.978],[27.974,47.043],[27.854,47.115],[27.802,47.168],[27.768,47.228],[27.696,47.286],[27.614,47.341],[27.516,47.476],[27.465,47.537],[27.449,47.553],[27.337,47.64],[27.278,47.718],[27.248,47.782],[27.231,47.842],[27.152,47.959],[27.08,48.048],[27.012,48.11],[26.981,48.155],[26.901,48.211],[26.787,48.256],[26.714,48.263],[26.619,48.26]]]}},{"type":"Feature","properties":{"ISO_A2_EH":"MC"},"geometry":{"type":"Polygon","coordinates":[[[7.439,43.75],[7.378,43.732],[7.38,43.753],[7.395,43.765],[7.414,43.771],[7.437,43.761],[7.439,43.75]]]}},{"type":"Feature","properties":{"ISO_A2_EH":"MK"},"geometry":{"type":"Polygon","coordinates":[[[21.563,42.248],[21.618,42.242],[21.739,42.268],[21.815,42.303],[21.853,42.308],[21.904,42.322],[21.978,42.32],[22.052,42.305],[22.147,42.325],[22.24,42.358],[22.277,42.35],[22.317,42.322],[22.344,42.314],[22.498,42.165],[22.583,42.105],[22.682,42.059],[22.796,42.026],[22.837,41.994],[22.909,41.835],[22.944,41.775],[22.992,41.757],[23.004,41.74],[23.006,41.717],[22.951,41.606],[22.93,41.356],[22.916,41.336],[22.859,41.337],[22.784,41.332],[22.755,41.313],[22.725,41.179],[22.604,41.14],[22.494,41.119],[22.401,41.123],[22.238,41.155],[22.184,41.159],[22.139,41.141],[21.993,41.131],[21.929,41.107],[21.779,40.95],[21.628,40.896],[21.576,40.869],[21.46,40.904],[21.404,40.907],[21.324,40.867],[21.148,40.863],[21.1,40.856],[20.964,40.85],[20.959,40.872],[20.933,40.903],[20.87,40.918],[20.741,40.905],[20.709,40.928],[20.656,41.062],[20.614,41.083],[20.568,41.128],[20.489,41.273],[20.487,41.336],[20.492,41.391],[20.449,41.521],[20.476,41.554],[20.516,41.575],[20.517,41.627],[20.505,41.706],[20.553,41.862],[20.566,41.874],[20.579,41.866],[20.695,41.854],[20.725,41.874],[20.744,41.904],[20.75,42.018],[20.778,42.071],[21.06,42.171],[21.142,42.175],[21.206,42.129],[21.256,42.1],[21.287,42.1],[21.298,42.13],[21.332,42.187],[21.39,42.22],[21.561,42.248],[21.563,42.248]]]}},{"type":"Feature","properties":{"ISO_A2_EH":"LU"},"geometry":{"type":"Polygon","coordinates":[[[6.117,50.121],[6.108,50.094],[6.11,50.034],[6.138,49.974],[6.205,49.915],[6.256,49.872],[6.325,49.838],[6.441,49.805],[6.487,49.798],[6.494,49.754],[6.485,49.708],[6.445,49.682],[6.407,49.645],[6.378,49.6],[6.348,49.513],[6.344,49.453],[6.277,49.478],[6.242,49.494],[6.181,49.499],[6.12,49.485],[6.074,49.455],[6.011,49.445],[5.959,49.455],[5.929,49.478],[5.901,49.49],[5.823,49.505],[5.79,49.538],[5.815,49.554],[5.838,49.578],[5.857,49.613],[5.88,49.645],[5.804,49.732],[5.788,49.759],[5.725,49.808],[5.726,49.833],[5.741,49.857],[5.735,49.876],[5.744,49.92],[5.788,49.961],[5.817,50.013],[5.867,50.083],[5.976,50.167],[6.055,50.154],[6.089,50.155],[6.11,50.124],[6.117,50.121]]]}},{"type":"Feature","properties":{"ISO_A2_EH":"LT"},"geometry":{"type":"MultiPolygon","coordinates":[[[[20.958,55.279],[20.9,55.287],[21.014,55.402],[21.058,55.477],[21.088,55.583],[21.115,55.617],[21.116,55.568],[21.104,55.488],[21.032,55.35],[20.958,55.279]]],[[[22.766,54.357],[22.724,54.406],[22.68,54.493],[22.684,54.563],[22.71,54.633],[22.831,54.838],[22.825,54.871],[22.737,54.929],[22.627,54.971],[22.567,55.059],[22.346,55.064],[22.138,55.059],[22.072,55.064],[21.874,55.101],[21.683,55.16],[21.555,55.195],[21.447,55.234],[21.389,55.276],[21.298,55.264],[21.236,55.264],[21.236,55.271],[21.201,55.344],[21.238,55.455],[21.171,55.618],[21.062,55.813],[21.054,56.023],[21.046,56.07],[21.315,56.188],[21.654,56.315],[21.731,56.326],[22.043,56.401],[22.085,56.407],[22.366,56.393],[22.587,56.375],[22.773,56.377],[22.876,56.396],[22.968,56.38],[23.043,56.324],[23.12,56.331],[23.196,56.367],[23.613,56.334],[23.707,56.335],[23.813,56.329],[24.008,56.295],[24.121,56.264],[24.368,56.283],[24.474,56.284],[24.529,56.296],[24.7,56.381],[24.773,56.396],[24.841,56.411],[24.903,56.398],[24.944,56.326],[25.07,56.2],[25.207,56.178],[25.586,56.13],[25.663,56.105],[25.876,55.994],[26.004,55.94],[26.086,55.897],[26.21,55.812],[26.281,55.75],[26.401,55.704],[26.543,55.672],[26.594,55.668],[26.591,55.623],[26.567,55.546],[26.519,55.448],[26.47,55.372],[26.458,55.342],[26.495,55.318],[26.681,55.306],[26.76,55.293],[26.776,55.273],[26.734,55.247],[26.675,55.225],[26.648,55.204],[26.601,55.13],[26.292,55.14],[26.251,55.125],[26.231,55.09],[26.216,55.05],[26.175,55.003],[26.093,54.962],[25.964,54.947],[25.859,54.919],[25.781,54.833],[25.722,54.718],[25.724,54.636],[25.732,54.59],[25.725,54.564],[25.685,54.536],[25.62,54.46],[25.568,54.377],[25.547,54.332],[25.558,54.311],[25.617,54.31],[25.703,54.293],[25.748,54.26],[25.765,54.221],[25.765,54.18],[25.749,54.157],[25.681,54.14],[25.573,54.14],[25.51,54.16],[25.497,54.175],[25.527,54.215],[25.506,54.265],[25.461,54.293],[25.371,54.251],[25.284,54.251],[25.179,54.214],[25.111,54.155],[25.046,54.133],[24.87,54.145],[24.826,54.119],[24.789,53.998],[24.768,53.975],[24.621,53.98],[24.479,53.932],[24.318,53.893],[24.237,53.92],[24.191,53.95],[24.104,53.945],[24.008,53.932],[23.944,53.939],[23.873,53.936],[23.734,53.912],[23.559,53.92],[23.485,53.94],[23.478,53.959],[23.483,54.006],[23.481,54.079],[23.454,54.143],[23.37,54.2],[23.282,54.24],[23.17,54.281],[23.088,54.299],[23.042,54.304],[23.032,54.328],[23.016,54.348],[22.977,54.366],[22.894,54.391],[22.824,54.396],[22.766,54.357]]]]}},{"type":"Feature","properties":{"ISO_A2_EH":"LI"},"geometry":{"type":"Polygon","coordinates":[[[9.58,47.057],[9.502,47.063],[9.488,47.062],[9.479,47.098],[9.484,47.173],[9.528,47.271],[9.537,47.255],[9.542,47.234],[9.551,47.212],[9.556,47.185],[9.572,47.158],[9.601,47.132],[9.611,47.107],[9.596,47.076],[9.58,47.057]]]}},{"type":"Feature","properties":{"ISO_A2_EH":"LV"},"geometry":{"type":"Polygon","coordinates":[[[26.594,55.668],[26.543,55.672],[26.401,55.704],[26.281,55.75],[26.21,55.812],[26.086,55.897],[26.004,55.94],[25.876,55.994],[25.663,56.105],[25.586,56.13],[25.207,56.178],[25.07,56.2],[24.944,56.326],[24.903,56.398],[24.841,56.411],[24.773,56.396],[24.7,56.381],[24.529,56.296],[24.474,56.284],[24.368,56.283],[24.121,56.264],[24.008,56.295],[23.813,56.329],[23.707,56.335],[23.613,56.334],[23.196,56.367],[23.12,56.331],[23.043,56.324],[22.968,56.38],[22.876,56.396],[22.773,56.377],[22.587,56.375],[22.366,56.393],[22.085,56.407],[22.043,56.401],[21.731,56.326],[21.654,56.315],[21.315,56.188],[21.046,56.07],[21.015,56.259],[21.031,56.637],[21.071,56.824],[21.257,56.933],[21.351,57.018],[21.405,57.131],[21.421,57.236],[21.459,57.322],[21.729,57.571],[21.942,57.598],[22.231,57.667],[22.555,57.724],[22.617,57.651],[22.649,57.595],[23.038,57.392],[23.137,57.324],[23.287,57.09],[23.648,56.971],[23.931,57.008],[24.054,57.066],[24.281,57.172],[24.383,57.25],[24.403,57.325],[24.363,57.645],[24.302,57.784],[24.323,57.871],[24.363,57.866],[24.459,57.908],[24.776,57.985],[24.839,57.989],[24.911,58.005],[25.111,58.063],[25.175,58.032],[25.229,57.997],[25.258,57.996],[25.273,58.009],[25.269,58.032],[25.283,58.048],[25.34,58.039],[25.571,57.943],[25.66,57.92],[25.721,57.914],[25.794,57.869],[25.991,57.838],[26.015,57.815],[26.03,57.786],[26.215,57.663],[26.298,57.601],[26.462,57.544],[26.533,57.531],[26.82,57.589],[26.9,57.609],[26.966,57.609],[27.033,57.579],[27.187,57.538],[27.327,57.525],[27.352,57.528],[27.47,57.524],[27.511,57.508],[27.539,57.43],[27.673,57.368],[27.797,57.317],[27.829,57.293],[27.838,57.248],[27.83,57.194],[27.815,57.167],[27.763,57.135],[27.717,57.055],[27.711,56.978],[27.639,56.846],[27.656,56.843],[27.806,56.867],[27.849,56.853],[27.882,56.824],[27.892,56.741],[27.941,56.704],[27.992,56.645],[28.008,56.6],[28.103,56.546],[28.111,56.511],[28.169,56.387],[28.192,56.316],[28.202,56.26],[28.173,56.19],[28.148,56.143],[28.118,56.146],[28.032,56.133],[27.896,56.076],[27.694,55.942],[27.642,55.912],[27.589,55.809],[27.577,55.799],[27.459,55.804],[27.427,55.806],[27.309,55.804],[27.053,55.831],[26.953,55.813],[26.822,55.709],[26.772,55.694],[26.62,55.68],[26.594,55.668]]]}},{"type":"Feature","properties":{"ISO_A2_EH":"XK"},"geometry":{"type":"Polygon","coordinates":[[[20.344,42.828],[20.469,42.858],[20.487,42.879],[20.458,42.925],[20.475,42.953],[20.624,43.034],[20.649,43.071],[20.658,43.1],[20.638,43.13],[20.61,43.178],[20.623,43.199],[20.701,43.226],[20.763,43.259],[20.801,43.261],[20.824,43.238],[20.824,43.214],[20.844,43.173],[20.891,43.152],[20.968,43.116],[21.057,43.092],[21.127,43.043],[21.223,42.956],[21.237,42.913],[21.323,42.875],[21.403,42.832],[21.391,42.751],[21.663,42.681],[21.724,42.682],[21.753,42.67],[21.752,42.652],[21.731,42.595],[21.619,42.423],[21.61,42.387],[21.53,42.35],[21.519,42.328],[21.542,42.281],[21.563,42.248],[21.561,42.248],[21.39,42.22],[21.332,42.187],[21.298,42.13],[21.287,42.1],[21.256,42.1],[21.206,42.129],[21.142,42.175],[21.06,42.171],[20.778,42.071],[20.75,42.018],[20.744,41.904],[20.725,41.874],[20.695,41.854],[20.579,41.866],[20.566,41.874],[20.581,41.917],[20.575,42.013],[20.523,42.171],[20.485,42.223],[20.408,42.275],[20.348,42.309],[20.241,42.339],[20.186,42.426],[20.104,42.525],[20.064,42.547],[20.07,42.557],[20.089,42.632],[20.066,42.686],[20.029,42.732],[20.054,42.76],[20.13,42.76],[20.193,42.755],[20.215,42.799],[20.344,42.828]]]}},{"type":"Feature","properties":{"ISO_A2_EH":"IT"},"geometry":{"type":"MultiPolygon","coordinates":[[[[7.021,45.926],[7.056,45.904],[7.129,45.88],[7.328,45.912],[7.452,45.944],[7.539,45.978],[7.593,45.972],[7.788,45.922],[7.852,45.947],[7.993,46.016],[8.014,46.052],[8.125,46.161],[8.127,46.188],[8.082,46.256],[8.096,46.271],[8.232,46.341],[8.299,46.403],[8.371,46.445],[8.423,46.446],[8.437,46.432],[8.443,46.403],[8.438,46.283],[8.458,46.246],[8.565,46.16],[8.642,46.111],[8.819,46.077],[8.827,46.061],[8.778,45.996],[8.885,45.919],[8.904,45.862],[8.954,45.83],[9.024,45.846],[9.047,45.876],[9.019,45.928],[8.999,45.983],[9.003,46.015],[9.022,46.051],[9.071,46.102],[9.203,46.219],[9.251,46.287],[9.26,46.391],[9.26,46.475],[9.304,46.496],[9.399,46.481],[9.428,46.482],[9.441,46.431],[9.481,46.349],[9.529,46.306],[9.58,46.296],[9.639,46.296],[9.788,46.346],[9.884,46.368],[9.939,46.362],[9.972,46.328],[10.041,46.238],[10.081,46.228],[10.128,46.238],[10.145,46.254],[10.13,46.288],[10.11,46.363],[10.082,46.421],[10.046,46.448],[10.038,46.483],[10.061,46.547],[10.087,46.6],[10.138,46.614],[10.196,46.621],[10.272,46.565],[10.363,46.547],[10.431,46.55],[10.442,46.583],[10.438,46.619],[10.398,46.665],[10.406,46.735],[10.453,46.865],[10.479,46.855],[10.58,46.854],[10.689,46.846],[10.76,46.793],[10.829,46.775],[10.927,46.769],[10.993,46.777],[11.025,46.797],[11.063,46.859],[11.134,46.936],[11.244,46.976],[11.433,46.983],[11.528,46.997],[11.625,46.997],[11.699,46.985],[11.776,46.986],[11.97,47.04],[12.169,47.082],[12.197,47.075],[12.201,47.061],[12.166,47.028],[12.131,46.985],[12.154,46.935],[12.268,46.836],[12.33,46.76],[12.388,46.703],[12.479,46.673],[12.599,46.654],[12.7,46.647],[12.806,46.626],[13.169,46.573],[13.352,46.558],[13.49,46.556],[13.7,46.52],[13.68,46.463],[13.637,46.449],[13.563,46.415],[13.479,46.369],[13.4,46.318],[13.378,46.262],[13.4,46.225],[13.421,46.212],[13.45,46.224],[13.492,46.217],[13.545,46.197],[13.633,46.177],[13.635,46.158],[13.617,46.133],[13.548,46.089],[13.486,46.04],[13.48,46.009],[13.488,45.987],[13.509,45.974],[13.601,45.98],[13.614,45.962],[13.57,45.834],[13.583,45.812],[13.663,45.792],[13.722,45.761],[13.831,45.68],[13.875,45.615],[13.845,45.593],[13.776,45.582],[13.72,45.588],[13.783,45.627],[13.628,45.771],[13.558,45.771],[13.465,45.71],[13.206,45.771],[13.157,45.747],[13.12,45.698],[13.03,45.638],[12.903,45.611],[12.761,45.544],[12.612,45.497],[12.498,45.462],[12.432,45.468],[12.536,45.545],[12.492,45.546],[12.354,45.492],[12.274,45.446],[12.249,45.369],[12.226,45.242],[12.286,45.208],[12.392,45.04],[12.523,44.968],[12.498,44.899],[12.464,44.845],[12.384,44.798],[12.319,44.833],[12.279,44.832],[12.248,44.723],[12.305,44.429],[12.396,44.224],[12.487,44.134],[12.691,43.995],[12.907,43.921],[13.295,43.686],[13.508,43.612],[13.564,43.571],[13.693,43.39],[13.805,43.18],[13.925,42.852],[14.01,42.69],[14.183,42.506],[14.541,42.244],[14.866,42.053],[15.169,41.934],[15.405,41.913],[15.964,41.939],[16.062,41.928],[16.165,41.896],[16.189,41.814],[16.151,41.758],[16.034,41.701],[15.914,41.621],[15.9,41.512],[16.013,41.435],[16.552,41.232],[17.103,41.062],[17.275,40.975],[17.474,40.841],[17.955,40.655],[18.036,40.565],[18.328,40.371],[18.461,40.221],[18.486,40.105],[18.423,39.987],[18.393,39.904],[18.344,39.821],[18.219,39.853],[18.078,39.937],[17.865,40.28],[17.476,40.315],[17.396,40.34],[17.258,40.399],[17.249,40.438],[17.215,40.486],[17.18,40.503],[17.031,40.513],[16.928,40.458],[16.807,40.326],[16.67,40.137],[16.53,39.86],[16.522,39.748],[16.598,39.639],[16.824,39.578],[16.999,39.482],[17.115,39.381],[17.123,39.137],[17.175,38.998],[17.099,38.919],[16.951,38.94],[16.755,38.89],[16.617,38.8],[16.559,38.715],[16.574,38.494],[16.546,38.409],[16.282,38.25],[16.144,38.086],[16.11,38.019],[16.057,37.942],[15.725,37.939],[15.646,38.034],[15.643,38.175],[15.7,38.262],[15.822,38.303],[15.905,38.483],[15.879,38.614],[15.927,38.672],[15.972,38.713],[16.066,38.736],[16.197,38.759],[16.21,38.941],[16.107,39.024],[16.071,39.139],[16.024,39.354],[15.854,39.627],[15.764,39.87],[15.693,39.99],[15.585,40.053],[15.391,40.052],[15.295,40.07],[14.951,40.239],[14.927,40.265],[14.929,40.31],[14.986,40.377],[14.948,40.469],[14.907,40.556],[14.84,40.63],[14.766,40.668],[14.611,40.645],[14.557,40.626],[14.459,40.633],[14.383,40.6],[14.34,40.599],[14.461,40.729],[14.428,40.759],[14.309,40.813],[14.147,40.821],[14.102,40.827],[14.076,40.794],[14.044,40.812],[14.048,40.87],[13.86,41.13],[13.733,41.236],[13.67,41.254],[13.555,41.232],[13.362,41.279],[13.247,41.289],[13.183,41.278],[13.089,41.244],[13.041,41.266],[13.024,41.301],[12.849,41.409],[12.631,41.47],[12.206,41.813],[12.075,41.941],[11.807,42.082],[11.637,42.288],[11.498,42.363],[11.296,42.423],[11.25,42.416],[11.189,42.393],[11.141,42.39],[11.103,42.417],[11.142,42.444],[11.185,42.457],[11.168,42.535],[10.938,42.739],[10.803,42.804],[10.765,42.845],[10.737,42.9],[10.708,42.936],[10.645,42.957],[10.59,42.954],[10.515,42.968],[10.517,43.065],[10.532,43.14],[10.521,43.204],[10.448,43.371],[10.321,43.513],[10.246,43.852],[10.188,43.948],[10.048,44.02],[9.731,44.101],[9.289,44.319],[9.196,44.323],[8.93,44.408],[8.766,44.422],[8.552,44.346],[8.292,44.137],[8.082,43.919],[8.005,43.877],[7.733,43.803],[7.493,43.767],[7.491,43.823],[7.482,43.865],[7.523,43.911],[7.59,43.965],[7.651,44.034],[7.677,44.083],[7.665,44.116],[7.637,44.165],[7.599,44.168],[7.371,44.127],[7.319,44.138],[7.149,44.202],[6.967,44.28],[6.9,44.336],[6.875,44.392],[6.894,44.428],[6.879,44.463],[6.843,44.511],[6.875,44.565],[6.932,44.632],[6.96,44.677],[7.008,44.689],[7.031,44.717],[6.993,44.827],[6.973,44.845],[6.94,44.859],[6.889,44.86],[6.801,44.883],[6.738,44.921],[6.725,44.973],[6.691,45.023],[6.635,45.068],[6.628,45.118],[6.692,45.144],[6.78,45.145],[6.842,45.136],[6.981,45.216],[7.032,45.223],[7.078,45.24],[7.117,45.349],[7.146,45.382],[7.153,45.401],[7.126,45.424],[7.014,45.5],[6.962,45.581],[6.881,45.67],[6.806,45.71],[6.791,45.741],[6.789,45.78],[6.804,45.815],[6.941,45.868],[7.021,45.926]],[[12.439,41.898],[12.438,41.906],[12.431,41.905],[12.428,41.901],[12.431,41.898],[12.439,41.898]],[[12.485,43.901],[12.515,43.953],[12.504,43.99],[12.441,43.982],[12.397,43.935],[12.426,43.894],[12.485,43.901]]],[[[10.395,42.858],[10.428,42.819],[10.432,42.797],[10.41,42.771],[10.419,42.713],[10.336,42.761],[10.209,42.737],[10.131,42.742],[10.11,42.785],[10.128,42.81],[10.248,42.816],[10.286,42.828],[10.359,42.822],[10.395,42.858]]],[[[13.938,40.706],[13.894,40.697],[13.868,40.709],[13.854,40.724],[13.871,40.762],[13.962,40.739],[13.961,40.718],[13.938,40.706]]],[[[12.051,36.757],[12.003,36.746],[11.941,36.78],[11.936,36.829],[11.948,36.843],[12.024,36.821],[12.048,36.776],[12.051,36.757]]],[[[15.577,38.22],[15.509,38.107],[15.476,38.063],[15.234,37.785],[15.207,37.721],[15.19,37.651],[15.165,37.59],[15.131,37.532],[15.1,37.459],[15.106,37.375],[15.117,37.335],[15.146,37.308],[15.194,37.283],[15.23,37.244],[15.174,37.209],[15.236,37.139],[15.289,37.097],[15.296,37.055],[15.295,37.013],[15.185,36.935],[15.142,36.892],[15.116,36.839],[15.104,36.785],[15.116,36.736],[15.113,36.688],[15.002,36.694],[14.89,36.724],[14.776,36.71],[14.614,36.767],[14.555,36.777],[14.502,36.799],[14.367,36.973],[14.259,37.046],[14.143,37.104],[14.024,37.107],[13.905,37.101],[13.801,37.136],[13.587,37.254],[13.361,37.349],[13.265,37.41],[13.221,37.452],[13.17,37.479],[13.04,37.507],[12.924,37.571],[12.871,37.575],[12.757,37.567],[12.699,37.572],[12.64,37.594],[12.527,37.67],[12.454,37.774],[12.436,37.82],[12.487,37.939],[12.548,38.053],[12.602,38.085],[12.664,38.108],[12.702,38.142],[12.734,38.183],[12.851,38.064],[12.903,38.035],[12.955,38.041],[13.049,38.084],[13.057,38.131],[13.16,38.19],[13.291,38.191],[13.352,38.181],[13.383,38.127],[13.433,38.11],[13.491,38.103],[13.682,38.001],[13.735,37.984],[13.789,37.981],[13.937,38.024],[14.05,38.041],[14.288,38.017],[14.416,38.043],[14.506,38.046],[14.637,38.085],[14.737,38.151],[14.79,38.167],[14.846,38.172],[14.982,38.168],[15.119,38.153],[15.176,38.168],[15.224,38.211],[15.28,38.23],[15.341,38.217],[15.499,38.291],[15.568,38.296],[15.635,38.268],[15.577,38.22]]],[[[9.632,40.882],[9.682,40.818],[9.794,40.556],[9.805,40.5],[9.783,40.442],[9.754,40.4],[9.643,40.268],[9.659,40.159],[9.701,40.092],[9.707,40.017],[9.686,39.924],[9.617,39.354],[9.584,39.254],[9.563,39.166],[9.486,39.14],[9.388,39.168],[9.264,39.217],[9.207,39.214],[9.149,39.197],[9.102,39.211],[9.056,39.239],[9.023,39.043],[8.967,38.964],[8.881,38.913],[8.801,38.91],[8.719,38.927],[8.649,38.927],[8.595,38.964],[8.553,39.03],[8.486,39.11],[8.418,39.206],[8.411,39.292],[8.399,39.482],[8.419,39.523],[8.447,39.563],[8.461,39.648],[8.451,39.722],[8.471,39.748],[8.511,39.722],[8.541,39.732],[8.539,39.77],[8.548,39.839],[8.496,39.897],[8.408,39.917],[8.399,39.978],[8.409,40.038],[8.455,40.078],[8.471,40.131],[8.471,40.293],[8.409,40.352],[8.385,40.443],[8.353,40.501],[8.296,40.559],[8.23,40.606],[8.19,40.652],[8.181,40.771],[8.204,40.871],[8.224,40.913],[8.245,40.907],[8.31,40.858],[8.363,40.846],[8.468,40.834],[8.572,40.85],[8.699,40.895],[8.821,40.95],[8.998,41.11],[9.107,41.143],[9.163,41.185],[9.182,41.242],[9.228,41.257],[9.283,41.202],[9.351,41.196],[9.455,41.15],[9.5,41.106],[9.539,41.054],[9.576,41.031],[9.615,41.017],[9.621,41.005],[9.59,40.992],[9.554,40.932],[9.574,40.915],[9.632,40.882]]],[[[8.479,39.068],[8.421,38.969],[8.361,39.039],[8.359,39.099],[8.367,39.116],[8.441,39.091],[8.479,39.068]]],[[[8.286,41.04],[8.253,40.994],[8.206,40.997],[8.224,41.031],[8.267,41.099],[8.32,41.122],[8.344,41.102],[8.319,41.063],[8.286,41.04]]]]}},{"type":"Feature","properties":{"ISO_A2_EH":"IE"},"geometry":{"type":"MultiPolygon","coordinates":[[[[-9.948,53.913],[-9.952,53.885],[-10.027,53.921],[-10.063,53.96],[-10.266,53.978],[-10.181,54.017],[-10.14,54.005],[-9.996,54.004],[-9.956,53.987],[-9.948,53.913]]],[[[-7.219,55.092],[-7.377,55.028],[-7.401,55.003],[-7.446,54.905],[-7.451,54.877],[-7.502,54.825],[-7.55,54.768],[-7.606,54.746],[-7.69,54.728],[-7.738,54.71],[-7.797,54.719],[-7.873,54.718],[-7.911,54.698],[-7.909,54.683],[-7.886,54.666],[-7.82,54.64],[-7.746,54.616],[-7.754,54.595],[-7.794,54.571],[-8.044,54.512],[-8.119,54.477],[-8.145,54.454],[-8.118,54.414],[-7.918,54.297],[-7.884,54.284],[-7.855,54.215],[-7.679,54.187],[-7.607,54.144],[-7.544,54.134],[-7.409,54.137],[-7.355,54.121],[-7.325,54.133],[-7.307,54.156],[-7.193,54.214],[-7.155,54.24],[-7.178,54.275],[-7.203,54.302],[-7.133,54.355],[-7.05,54.408],[-7.008,54.407],[-6.936,54.374],[-6.877,54.329],[-6.869,54.294],[-6.858,54.269],[-6.803,54.214],[-6.767,54.196],[-6.67,54.185],[-6.647,54.163],[-6.664,54.085],[-6.65,54.059],[-6.548,54.057],[-6.44,54.064],[-6.403,54.061],[-6.364,54.077],[-6.304,54.095],[-6.218,54.089],[-6.176,54.054],[-6.157,54.017],[-6.231,54.004],[-6.308,54.011],[-6.345,53.987],[-6.348,53.941],[-6.322,53.882],[-6.27,53.84],[-6.229,53.746],[-6.195,53.641],[-6.142,53.578],[-6.131,53.499],[-6.139,53.46],[-6.129,53.391],[-6.152,53.366],[-6.135,53.301],[-6.072,53.166],[-6.045,53.091],[-6.027,52.927],[-6.071,52.866],[-6.131,52.807],[-6.169,52.738],[-6.199,52.663],[-6.217,52.543],[-6.345,52.402],[-6.4,52.367],[-6.463,52.345],[-6.325,52.247],[-6.438,52.203],[-6.561,52.189],[-6.697,52.214],[-6.782,52.21],[-6.86,52.179],[-6.89,52.159],[-6.915,52.169],[-6.966,52.25],[-7.003,52.166],[-7.082,52.139],[-7.216,52.145],[-7.441,52.123],[-7.527,52.099],[-7.563,52.062],[-7.59,52.019],[-7.625,51.993],[-7.665,51.98],[-7.838,51.948],[-7.872,51.935],[-7.952,51.866],[-8.058,51.826],[-8.145,51.814],[-8.222,51.854],[-8.254,51.878],[-8.29,51.891],[-8.409,51.889],[-8.372,51.876],[-8.347,51.848],[-8.336,51.793],[-8.349,51.739],[-8.408,51.712],[-8.478,51.707],[-8.588,51.651],[-8.734,51.636],[-8.813,51.585],[-9.296,51.498],[-9.324,51.497],[-9.391,51.519],[-9.463,51.529],[-9.535,51.522],[-9.737,51.474],[-9.835,51.483],[-9.71,51.604],[-9.542,51.664],[-9.525,51.681],[-9.58,51.689],[-9.899,51.647],[-10.01,51.611],[-10.121,51.601],[-10.069,51.656],[-9.926,51.731],[-9.85,51.766],[-9.803,51.78],[-9.75,51.824],[-9.599,51.874],[-10.084,51.771],[-10.212,51.784],[-10.242,51.812],[-10.341,51.799],[-10.379,51.869],[-10.232,51.975],[-10.146,52.02],[-10.044,52.045],[-9.946,52.08],[-9.91,52.123],[-9.956,52.137],[-10.25,52.126],[-10.39,52.135],[-10.383,52.169],[-10.357,52.207],[-10.211,52.272],[-10.132,52.282],[-10.062,52.276],[-9.993,52.259],[-9.937,52.238],[-9.772,52.25],[-9.841,52.291],[-9.853,52.375],[-9.906,52.404],[-9.838,52.443],[-9.761,52.466],[-9.632,52.547],[-9.586,52.559],[-9.331,52.579],[-9.056,52.621],[-8.783,52.68],[-8.923,52.712],[-8.99,52.755],[-9.098,52.668],[-9.175,52.635],[-9.394,52.617],[-9.463,52.627],[-9.561,52.654],[-9.591,52.644],[-9.62,52.623],[-9.764,52.58],[-9.917,52.57],[-9.74,52.648],[-9.515,52.781],[-9.465,52.823],[-9.394,52.896],[-9.416,52.929],[-9.462,52.947],[-9.299,53.098],[-9.242,53.125],[-9.138,53.129],[-9.061,53.153],[-9.027,53.153],[-8.997,53.162],[-8.93,53.207],[-9.034,53.236],[-9.14,53.25],[-9.471,53.235],[-9.514,53.238],[-9.555,53.252],[-9.582,53.272],[-9.602,53.323],[-9.626,53.334],[-9.701,53.334],[-9.774,53.319],[-9.825,53.32],[-9.876,53.343],[-9.795,53.395],[-9.899,53.407],[-10.004,53.397],[-10.091,53.413],[-10.094,53.446],[-10.054,53.478],[-10.106,53.509],[-10.117,53.549],[-10.062,53.568],[-10.001,53.561],[-9.878,53.59],[-9.721,53.604],[-9.856,53.633],[-9.91,53.658],[-9.912,53.695],[-9.902,53.727],[-9.745,53.781],[-9.578,53.805],[-9.591,53.841],[-9.579,53.88],[-9.748,53.891],[-9.914,53.864],[-9.896,53.938],[-9.856,54.004],[-9.848,54.048],[-9.856,54.095],[-9.934,54.075],[-9.944,54.142],[-9.977,54.187],[-10.093,54.156],[-10.09,54.216],[-10.056,54.258],[-9.996,54.276],[-9.936,54.268],[-9.825,54.269],[-9.717,54.3],[-9.562,54.309],[-9.316,54.299],[-9.146,54.21],[-9.102,54.226],[-9.034,54.282],[-9.002,54.288],[-8.747,54.263],[-8.588,54.231],[-8.546,54.241],[-8.568,54.304],[-8.623,54.347],[-8.554,54.404],[-8.471,54.442],[-8.415,54.461],[-8.287,54.485],[-8.23,54.507],[-8.193,54.58],[-8.133,54.641],[-8.457,54.609],[-8.764,54.681],[-8.715,54.732],[-8.65,54.761],[-8.538,54.783],[-8.528,54.809],[-8.471,54.832],[-8.377,54.889],[-8.412,54.965],[-8.393,55.02],[-8.326,55.056],[-8.305,55.108],[-8.275,55.146],[-8.138,55.16],[-8.006,55.195],[-7.959,55.192],[-7.803,55.2],[-7.751,55.186],[-7.763,55.248],[-7.667,55.256],[-7.63,55.244],[-7.613,55.2],[-7.57,55.171],[-7.557,55.122],[-7.586,55.084],[-7.634,55.055],[-7.59,55.025],[-7.659,54.971],[-7.584,54.994],[-7.478,55.047],[-7.484,55.09],[-7.502,55.145],[-7.531,55.194],[-7.518,55.248],[-7.458,55.282],[-7.302,55.299],[-7.366,55.36],[-7.309,55.366],[-7.247,55.353],[-7.155,55.305],[-7.06,55.268],[-6.962,55.238],[-7.056,55.178],[-7.173,55.137],[-7.219,55.092]]]]}},{"type":"Feature","properties":{"ISO_A2_EH":"HU"},"geometry":{"type":"Polygon","coordinates":[[[22.132,48.405],[22.227,48.413],[22.231,48.412],[22.254,48.407],[22.269,48.361],[22.272,48.358],[22.295,48.327],[22.317,48.287],[22.35,48.256],[22.424,48.243],[22.52,48.205],[22.582,48.134],[22.676,48.104],[22.683,48.104],[22.702,48.107],[22.769,48.11],[22.782,48.095],[22.836,48.06],[22.857,48.03],[22.846,47.997],[22.856,47.96],[22.877,47.947],[22.852,47.923],[22.677,47.799],[22.608,47.766],[22.563,47.76],[22.491,47.773],[22.417,47.763],[22.351,47.736],[22.291,47.728],[22.245,47.696],[22.185,47.629],[22.112,47.572],[22.038,47.537],[22,47.505],[21.995,47.396],[21.954,47.364],[21.899,47.333],[21.869,47.305],[21.785,47.138],[21.722,47.085],[21.661,47.044],[21.651,47.007],[21.653,46.964],[21.584,46.878],[21.494,46.79],[21.477,46.753],[21.497,46.704],[21.411,46.648],[21.361,46.621],[21.32,46.608],[21.295,46.572],[21.252,46.486],[21.263,46.448],[21.265,46.412],[21.192,46.392],[21.17,46.353],[21.152,46.304],[21.122,46.282],[21.04,46.242],[20.837,46.26],[20.76,46.246],[20.737,46.217],[20.733,46.194],[20.707,46.173],[20.661,46.146],[20.614,46.133],[20.508,46.167],[20.281,46.133],[20.242,46.109],[20.21,46.126],[20.161,46.142],[19.934,46.161],[19.844,46.146],[19.725,46.152],[19.613,46.169],[19.531,46.155],[19.458,46.087],[19.421,46.064],[19.393,46.05],[19.33,46.029],[19.278,46.003],[19.208,45.984],[19.146,45.987],[19.087,46.016],[19.066,46.01],[19.048,45.983],[19.016,45.96],[18.928,45.931],[18.905,45.932],[18.9,45.932],[18.833,45.911],[18.722,45.899],[18.666,45.907],[18.565,45.813],[18.534,45.796],[18.437,45.767],[18.358,45.753],[18.291,45.764],[18.264,45.765],[17.964,45.77],[17.807,45.79],[17.706,45.827],[17.64,45.868],[17.607,45.914],[17.529,45.941],[17.406,45.951],[17.311,45.996],[17.242,46.077],[17.15,46.14],[17.033,46.187],[16.94,46.254],[16.871,46.339],[16.748,46.416],[16.57,46.485],[16.516,46.5],[16.506,46.522],[16.418,46.607],[16.381,46.639],[16.385,46.681],[16.367,46.705],[16.335,46.722],[16.318,46.783],[16.308,46.828],[16.284,46.857],[16.093,46.863],[16.253,46.972],[16.332,47.002],[16.424,46.997],[16.453,47.007],[16.461,47.022],[16.477,47.058],[16.485,47.091],[16.493,47.123],[16.483,47.14],[16.438,47.146],[16.417,47.223],[16.44,47.253],[16.463,47.273],[16.434,47.367],[16.443,47.4],[16.515,47.405],[16.574,47.425],[16.623,47.448],[16.637,47.477],[16.677,47.536],[16.64,47.609],[16.432,47.656],[16.421,47.674],[16.47,47.695],[16.521,47.724],[16.551,47.747],[16.591,47.751],[16.647,47.739],[16.748,47.686],[16.786,47.679],[16.823,47.694],[16.863,47.697],[16.973,47.695],[17.067,47.708],[17.046,47.764],[17.046,47.805],[17.03,47.837],[17.04,47.873],[17.078,47.901],[17.089,47.964],[17.147,48.006],[17.175,48.012],[17.277,48.004],[17.302,47.993],[17.317,47.991],[17.481,47.888],[17.635,47.81],[17.762,47.77],[17.948,47.767],[18.146,47.763],[18.476,47.777],[18.724,47.787],[18.741,47.806],[18.778,47.853],[18.748,47.893],[18.75,47.939],[18.792,48],[18.914,48.051],[19.265,48.073],[19.467,48.111],[19.497,48.162],[19.564,48.213],[19.625,48.223],[19.709,48.2],[19.81,48.155],[19.899,48.131],[19.95,48.147],[20.129,48.222],[20.334,48.296],[20.475,48.495],[20.49,48.527],[20.643,48.55],[20.867,48.546],[20.981,48.52],[21.067,48.506],[21.196,48.511],[21.382,48.553],[21.451,48.552],[21.505,48.522],[21.563,48.496],[21.603,48.464],[21.633,48.419],[21.649,48.401],[21.675,48.378],[21.721,48.347],[21.767,48.338],[22.111,48.393],[22.132,48.405]]]}},{"type":"Feature","properties":{"ISO_A2_EH":"GR"},"geometry":{"type":"MultiPolygon","coordinates":[[[[27.86,36.554],[27.838,36.538],[27.788,36.584],[27.786,36.608],[27.837,36.635],[27.863,36.641],[27.87,36.623],[27.869,36.583],[27.86,36.554]]],[[[20.612,38.383],[20.625,38.268],[20.695,38.246],[20.789,38.142],[20.781,38.089],[20.761,38.071],[20.606,38.12],[20.569,38.098],[20.524,38.107],[20.496,38.164],[20.499,38.184],[20.473,38.219],[20.452,38.234],[20.391,38.188],[20.353,38.18],[20.352,38.222],[20.409,38.337],[20.435,38.356],[20.481,38.318],[20.52,38.332],[20.548,38.395],[20.55,38.457],[20.563,38.475],[20.612,38.383]]],[[[20.888,37.805],[20.994,37.708],[20.909,37.732],[20.819,37.665],[20.704,37.743],[20.635,37.823],[20.62,37.855],[20.692,37.93],[20.759,37.853],[20.84,37.841],[20.888,37.805]]],[[[20.687,38.609],[20.648,38.601],[20.614,38.606],[20.584,38.602],[20.555,38.583],[20.558,38.662],[20.592,38.76],[20.635,38.818],[20.694,38.844],[20.72,38.799],[20.715,38.638],[20.687,38.609]]],[[[20.759,38.329],[20.709,38.319],[20.646,38.414],[20.624,38.48],[20.65,38.484],[20.675,38.476],[20.701,38.451],[20.701,38.426],[20.712,38.399],[20.739,38.366],[20.759,38.329]]],[[[20.078,39.433],[20.1,39.377],[19.975,39.411],[19.884,39.462],[19.809,39.585],[19.649,39.726],[19.646,39.767],[19.707,39.798],[19.839,39.82],[19.892,39.797],[19.926,39.774],[19.937,39.747],[19.862,39.693],[19.847,39.668],[19.904,39.619],[19.903,39.6],[19.927,39.506],[19.955,39.47],[20.028,39.442],[20.078,39.433]]],[[[23.415,38.959],[23.472,38.85],[23.525,38.813],[23.636,38.77],[23.688,38.765],[23.878,38.687],[24.099,38.671],[24.128,38.648],[24.155,38.588],[24.2,38.541],[24.211,38.504],[24.188,38.463],[24.22,38.339],[24.276,38.22],[24.36,38.163],[24.464,38.145],[24.563,38.148],[24.588,38.124],[24.579,38.02],[24.537,37.98],[24.502,37.97],[24.473,37.981],[24.446,38.005],[24.417,38.017],[24.359,38.019],[24.318,38.06],[24.212,38.118],[24.193,38.152],[24.189,38.204],[24.144,38.243],[24.103,38.317],[24.064,38.337],[24.042,38.374],[24.04,38.39],[23.886,38.401],[23.759,38.401],[23.651,38.443],[23.617,38.553],[23.553,38.582],[23.505,38.613],[23.465,38.656],[23.364,38.735],[23.252,38.801],[23.144,38.845],[23.029,38.873],[22.936,38.84],[22.881,38.848],[22.87,38.871],[22.986,38.916],[23.146,39.003],[23.258,39.031],[23.313,39.035],[23.415,38.959]]],[[[23.78,39.114],[23.735,39.081],[23.666,39.095],[23.594,39.209],[23.78,39.114]]],[[[23.888,39.158],[23.841,39.147],[23.888,39.226],[23.971,39.268],[23.94,39.201],[23.888,39.158]]],[[[24.675,38.809],[24.569,38.785],[24.541,38.789],[24.565,38.819],[24.566,38.832],[24.461,38.889],[24.473,38.962],[24.486,38.98],[24.564,38.942],[24.581,38.879],[24.675,38.809]]],[[[24.774,40.615],[24.646,40.579],[24.516,40.647],[24.517,40.687],[24.586,40.769],[24.623,40.793],[24.719,40.786],[24.774,40.73],[24.786,40.704],[24.769,40.659],[24.774,40.615]]],[[[23.551,37.926],[23.511,37.901],[23.467,37.902],[23.435,37.911],[23.419,37.931],[23.439,37.941],[23.462,37.98],[23.484,37.991],[23.516,37.986],[23.535,37.97],[23.551,37.926]]],[[[23.054,36.19],[23.042,36.146],[22.939,36.176],[22.911,36.221],[22.906,36.32],[22.933,36.369],[22.95,36.384],[22.998,36.328],[23.097,36.247],[23.054,36.19]]],[[[27.176,35.465],[27.138,35.409],[27.099,35.456],[27.116,35.511],[27.071,35.598],[27.156,35.726],[27.158,35.789],[27.223,35.82],[27.207,35.714],[27.157,35.629],[27.209,35.559],[27.234,35.479],[27.176,35.465]]],[[[27.02,36.959],[26.92,36.945],[26.938,37.025],[26.889,37.087],[26.967,37.052],[27.016,37.01],[27.04,37.002],[27.035,36.976],[27.02,36.959]]],[[[26.95,36.727],[26.918,36.726],[26.956,36.774],[27.061,36.84],[27.215,36.899],[27.266,36.905],[27.352,36.869],[27.193,36.809],[27.151,36.778],[27.034,36.771],[26.95,36.727]]],[[[25.546,36.968],[25.457,36.93],[25.396,36.984],[25.362,37.07],[25.525,37.196],[25.564,37.185],[25.588,37.153],[25.584,37.039],[25.546,36.968]]],[[[25.279,37.068],[25.199,36.991],[25.133,37],[25.105,37.035],[25.146,37.107],[25.235,37.149],[25.275,37.138],[25.271,37.084],[25.279,37.068]]],[[[25.482,36.393],[25.436,36.34],[25.371,36.359],[25.397,36.379],[25.413,36.405],[25.415,36.442],[25.397,36.465],[25.409,36.474],[25.467,36.435],[25.482,36.393]]],[[[25.382,36.674],[25.364,36.658],[25.289,36.722],[25.26,36.758],[25.296,36.789],[25.407,36.717],[25.382,36.674]]],[[[26.824,37.811],[26.947,37.778],[26.982,37.782],[27.04,37.77],[27.055,37.709],[26.978,37.7],[26.845,37.645],[26.788,37.657],[26.721,37.705],[26.613,37.71],[26.581,37.724],[26.639,37.781],[26.743,37.81],[26.824,37.811]]],[[[26.029,37.529],[25.982,37.526],[25.997,37.566],[26.086,37.635],[26.212,37.638],[26.326,37.673],[26.351,37.674],[26.297,37.62],[26.205,37.569],[26.029,37.529]]],[[[25.859,36.79],[25.771,36.782],[25.743,36.79],[25.797,36.807],[25.834,36.825],[25.852,36.848],[25.942,36.887],[26.001,36.937],[26.064,36.903],[25.985,36.88],[25.859,36.79]]],[[[26.461,36.585],[26.382,36.562],[26.331,36.511],[26.27,36.547],[26.27,36.595],[26.337,36.581],[26.384,36.608],[26.37,36.639],[26.421,36.624],[26.461,36.585]]],[[[24.356,37.577],[24.289,37.528],[24.277,37.601],[24.32,37.678],[24.379,37.683],[24.401,37.649],[24.356,37.577]]],[[[24.436,37.344],[24.379,37.314],[24.398,37.383],[24.37,37.42],[24.395,37.45],[24.431,37.475],[24.449,37.45],[24.481,37.408],[24.436,37.344]]],[[[24.536,36.764],[24.538,36.705],[24.531,36.684],[24.326,36.656],[24.345,36.723],[24.357,36.744],[24.425,36.713],[24.45,36.729],[24.46,36.747],[24.536,36.764]]],[[[24.943,37.494],[24.938,37.39],[24.912,37.391],[24.896,37.407],[24.895,37.446],[24.907,37.509],[24.943,37.494]]],[[[24.992,37.76],[24.962,37.692],[24.884,37.771],[24.799,37.824],[24.767,37.871],[24.714,37.899],[24.7,37.962],[24.763,37.988],[24.79,37.99],[24.855,37.914],[24.956,37.905],[24.948,37.858],[24.98,37.797],[24.992,37.76]]],[[[25.256,37.6],[25.219,37.535],[25.156,37.545],[25.052,37.614],[25.016,37.646],[24.996,37.677],[25.039,37.681],[25.092,37.648],[25.225,37.631],[25.256,37.6]]],[[[24.721,36.921],[24.703,36.917],[24.676,36.959],[24.671,36.999],[24.681,37.022],[24.716,37.024],[24.763,36.949],[24.721,36.921]]],[[[26.094,38.218],[25.999,38.162],[25.892,38.243],[25.874,38.27],[25.953,38.303],[25.991,38.354],[25.96,38.416],[25.851,38.508],[25.846,38.574],[26.013,38.602],[26.11,38.545],[26.16,38.541],[26.141,38.486],[26.15,38.468],[26.157,38.303],[26.111,38.28],[26.103,38.234],[26.094,38.218]]],[[[26.41,39.329],[26.393,39.27],[26.531,39.172],[26.578,39.11],[26.596,39.049],[26.584,39.031],[26.532,39.064],[26.489,39.075],[26.503,39.031],[26.547,38.994],[26.469,38.973],[26.39,38.974],[26.161,39.026],[26.108,39.081],[26.245,39.164],[26.273,39.198],[26.176,39.194],[26.072,39.096],[25.906,39.139],[25.855,39.179],[25.844,39.2],[25.91,39.288],[26.026,39.285],[26.088,39.304],[26.165,39.332],[26.165,39.374],[26.348,39.383],[26.41,39.329]]],[[[25.686,40.427],[25.573,40.4],[25.448,40.483],[25.569,40.516],[25.624,40.492],[25.664,40.464],[25.686,40.427]]],[[[25.438,39.983],[25.4,39.95],[25.372,39.891],[25.357,39.808],[25.299,39.806],[25.263,39.823],[25.252,39.854],[25.249,39.894],[25.224,39.893],[25.203,39.849],[25.185,39.83],[25.126,39.826],[25.062,39.852],[25.065,39.91],[25.052,39.976],[25.058,40],[25.234,40.005],[25.286,39.956],[25.348,39.985],[25.374,40.016],[25.449,40.035],[25.438,39.983]]],[[[25.403,37.419],[25.307,37.413],[25.313,37.489],[25.348,37.509],[25.463,37.471],[25.457,37.447],[25.403,37.419]]],[[[24.524,37.125],[24.487,37.11],[24.425,37.132],[24.441,37.187],[24.484,37.21],[24.529,37.192],[24.536,37.168],[24.524,37.125]]],[[[27.843,35.929],[27.771,35.908],[27.746,35.911],[27.716,35.957],[27.757,36.069],[27.719,36.141],[27.716,36.172],[27.774,36.214],[27.815,36.277],[27.914,36.345],[28.171,36.426],[28.232,36.434],[28.23,36.37],[28.144,36.21],[28.068,36.13],[28.088,36.065],[27.966,36.048],[27.843,35.929]]],[[[23.852,35.535],[23.921,35.528],[24.013,35.529],[24.034,35.535],[24.093,35.594],[24.166,35.595],[24.198,35.537],[24.124,35.511],[24.109,35.496],[24.123,35.484],[24.179,35.46],[24.255,35.469],[24.258,35.423],[24.275,35.386],[24.313,35.364],[24.354,35.359],[24.445,35.366],[24.535,35.381],[24.627,35.41],[24.721,35.425],[25.003,35.41],[25.104,35.347],[25.297,35.339],[25.476,35.306],[25.57,35.328],[25.73,35.349],[25.756,35.326],[25.735,35.184],[25.745,35.143],[25.791,35.123],[25.837,35.133],[25.893,35.179],[26.028,35.215],[26.168,35.215],[26.286,35.31],[26.32,35.315],[26.299,35.269],[26.281,35.159],[26.256,35.095],[26.244,35.045],[26.166,35.019],[26.047,35.014],[25.83,35.025],[25.611,35.007],[25.206,34.959],[24.8,34.934],[24.745,34.951],[24.744,35.014],[24.735,35.058],[24.709,35.089],[24.583,35.115],[24.464,35.16],[23.994,35.222],[23.884,35.246],[23.704,35.233],[23.638,35.235],[23.593,35.257],[23.562,35.295],[23.548,35.416],[23.57,35.535],[23.609,35.566],[23.627,35.53],[23.673,35.514],[23.715,35.55],[23.715,35.605],[23.737,35.656],[23.771,35.634],[23.793,35.556],[23.852,35.535]]],[[[26.321,41.717],[26.411,41.696],[26.463,41.663],[26.495,41.633],[26.545,41.607],[26.581,41.601],[26.61,41.512],[26.625,41.402],[26.602,41.354],[26.536,41.343],[26.331,41.239],[26.326,41.143],[26.328,41.097],[26.333,41.064],[26.354,41.037],[26.354,40.997],[26.331,40.954],[26.241,40.883],[26.179,40.827],[26.109,40.75],[26.07,40.74],[26.039,40.727],[26.011,40.769],[25.856,40.844],[25.497,40.888],[25.325,40.943],[25.25,40.933],[25.104,40.995],[25.005,40.968],[24.793,40.858],[24.679,40.869],[24.557,40.936],[24.477,40.948],[24.384,40.913],[24.234,40.786],[24.082,40.724],[23.946,40.748],[23.763,40.748],[23.743,40.677],[23.779,40.628],[23.879,40.544],[23.832,40.482],[23.867,40.419],[23.932,40.406],[24.031,40.409],[24.213,40.328],[24.292,40.242],[24.343,40.148],[24.232,40.215],[24.159,40.28],[24.056,40.304],[23.913,40.359],[23.823,40.368],[23.728,40.33],[23.721,40.286],[23.823,40.205],[23.918,40.155],[23.967,40.115],[24.001,40.025],[23.982,39.994],[23.947,39.966],[23.835,40.022],[23.665,40.224],[23.426,40.264],[23.386,40.222],[23.433,40.115],[23.467,40.074],[23.674,39.959],[23.658,39.934],[23.627,39.924],[23.396,39.99],[23.328,40.09],[23.312,40.216],[23.098,40.304],[22.896,40.4],[22.851,40.491],[22.893,40.524],[22.922,40.591],[22.811,40.579],[22.742,40.536],[22.629,40.496],[22.625,40.429],[22.643,40.367],[22.605,40.276],[22.569,40.119],[22.592,40.037],[22.836,39.801],[22.919,39.629],[22.979,39.564],[23.103,39.492],[23.233,39.358],[23.288,39.289],[23.328,39.175],[23.218,39.104],[23.155,39.101],[23.119,39.133],[23.169,39.21],[23.162,39.258],[22.993,39.331],[22.921,39.306],[22.839,39.259],[22.886,39.17],[22.939,39.112],[22.966,39.031],[23.067,39.038],[22.93,38.948],[22.803,38.902],[22.677,38.899],[22.597,38.891],[22.569,38.867],[22.634,38.851],[22.688,38.849],[22.774,38.8],[23.02,38.742],[23.138,38.668],[23.253,38.661],[23.369,38.526],[23.57,38.489],[23.684,38.352],[23.836,38.325],[23.967,38.275],[24.005,38.227],[24.025,38.14],[24.033,37.955],[24.061,37.818],[24.062,37.775],[24.055,37.71],[24.02,37.678],[23.972,37.677],[23.877,37.778],[23.733,37.884],[23.58,38.011],[23.537,38.033],[23.502,38.035],[23.42,37.992],[23.194,37.959],[23.087,37.913],[23.047,37.903],[23.036,37.878],[23.086,37.853],[23.147,37.795],[23.147,37.716],[23.198,37.62],[23.263,37.595],[23.348,37.598],[23.396,37.58],[23.409,37.542],[23.458,37.497],[23.491,37.464],[23.489,37.44],[23.253,37.377],[23.203,37.349],[23.162,37.334],[23.1,37.364],[23.096,37.441],[23.015,37.482],[22.941,37.517],[22.851,37.532],[22.775,37.585],[22.725,37.542],[22.765,37.393],[22.851,37.291],[22.995,37.016],[23.06,36.854],[23.074,36.775],[23.041,36.645],[23.112,36.548],[23.16,36.448],[23.107,36.452],[23.061,36.487],[22.983,36.528],[22.832,36.687],[22.78,36.786],[22.717,36.794],[22.608,36.78],[22.489,36.568],[22.489,36.447],[22.428,36.476],[22.375,36.514],[22.381,36.646],[22.376,36.702],[22.231,36.883],[22.165,36.903],[22.134,36.964],[22.08,37.029],[22.012,37.017],[21.956,36.99],[21.94,36.892],[21.934,36.804],[21.892,36.737],[21.738,36.863],[21.583,37.081],[21.579,37.2],[21.692,37.309],[21.679,37.387],[21.571,37.541],[21.416,37.64],[21.329,37.669],[21.288,37.775],[21.205,37.829],[21.138,37.854],[21.125,37.892],[21.145,37.919],[21.308,38.027],[21.404,38.197],[21.451,38.205],[21.549,38.165],[21.658,38.175],[21.748,38.274],[21.825,38.328],[21.953,38.321],[22.244,38.189],[22.556,38.113],[22.712,38.047],[22.8,37.981],[22.846,37.968],[22.92,37.958],[22.917,38.007],[22.893,38.051],[22.955,38.075],[23.122,38.073],[23.153,38.096],[23.183,38.134],[23.149,38.176],[23.094,38.196],[23.034,38.202],[22.995,38.216],[22.933,38.202],[22.834,38.235],[22.784,38.262],[22.754,38.29],[22.583,38.345],[22.422,38.439],[22.385,38.386],[22.32,38.357],[22.227,38.353],[21.965,38.412],[21.805,38.367],[21.717,38.355],[21.65,38.354],[21.568,38.334],[21.473,38.321],[21.39,38.408],[21.355,38.475],[21.331,38.487],[21.33,38.424],[21.303,38.374],[21.183,38.346],[21.113,38.385],[21.06,38.503],[20.992,38.654],[20.873,38.776],[20.777,38.808],[20.769,38.874],[20.777,38.928],[20.893,38.941],[21.074,38.885],[21.112,38.896],[21.152,38.922],[21.145,38.979],[21.118,39.03],[21.069,39.032],[21.034,39.026],[20.923,39.037],[20.78,39.009],[20.713,39.035],[20.691,39.067],[20.572,39.148],[20.468,39.255],[20.301,39.327],[20.191,39.546],[20.099,39.641],[20.001,39.709],[20.023,39.711],[20.06,39.699],[20.131,39.662],[20.207,39.654],[20.248,39.678],[20.272,39.701],[20.288,39.739],[20.294,39.782],[20.306,39.797],[20.364,39.792],[20.382,39.803],[20.382,39.842],[20.344,39.891],[20.311,39.951],[20.311,39.979],[20.338,39.991],[20.384,40.017],[20.408,40.049],[20.456,40.066],[20.527,40.069],[20.606,40.083],[20.657,40.117],[20.665,40.152],[20.697,40.246],[20.718,40.293],[20.752,40.335],[20.77,40.392],[20.806,40.445],[20.882,40.468],[20.95,40.494],[21.002,40.563],[21.031,40.622],[21.031,40.659],[20.988,40.718],[20.956,40.775],[20.964,40.85],[21.1,40.856],[21.148,40.863],[21.324,40.867],[21.404,40.907],[21.46,40.904],[21.576,40.869],[21.628,40.896],[21.779,40.95],[21.929,41.107],[21.993,41.131],[22.139,41.141],[22.184,41.159],[22.238,41.155],[22.401,41.123],[22.494,41.119],[22.604,41.14],[22.725,41.179],[22.755,41.313],[22.784,41.332],[22.859,41.337],[22.916,41.336],[23.026,41.326],[23.156,41.322],[23.24,41.385],[23.372,41.39],[23.433,41.399],[23.536,41.386],[23.635,41.387],[23.762,41.413],[23.881,41.456],[23.974,41.452],[24.011,41.46],[24.033,41.469],[24.056,41.527],[24.23,41.531],[24.289,41.525],[24.387,41.524],[24.488,41.555],[24.518,41.553],[24.569,41.467],[24.596,41.443],[24.651,41.42],[24.774,41.356],[24.796,41.373],[24.847,41.394],[24.994,41.365],[25.133,41.316],[25.251,41.244],[25.382,41.264],[25.527,41.3],[25.621,41.31],[25.724,41.315],[25.785,41.33],[25.923,41.312],[26.066,41.351],[26.135,41.386],[26.155,41.435],[26.144,41.522],[26.111,41.608],[26.077,41.64],[26.066,41.673],[26.086,41.704],[26.107,41.726],[26.201,41.744],[26.321,41.717]]]]}},{"type":"Feature","properties":{"ISO_A2_EH":"DE"},"geometry":{"type":"MultiPolygon","coordinates":[[[[9.524,47.524],[9.35,47.599],[9.183,47.671],[9.128,47.671],[8.881,47.656],[8.874,47.663],[8.831,47.704],[8.793,47.717],[8.77,47.71],[8.755,47.698],[8.728,47.7],[8.618,47.766],[8.573,47.776],[8.51,47.767],[8.436,47.731],[8.403,47.688],[8.413,47.663],[8.452,47.652],[8.552,47.659],[8.567,47.652],[8.571,47.638],[8.559,47.624],[8.478,47.613],[8.454,47.596],[8.43,47.592],[8.415,47.59],[8.328,47.607],[8.198,47.607],[8.094,47.576],[7.927,47.564],[7.698,47.57],[7.616,47.593],[7.565,47.607],[7.529,47.674],[7.539,47.774],[7.593,47.906],[7.608,48.003],[7.584,48.064],[7.617,48.157],[7.706,48.28],[7.765,48.41],[7.795,48.547],[7.838,48.636],[7.923,48.699],[8.124,48.873],[8.14,48.886],[8.135,48.974],[8.081,48.986],[8.001,49.011],[7.799,49.042],[7.611,49.062],[7.525,49.086],[7.451,49.152],[7.404,49.153],[7.313,49.13],[7.2,49.114],[7.117,49.128],[7.066,49.125],[7.037,49.113],[7.022,49.123],[7.001,49.18],[6.958,49.195],[6.891,49.208],[6.85,49.202],[6.821,49.174],[6.776,49.154],[6.735,49.161],[6.608,49.291],[6.575,49.32],[6.566,49.346],[6.534,49.395],[6.458,49.443],[6.382,49.458],[6.344,49.453],[6.348,49.513],[6.378,49.6],[6.407,49.645],[6.445,49.682],[6.485,49.708],[6.494,49.754],[6.487,49.798],[6.441,49.805],[6.325,49.838],[6.256,49.872],[6.205,49.915],[6.138,49.974],[6.11,50.034],[6.108,50.094],[6.117,50.121],[6.121,50.139],[6.175,50.233],[6.364,50.316],[6.344,50.4],[6.341,50.452],[6.295,50.485],[6.203,50.499],[6.179,50.523],[6.168,50.545],[6.236,50.597],[6.154,50.637],[6.119,50.679],[6.006,50.732],[5.994,50.75],[6.048,50.905],[6.007,50.95],[5.955,50.973],[5.895,50.984],[5.867,51.006],[5.858,51.03],[5.868,51.045],[5.939,51.041],[5.961,51.057],[6.13,51.147],[6.137,51.165],[6.113,51.175],[6.082,51.18],[6.075,51.199],[6.076,51.224],[6.166,51.355],[6.193,51.411],[6.199,51.45],[6.193,51.489],[6.142,51.55],[6.091,51.599],[6.089,51.638],[6.053,51.658],[5.949,51.762],[5.949,51.803],[6.008,51.834],[6.09,51.854],[6.117,51.87],[6.167,51.881],[6.297,51.851],[6.356,51.825],[6.372,51.83],[6.425,51.858],[6.518,51.854],[6.742,51.911],[6.775,51.938],[6.8,51.967],[6.802,51.98],[6.716,52.036],[6.713,52.057],[6.725,52.08],[6.749,52.099],[6.8,52.111],[6.855,52.136],[6.977,52.206],[7.02,52.266],[7.033,52.331],[7.035,52.38],[7.002,52.419],[6.968,52.444],[6.922,52.44],[6.833,52.442],[6.749,52.464],[6.703,52.499],[6.692,52.53],[6.712,52.55],[6.719,52.574],[6.705,52.598],[6.711,52.618],[6.748,52.634],[7.013,52.634],[7.033,52.651],[7.051,52.745],[7.117,52.887],[7.179,52.966],[7.19,53],[7.189,53.187],[7.197,53.282],[7.152,53.327],[7.053,53.376],[7.074,53.478],[7.107,53.557],[7.206,53.655],[7.285,53.681],[7.629,53.697],[8.009,53.691],[8.167,53.543],[8.108,53.468],[8.201,53.432],[8.245,53.445],[8.279,53.511],[8.302,53.584],[8.334,53.606],[8.451,53.552],[8.493,53.514],[8.495,53.394],[8.538,53.557],[8.506,53.671],[8.528,53.781],[8.576,53.838],[8.619,53.875],[8.898,53.836],[9.206,53.856],[9.322,53.813],[9.585,53.6],[9.673,53.566],[9.784,53.555],[9.631,53.6],[9.312,53.859],[9.216,53.891],[9.07,53.901],[8.978,53.926],[8.92,53.965],[8.904,54],[8.907,54.261],[8.852,54.3],[8.78,54.313],[8.736,54.295],[8.645,54.295],[8.626,54.354],[8.648,54.398],[8.831,54.428],[8.952,54.468],[8.957,54.538],[8.881,54.594],[8.79,54.696],[8.682,54.792],[8.67,54.903],[8.671,54.903],[8.857,54.901],[8.903,54.897],[9.186,54.845],[9.255,54.808],[9.342,54.806],[9.499,54.84],[9.616,54.855],[9.661,54.834],[9.725,54.826],[9.74,54.826],[9.746,54.807],[9.892,54.781],[9.954,54.738],[10.022,54.674],[10.029,54.581],[9.941,54.515],[9.869,54.472],[10.143,54.488],[10.171,54.45],[10.212,54.409],[10.36,54.438],[10.732,54.316],[10.956,54.376],[11.013,54.379],[11.064,54.281],[11.009,54.181],[10.811,54.075],[10.855,54.01],[10.918,53.995],[11.104,54.009],[11.4,53.945],[11.461,53.965],[11.701,54.114],[11.796,54.145],[12.111,54.168],[12.169,54.226],[12.296,54.284],[12.379,54.347],[12.575,54.467],[12.779,54.446],[12.898,54.423],[13.029,54.411],[13.147,54.283],[13.448,54.141],[13.724,54.153],[13.822,54.019],[13.866,53.853],[13.95,53.801],[14.025,53.767],[14.25,53.732],[14.259,53.73],[14.266,53.707],[14.28,53.625],[14.299,53.556],[14.415,53.283],[14.412,53.217],[14.411,53.199],[14.369,53.106],[14.293,53.027],[14.194,52.982],[14.139,52.933],[14.129,52.878],[14.254,52.783],[14.514,52.646],[14.619,52.529],[14.57,52.431],[14.555,52.36],[14.574,52.314],[14.616,52.278],[14.68,52.25],[14.705,52.207],[14.692,52.15],[14.705,52.11],[14.753,52.082],[14.748,52.071],[14.725,52.031],[14.693,51.958],[14.675,51.905],[14.602,51.832],[14.624,51.771],[14.681,51.698],[14.725,51.662],[14.739,51.627],[14.711,51.545],[14.725,51.524],[14.906,51.463],[14.936,51.435],[14.953,51.377],[15.017,51.253],[14.964,51.095],[14.917,51.009],[14.814,50.872],[14.809,50.859],[14.797,50.842],[14.767,50.818],[14.723,50.815],[14.658,50.833],[14.614,50.856],[14.624,50.915],[14.595,50.919],[14.56,50.955],[14.546,50.994],[14.507,51.01],[14.367,51.026],[14.32,51.038],[14.283,51.029],[14.256,51.002],[14.273,50.977],[14.299,50.953],[14.377,50.914],[14.369,50.899],[14.202,50.861],[14.096,50.823],[13.998,50.801],[13.899,50.761],[13.701,50.717],[13.557,50.705],[13.527,50.693],[13.473,50.617],[13.436,50.601],[13.401,50.609],[13.375,50.622],[13.341,50.611],[13.306,50.586],[13.27,50.576],[13.238,50.577],[13.181,50.51],[13.016,50.49],[12.997,50.456],[12.967,50.416],[12.943,50.406],[12.868,50.422],[12.765,50.431],[12.706,50.409],[12.636,50.397],[12.549,50.393],[12.453,50.35],[12.359,50.273],[12.306,50.206],[12.277,50.181],[12.231,50.245],[12.175,50.288],[12.135,50.311],[12.099,50.311],[12.09,50.302],[12.09,50.269],[12.128,50.213],[12.175,50.176],[12.183,50.148],[12.208,50.098],[12.276,50.042],[12.384,49.999],[12.458,49.956],[12.512,49.896],[12.513,49.877],[12.498,49.853],[12.472,49.83],[12.45,49.8],[12.391,49.74],[12.408,49.713],[12.457,49.68],[12.5,49.64],[12.556,49.575],[12.632,49.461],[12.681,49.415],[12.748,49.366],[12.813,49.329],[12.917,49.33],[13.024,49.26],[13.141,49.158],[13.228,49.112],[13.289,49.097],[13.339,49.061],[13.384,49.008],[13.401,48.978],[13.441,48.956],[13.548,48.96],[13.685,48.877],[13.77,48.816],[13.815,48.767],[13.803,48.748],[13.797,48.686],[13.799,48.622],[13.785,48.587],[13.724,48.542],[13.692,48.533],[13.675,48.523],[13.487,48.582],[13.472,48.572],[13.46,48.565],[13.409,48.394],[13.375,48.361],[13.323,48.331],[13.215,48.302],[13.14,48.29],[13.082,48.275],[12.897,48.204],[12.814,48.161],[12.76,48.107],[12.76,48.076],[12.85,47.985],[12.954,47.891],[12.954,47.808],[12.908,47.746],[12.898,47.722],[12.928,47.713],[12.986,47.709],[13.034,47.699],[13.054,47.655],[13.048,47.579],[13.032,47.508],[13.014,47.478],[12.968,47.476],[12.879,47.506],[12.809,47.542],[12.783,47.564],[12.781,47.59],[12.796,47.607],[12.771,47.639],[12.686,47.669],[12.594,47.656],[12.527,47.636],[12.483,47.637],[12.436,47.666],[12.363,47.688],[12.268,47.703],[12.209,47.718],[12.197,47.709],[12.204,47.647],[12.186,47.62],[11.717,47.583],[11.574,47.55],[11.47,47.506],[11.393,47.487],[11.374,47.46],[11.298,47.425],[11.212,47.414],[11.191,47.425],[11.136,47.409],[11.042,47.393],[10.981,47.398],[10.952,47.427],[10.894,47.47],[10.871,47.501],[10.873,47.52],[10.742,47.524],[10.659,47.547],[10.483,47.542],[10.439,47.552],[10.43,47.541],[10.404,47.417],[10.369,47.366],[10.313,47.313],[10.241,47.284],[10.183,47.279],[10.186,47.317],[10.2,47.363],[10.159,47.374],[10.096,47.38],[10.066,47.393],[10.074,47.429],[10.06,47.449],[10.034,47.474],[9.972,47.505],[9.839,47.552],[9.749,47.576],[9.715,47.551],[9.651,47.526],[9.549,47.534],[9.524,47.524]]],[[[13.709,54.383],[13.734,54.315],[13.707,54.281],[13.595,54.338],[13.482,54.337],[13.415,54.25],[13.364,54.246],[13.19,54.326],[13.162,54.365],[13.156,54.397],[13.181,54.509],[13.177,54.544],[13.231,54.583],[13.24,54.638],[13.337,54.697],[13.423,54.699],[13.45,54.65],[13.491,54.615],[13.636,54.577],[13.658,54.56],[13.671,54.535],[13.603,54.488],[13.58,54.464],[13.602,54.425],[13.709,54.383]]],[[[14.211,53.95],[14.198,53.919],[14.214,53.871],[14.172,53.874],[14.048,53.863],[13.926,53.879],[13.902,53.939],[13.922,53.997],[13.872,54.036],[13.827,54.06],[13.82,54.093],[13.828,54.127],[14.039,54.035],[14.211,53.95]]],[[[11.283,54.418],[11.129,54.416],[11.071,54.456],[11.012,54.466],[11.043,54.515],[11.085,54.533],[11.234,54.501],[11.28,54.438],[11.283,54.418]]],[[[8.308,54.787],[8.285,54.767],[8.296,54.908],[8.405,55.059],[8.451,55.055],[8.404,55.015],[8.39,54.986],[8.371,54.929],[8.38,54.9],[8.63,54.892],[8.601,54.865],[8.347,54.848],[8.308,54.787]]],[[[8.588,54.713],[8.549,54.688],[8.454,54.691],[8.4,54.714],[8.418,54.739],[8.468,54.757],[8.51,54.76],[8.573,54.749],[8.588,54.713]]]]}},{"type":"Feature","properties":{"ISO_A2_EH":"FR"},"geometry":{"type":"MultiPolygon","coordinates":[[[[9.48,42.805],[9.454,42.659],[9.473,42.616],[9.509,42.586],[9.526,42.553],[9.556,42.161],[9.551,42.13],[9.428,41.972],[9.401,41.926],[9.395,41.731],[9.374,41.679],[9.331,41.627],[9.253,41.46],[9.186,41.385],[9.003,41.477],[8.895,41.516],[8.842,41.559],[8.808,41.588],[8.83,41.628],[8.879,41.669],[8.887,41.701],[8.771,41.737],[8.718,41.761],[8.719,41.804],[8.759,41.87],[8.74,41.925],[8.674,41.922],[8.622,41.931],[8.615,41.959],[8.653,41.996],[8.703,42.043],[8.701,42.096],[8.642,42.118],[8.588,42.161],[8.566,42.219],[8.608,42.258],[8.675,42.284],[8.626,42.343],[8.592,42.345],[8.566,42.358],[8.588,42.385],[8.64,42.427],[8.713,42.55],[8.815,42.608],[8.995,42.645],[9.044,42.662],[9.088,42.705],[9.138,42.733],[9.198,42.729],[9.254,42.712],[9.288,42.695],[9.313,42.713],[9.338,42.767],[9.323,42.814],[9.331,42.944],[9.363,43.017],[9.415,43.021],[9.463,42.981],[9.461,42.945],[9.479,42.86],[9.48,42.805]]],[[[7.616,47.593],[7.495,47.547],[7.467,47.508],[7.42,47.455],[7.343,47.433],[7.266,47.426],[7.203,47.433],[7.167,47.454],[7.169,47.473],[7.136,47.49],[7.053,47.489],[6.968,47.453],[6.9,47.394],[6.921,47.361],[6.984,47.353],[7.001,47.339],[7.001,47.323],[6.979,47.302],[6.952,47.267],[6.821,47.163],[6.688,47.058],[6.667,47.027],[6.625,47.004],[6.456,46.948],[6.439,46.926],[6.429,46.832],[6.41,46.755],[6.285,46.683],[6.161,46.611],[6.13,46.567],[6.107,46.516],[6.068,46.459],[6.06,46.428],[6.123,46.379],[6.116,46.338],[6.096,46.279],[6.036,46.238],[5.97,46.215],[5.971,46.151],[6.007,46.142],[6.087,46.147],[6.199,46.193],[6.273,46.252],[6.23,46.308],[6.224,46.319],[6.235,46.333],[6.322,46.394],[6.429,46.431],[6.578,46.437],[6.758,46.416],[6.776,46.407],[6.767,46.369],[6.784,46.314],[6.817,46.275],[6.772,46.165],[6.806,46.131],[6.858,46.089],[6.897,46.052],[6.954,46.017],[7.004,45.959],[7.021,45.926],[6.941,45.868],[6.804,45.815],[6.789,45.78],[6.791,45.741],[6.806,45.71],[6.881,45.67],[6.962,45.581],[7.014,45.5],[7.126,45.424],[7.153,45.401],[7.146,45.382],[7.117,45.349],[7.078,45.24],[7.032,45.223],[6.981,45.216],[6.842,45.136],[6.78,45.145],[6.692,45.144],[6.628,45.118],[6.635,45.068],[6.691,45.023],[6.725,44.973],[6.738,44.921],[6.801,44.883],[6.889,44.86],[6.94,44.859],[6.973,44.845],[6.993,44.827],[7.031,44.717],[7.008,44.689],[6.96,44.677],[6.932,44.632],[6.875,44.565],[6.843,44.511],[6.879,44.463],[6.894,44.428],[6.875,44.392],[6.9,44.336],[6.967,44.28],[7.149,44.202],[7.319,44.138],[7.371,44.127],[7.599,44.168],[7.637,44.165],[7.665,44.116],[7.677,44.083],[7.651,44.034],[7.59,43.965],[7.523,43.911],[7.482,43.865],[7.491,43.823],[7.493,43.767],[7.439,43.75],[7.437,43.761],[7.414,43.771],[7.395,43.765],[7.38,43.753],[7.378,43.732],[7.262,43.696],[7.181,43.659],[6.865,43.438],[6.717,43.374],[6.687,43.335],[6.657,43.262],[6.57,43.199],[6.494,43.169],[6.305,43.139],[6.116,43.072],[6.031,43.101],[5.809,43.098],[5.672,43.178],[5.407,43.229],[5.32,43.345],[5.2,43.352],[5.12,43.349],[5.073,43.367],[5.061,43.406],[5.06,43.445],[4.976,43.427],[4.912,43.427],[4.874,43.412],[4.844,43.394],[4.808,43.405],[4.787,43.401],[4.789,43.379],[4.712,43.373],[4.629,43.387],[4.41,43.447],[4.376,43.456],[4.224,43.48],[4.163,43.504],[4.113,43.563],[4.075,43.582],[4.053,43.593],[3.911,43.563],[3.862,43.516],[3.785,43.462],[3.259,43.193],[3.163,43.081],[3.052,42.915],[3.043,42.838],[3.091,42.591],[3.198,42.461],[3.211,42.431],[3.152,42.431],[3.053,42.447],[2.97,42.467],[2.891,42.456],[2.816,42.429],[2.749,42.413],[2.702,42.408],[2.67,42.393],[2.655,42.362],[2.652,42.34],[2.568,42.346],[2.374,42.39],[2.2,42.421],[2.098,42.386],[2.033,42.354],[1.987,42.358],[1.951,42.393],[1.928,42.426],[1.86,42.457],[1.706,42.503],[1.714,42.526],[1.74,42.557],[1.739,42.576],[1.71,42.604],[1.568,42.635],[1.501,42.643],[1.459,42.622],[1.428,42.596],[1.349,42.691],[1.293,42.71],[1.208,42.713],[1.111,42.742],[1.01,42.779],[0.764,42.838],[0.697,42.845],[0.67,42.836],[0.652,42.8],[0.642,42.701],[0.632,42.69],[0.518,42.686],[0.377,42.7],[0.313,42.693],[0.255,42.693],[0.201,42.719],[-0.041,42.689],[-0.081,42.704],[-0.14,42.749],[-0.205,42.785],[-0.256,42.804],[-0.299,42.825],[-0.339,42.829],[-0.398,42.808],[-0.481,42.799],[-0.55,42.802],[-0.586,42.799],[-0.74,42.91],[-0.763,42.94],[-0.839,42.948],[-0.934,42.95],[-1.175,43.021],[-1.285,43.06],[-1.302,43.082],[-1.3,43.101],[-1.319,43.097],[-1.353,43.064],[-1.371,43.038],[-1.394,43.033],[-1.429,43.037],[-1.461,43.052],[-1.48,43.071],[-1.459,43.105],[-1.423,43.149],[-1.407,43.197],[-1.411,43.24],[-1.472,43.268],[-1.561,43.279],[-1.627,43.282],[-1.713,43.307],[-1.753,43.325],[-1.793,43.373],[-1.794,43.407],[-1.631,43.438],[-1.485,43.564],[-1.346,44.02],[-1.246,44.56],[-1.171,44.662],[-1.077,44.69],[-1.153,44.764],[-1.2,44.726],[-1.22,44.687],[-1.245,44.667],[-1.189,45.161],[-1.149,45.343],[-1.081,45.532],[-0.942,45.457],[-0.826,45.381],[-0.767,45.314],[-0.691,45.093],[-0.634,45.047],[-0.548,45.001],[-0.582,45.051],[-0.641,45.09],[-0.733,45.385],[-0.791,45.468],[-0.881,45.538],[-1.17,45.686],[-1.196,45.714],[-1.21,45.771],[-1.114,45.769],[-1.032,45.741],[-1.042,45.773],[-1.066,45.806],[-1.104,45.925],[-1.136,46.205],[-1.132,46.253],[-1.146,46.311],[-1.239,46.325],[-1.313,46.327],[-1.392,46.35],[-1.787,46.515],[-1.921,46.685],[-2.059,46.81],[-2.092,46.865],[-2.09,46.921],[-2.019,47.038],[-2.082,47.112],[-2.144,47.126],[-2.197,47.163],[-2.149,47.224],[-2.108,47.263],[-2.028,47.274],[-1.922,47.261],[-1.821,47.225],[-1.743,47.216],[-1.975,47.311],[-2.353,47.279],[-2.434,47.291],[-2.503,47.312],[-2.53,47.382],[-2.476,47.413],[-2.428,47.471],[-2.483,47.512],[-2.554,47.527],[-2.666,47.526],[-2.77,47.514],[-2.797,47.537],[-2.733,47.602],[-2.787,47.626],[-2.859,47.614],[-2.964,47.601],[-3.064,47.621],[-3.159,47.695],[-3.222,47.694],[-3.265,47.685],[-3.329,47.713],[-3.396,47.72],[-3.444,47.711],[-3.508,47.753],[-3.901,47.838],[-4.071,47.848],[-4.226,47.81],[-4.312,47.823],[-4.375,47.877],[-4.428,47.969],[-4.679,48.04],[-4.629,48.086],[-4.512,48.097],[-4.378,48.129],[-4.329,48.17],[-4.435,48.218],[-4.512,48.23],[-4.544,48.247],[-4.577,48.29],[-4.531,48.31],[-4.498,48.299],[-4.403,48.293],[-4.241,48.304],[-4.302,48.347],[-4.364,48.357],[-4.393,48.368],[-4.525,48.372],[-4.585,48.358],[-4.719,48.363],[-4.749,48.41],[-4.763,48.45],[-4.721,48.54],[-4.531,48.62],[-4.059,48.708],[-3.856,48.695],[-3.715,48.71],[-3.546,48.766],[-3.471,48.813],[-3.231,48.841],[-3.003,48.791],[-2.793,48.601],[-2.692,48.537],[-2.446,48.648],[-2.079,48.645],[-2.004,48.582],[-1.973,48.635],[-1.906,48.697],[-1.852,48.669],[-1.825,48.631],[-1.438,48.641],[-1.376,48.653],[-1.48,48.698],[-1.565,48.806],[-1.583,49.202],[-1.69,49.313],[-1.813,49.49],[-1.87,49.595],[-1.875,49.631],[-1.856,49.684],[-1.705,49.681],[-1.588,49.668],[-1.366,49.707],[-1.259,49.68],[-1.265,49.598],[-1.232,49.495],[-1.195,49.445],[-1.139,49.388],[-0.959,49.393],[-0.766,49.36],[-0.521,49.355],[-0.163,49.297],[-0.011,49.33],[0.136,49.402],[0.417,49.448],[0.439,49.473],[0.278,49.463],[0.129,49.508],[0.109,49.558],[0.127,49.602],[0.187,49.703],[0.616,49.863],[0.924,49.91],[1.246,49.998],[1.407,50.089],[1.514,50.205],[1.548,50.231],[1.593,50.252],[1.552,50.294],[1.579,50.739],[1.61,50.819],[1.672,50.885],[1.768,50.936],[1.913,50.991],[2.446,51.067],[2.525,51.097],[2.536,51.05],[2.575,50.989],[2.601,50.955],[2.579,50.912],[2.597,50.876],[2.669,50.811],[2.759,50.751],[2.84,50.712],[2.862,50.716],[2.922,50.727],[3.023,50.767],[3.107,50.779],[3.155,50.749],[3.182,50.732],[3.235,50.663],[3.25,50.591],[3.273,50.532],[3.316,50.507],[3.477,50.499],[3.595,50.477],[3.627,50.457],[3.667,50.325],[3.689,50.306],[3.719,50.322],[3.748,50.344],[3.789,50.347],[3.858,50.339],[3.95,50.336],[4.044,50.321],[4.175,50.246],[4.17,50.222],[4.144,50.178],[4.135,50.144],[4.158,50.13],[4.192,50.094],[4.184,50.053],[4.15,50.024],[4.137,50],[4.137,49.984],[4.149,49.972],[4.176,49.96],[4.369,49.945],[4.545,49.96],[4.656,50.002],[4.675,50.047],[4.707,50.097],[4.773,50.139],[4.819,50.153],[4.861,50.136],[4.79,49.96],[4.842,49.915],[4.849,49.847],[4.868,49.788],[4.931,49.789],[5.007,49.778],[5.061,49.757],[5.124,49.721],[5.215,49.689],[5.279,49.678],[5.302,49.651],[5.354,49.62],[5.435,49.554],[5.507,49.511],[5.542,49.511],[5.61,49.528],[5.71,49.539],[5.79,49.538],[5.823,49.505],[5.901,49.49],[5.929,49.478],[5.959,49.455],[6.011,49.445],[6.074,49.455],[6.12,49.485],[6.181,49.499],[6.242,49.494],[6.277,49.478],[6.344,49.453],[6.382,49.458],[6.458,49.443],[6.534,49.395],[6.566,49.346],[6.575,49.32],[6.608,49.291],[6.735,49.161],[6.776,49.154],[6.821,49.174],[6.85,49.202],[6.891,49.208],[6.958,49.195],[7.001,49.18],[7.022,49.123],[7.037,49.113],[7.066,49.125],[7.117,49.128],[7.2,49.114],[7.313,49.13],[7.404,49.153],[7.451,49.152],[7.525,49.086],[7.611,49.062],[7.799,49.042],[8.001,49.011],[8.081,48.986],[8.135,48.974],[8.14,48.886],[8.124,48.873],[7.923,48.699],[7.838,48.636],[7.795,48.547],[7.765,48.41],[7.706,48.28],[7.617,48.157],[7.584,48.064],[7.608,48.003],[7.593,47.906],[7.539,47.774],[7.529,47.674],[7.565,47.607],[7.616,47.593]]],[[[-1.178,45.904],[-1.214,45.817],[-1.28,45.897],[-1.369,45.968],[-1.389,46.033],[-1.389,46.05],[-1.285,46.003],[-1.178,45.904]]],[[[45.18,-12.977],[45.118,-12.985],[45.088,-12.958],[45.069,-12.896],[45.088,-12.835],[45.094,-12.786],[45.043,-12.701],[45.092,-12.653],[45.135,-12.709],[45.159,-12.713],[45.223,-12.752],[45.204,-12.824],[45.209,-12.848],[45.179,-12.92],[45.18,-12.977]]],[[[55.797,-21.339],[55.656,-21.369],[55.558,-21.358],[55.363,-21.274],[55.31,-21.217],[55.233,-21.058],[55.25,-21.002],[55.311,-20.904],[55.45,-20.865],[55.596,-20.88],[55.662,-20.906],[55.739,-21.021],[55.839,-21.139],[55.822,-21.278],[55.797,-21.339]]],[[[-60.826,14.494],[-60.837,14.437],[-60.862,14.426],[-60.899,14.474],[-61.064,14.467],[-61.089,14.51],[-61.09,14.53],[-61.011,14.602],[-61.104,14.621],[-61.141,14.652],[-61.22,14.804],[-61.213,14.849],[-61.181,14.872],[-61.127,14.875],[-61.027,14.826],[-60.953,14.756],[-60.927,14.755],[-60.919,14.735],[-60.934,14.686],[-60.889,14.645],[-60.87,14.614],[-60.826,14.494]]],[[[-61.327,16.23],[-61.445,16.219],[-61.522,16.228],[-61.54,16.3],[-61.501,16.36],[-61.529,16.434],[-61.511,16.478],[-61.471,16.507],[-61.406,16.468],[-61.396,16.413],[-61.355,16.363],[-61.173,16.256],[-61.327,16.23]]],[[[-61.59,16.007],[-61.67,15.962],[-61.71,15.976],[-61.759,16.062],[-61.794,16.301],[-61.767,16.34],[-61.748,16.355],[-61.642,16.326],[-61.597,16.292],[-61.552,16.271],[-61.575,16.227],[-61.564,16.048],[-61.59,16.007]]],[[[-61.23,15.89],[-61.286,15.886],[-61.311,15.895],[-61.318,15.955],[-61.275,15.996],[-61.25,16.006],[-61.212,15.96],[-61.203,15.921],[-61.23,15.89]]],[[[-54.616,2.327],[-54.605,2.336],[-54.568,2.343],[-54.536,2.343],[-54.486,2.416],[-54.402,2.462],[-54.257,2.714],[-54.196,2.818],[-54.188,2.875],[-54.171,2.994],[-54.203,3.138],[-54.188,3.179],[-54.063,3.353],[-54.01,3.449],[-54.006,3.531],[-53.99,3.59],[-54.006,3.62],[-54.034,3.629],[-54.082,3.706],[-54.113,3.769],[-54.197,3.834],[-54.256,3.901],[-54.351,4.054],[-54.342,4.14],[-54.369,4.171],[-54.398,4.202],[-54.396,4.241],[-54.416,4.338],[-54.441,4.428],[-54.45,4.485],[-54.426,4.583],[-54.44,4.692],[-54.471,4.749],[-54.48,4.837],[-54.473,4.915],[-54.447,4.959],[-54.452,5.013],[-54.332,5.187],[-54.24,5.288],[-54.156,5.359],[-54.085,5.412],[-53.99,5.676],[-53.92,5.769],[-53.847,5.782],[-53.454,5.563],[-53.27,5.543],[-52.899,5.425],[-52.765,5.273],[-52.454,5.021],[-52.291,4.942],[-52.289,4.876],[-52.325,4.771],[-52.22,4.863],[-52.058,4.717],[-52.012,4.646],[-51.962,4.514],[-51.979,4.43],[-52.002,4.386],[-52.003,4.352],[-51.955,4.399],[-51.928,4.436],[-51.92,4.524],[-51.88,4.634],[-51.828,4.636],[-51.786,4.571],[-51.699,4.287],[-51.666,4.229],[-51.653,4.139],[-51.658,4.098],[-51.653,4.061],[-51.683,4.04],[-51.767,3.993],[-51.805,3.93],[-51.827,3.87],[-51.879,3.829],[-51.929,3.777],[-51.944,3.735],[-51.991,3.702],[-52,3.647],[-52.116,3.452],[-52.163,3.365],[-52.229,3.272],[-52.271,3.237],[-52.328,3.182],[-52.357,3.118],[-52.357,3.052],[-52.396,2.972],[-52.418,2.904],[-52.456,2.864],[-52.555,2.648],[-52.559,2.573],[-52.583,2.529],[-52.653,2.426],[-52.701,2.364],[-52.783,2.317],[-52.87,2.267],[-52.903,2.212],[-52.965,2.184],[-53.01,2.182],[-53.082,2.202],[-53.18,2.211],[-53.23,2.205],[-53.252,2.232],[-53.285,2.295],[-53.334,2.34],[-53.366,2.324],[-53.432,2.279],[-53.509,2.253],[-53.564,2.262],[-53.684,2.293],[-53.735,2.309],[-53.75,2.335],[-53.768,2.355],[-53.794,2.346],[-53.83,2.313],[-53.877,2.278],[-53.946,2.233],[-54.09,2.15],[-54.13,2.121],[-54.167,2.137],[-54.228,2.153],[-54.293,2.154],[-54.433,2.208],[-54.515,2.245],[-54.55,2.293],[-54.592,2.314],[-54.616,2.327]]]]}},{"type":"Feature","properties":{"ISO_A2_EH":"FI"},"geometry":{"type":"MultiPolygon","coordinates":[[[[24.155,65.805],[24.049,65.99],[23.995,66.06],[23.907,66.148],[23.751,66.191],[23.721,66.215],[23.7,66.253],[23.694,66.304],[23.674,66.381],[23.682,66.443],[23.701,66.481],[23.768,66.506],[23.866,66.577],[23.886,66.628],[23.894,66.707],[23.939,66.776],[23.989,66.811],[23.976,66.838],[23.942,66.878],[23.869,66.934],[23.759,67.003],[23.677,67.068],[23.642,67.129],[23.623,67.184],[23.626,67.234],[23.657,67.268],[23.761,67.31],[23.775,67.329],[23.734,67.423],[23.661,67.44],[23.537,67.449],[23.468,67.45],[23.455,67.46],[23.451,67.479],[23.465,67.518],[23.504,67.562],[23.537,67.59],[23.541,67.614],[23.5,67.696],[23.488,67.797],[23.502,67.875],[23.633,67.933],[23.639,67.954],[23.474,68.017],[23.355,68.089],[23.319,68.13],[23.183,68.137],[23.098,68.258],[22.975,68.316],[22.854,68.367],[22.782,68.391],[22.362,68.464],[22.195,68.478],[21.997,68.521],[21.85,68.574],[21.724,68.609],[21.616,68.651],[21.465,68.691],[21.422,68.725],[21.26,68.787],[21.183,68.829],[20.919,68.907],[20.909,68.938],[20.907,68.967],[20.895,68.98],[20.622,69.037],[20.676,69.069],[20.889,69.071],[21.066,69.042],[21.104,69.054],[21.128,69.081],[21.053,69.187],[21.066,69.214],[21.144,69.247],[21.267,69.274],[21.461,69.277],[21.594,69.274],[21.622,69.271],[21.82,69.154],[21.989,69.041],[22.08,68.993],[22.3,68.856],[22.383,68.777],[22.411,68.72],[22.501,68.72],[22.811,68.695],[23.072,68.674],[23.144,68.643],[23.324,68.649],[23.463,68.678],[23.707,68.714],[23.773,68.758],[23.854,68.806],[23.997,68.798],[24.154,68.761],[24.332,68.712],[24.491,68.689],[24.703,68.653],[24.802,68.606],[24.941,68.593],[25.087,68.64],[25.173,68.765],[25.249,68.821],[25.357,68.862],[25.481,68.881],[25.575,68.887],[25.647,68.919],[25.748,68.99],[25.768,69.076],[25.749,69.231],[25.767,69.283],[25.85,69.367],[25.962,69.589],[26.012,69.653],[26.072,69.692],[26.156,69.715],[26.308,69.782],[26.525,69.915],[26.584,69.926],[26.74,69.933],[26.934,69.928],[27.109,69.905],[27.128,69.906],[27.206,69.919],[27.348,69.96],[27.592,70.042],[27.748,70.065],[27.89,70.062],[28.047,69.972],[28.269,69.871],[28.412,69.823],[28.8,69.731],[29.142,69.671],[29.333,69.473],[29.239,69.394],[29.192,69.367],[29.025,69.288],[28.846,69.177],[28.833,69.119],[28.892,69.061],[28.966,69.022],[28.899,69.01],[28.692,68.961],[28.566,68.928],[28.414,68.904],[28.454,68.872],[28.706,68.866],[28.745,68.856],[28.773,68.84],[28.778,68.814],[28.752,68.771],[28.479,68.538],[28.471,68.488],[28.56,68.351],[28.685,68.19],[29.063,68.118],[29.344,68.062],[29.524,67.929],[29.822,67.754],[29.979,67.689],[29.988,67.668],[29.941,67.547],[29.751,67.426],[29.572,67.324],[29.388,67.201],[29.243,67.097],[29.087,66.971],[29.069,66.93],[29.066,66.892],[29.093,66.849],[29.293,66.696],[29.371,66.617],[29.464,66.532],[29.544,66.44],[29.591,66.357],[29.671,66.276],[29.721,66.235],[29.804,66.177],[29.903,66.091],[29.937,66.023],[30.088,65.787],[30.103,65.726],[30.095,65.682],[30.029,65.671],[29.883,65.664],[29.724,65.634],[29.716,65.625],[29.819,65.569],[29.728,65.473],[29.715,65.337],[29.617,65.265],[29.608,65.249],[29.612,65.235],[29.63,65.224],[29.811,65.205],[29.826,65.185],[29.827,65.145],[29.811,65.108],[29.72,65.08],[29.622,65.04],[29.601,65.002],[29.604,64.968],[29.638,64.912],[29.702,64.846],[29.783,64.804],[30.073,64.765],[30.11,64.733],[30.126,64.688],[30.12,64.645],[29.986,64.558],[29.987,64.524],[30.042,64.443],[30.108,64.366],[30.391,64.282],[30.488,64.237],[30.514,64.2],[30.528,64.141],[30.526,64.077],[30.504,64.021],[30.415,63.948],[30.21,63.803],[30.004,63.747],[29.992,63.735],[30.055,63.689],[30.419,63.504],[30.655,63.417],[30.975,63.301],[31.181,63.208],[31.247,63.142],[31.337,63.068],[31.437,63.008],[31.509,62.955],[31.537,62.922],[31.534,62.885],[31.437,62.776],[31.382,62.692],[31.286,62.568],[31.187,62.481],[30.936,62.324],[30.566,62.128],[30.48,62.068],[30.306,61.965],[30.01,61.757],[29.933,61.712],[29.69,61.546],[29.579,61.493],[29.492,61.444],[29.252,61.288],[28.993,61.169],[28.739,61.059],[28.663,61.003],[28.568,60.96],[28.455,60.92],[28.407,60.897],[28.152,60.746],[27.798,60.536],[27.762,60.533],[27.669,60.499],[27.525,60.491],[27.462,60.465],[27.242,60.539],[27.205,60.543],[27.076,60.525],[26.951,60.471],[26.721,60.455],[26.607,60.438],[26.535,60.413],[26.52,60.472],[26.551,60.546],[26.602,60.596],[26.606,60.628],[26.569,60.625],[26.496,60.552],[26.456,60.467],[26.378,60.424],[26.205,60.407],[26.036,60.475],[25.956,60.474],[26.006,60.425],[26.04,60.372],[26.036,60.342],[25.946,60.347],[25.846,60.315],[25.758,60.268],[25.715,60.267],[25.656,60.333],[25.548,60.302],[25.456,60.261],[25.268,60.248],[25.156,60.194],[24.958,60.157],[24.849,60.158],[24.6,60.114],[24.518,60.046],[24.446,60.021],[24.343,60.042],[24.025,60.009],[23.722,59.966],[23.593,59.968],[23.464,59.986],[23.327,59.926],[23.181,59.845],[23.021,59.816],[22.964,59.826],[23.01,59.869],[23.116,59.913],[23.188,59.972],[23.198,60.022],[23.148,60.041],[23.08,60.047],[22.994,60.099],[22.912,60.21],[22.867,60.216],[22.844,60.187],[22.819,60.101],[22.793,60.077],[22.75,60.057],[22.697,60.038],[22.646,60.028],[22.463,60.029],[22.439,60.072],[22.439,60.09],[22.471,60.147],[22.443,60.157],[22.47,60.201],[22.513,60.199],[22.564,60.206],[22.59,60.228],[22.588,60.256],[22.517,60.263],[22.512,60.281],[22.576,60.359],[22.585,60.381],[22.56,60.385],[22.521,60.377],[22.258,60.401],[21.934,60.5],[21.854,60.505],[21.805,60.594],[21.727,60.583],[21.613,60.531],[21.528,60.57],[21.436,60.596],[21.411,60.637],[21.412,60.697],[21.404,60.767],[21.379,60.85],[21.361,60.967],[21.378,61.059],[21.451,61.127],[21.479,61.171],[21.513,61.281],[21.521,61.411],[21.502,61.455],[21.507,61.484],[21.565,61.484],[21.552,61.51],[21.527,61.523],[21.498,61.552],[21.522,61.567],[21.592,61.568],[21.598,61.578],[21.606,61.592],[21.552,61.667],[21.546,61.703],[21.471,61.812],[21.385,61.915],[21.256,61.99],[21.302,62.113],[21.354,62.224],[21.343,62.277],[21.323,62.343],[21.166,62.414],[21.142,62.515],[21.104,62.623],[21.118,62.689],[21.144,62.74],[21.196,62.791],[21.458,62.95],[21.474,63.033],[21.651,63.039],[21.569,63.114],[21.549,63.156],[21.545,63.204],[21.8,63.238],[21.896,63.21],[22.12,63.244],[22.32,63.31],[22.316,63.346],[22.286,63.377],[22.243,63.438],[22.273,63.455],[22.346,63.442],[22.313,63.473],[22.319,63.504],[22.398,63.491],[22.528,63.58],[22.532,63.648],[22.756,63.683],[23.014,63.822],[23.134,63.865],[23.249,63.896],[23.494,64.034],[23.599,64.041],[23.653,64.134],[23.861,64.258],[23.925,64.274],[24.022,64.386],[24.278,64.515],[24.441,64.68],[24.53,64.739],[24.558,64.801],[24.658,64.806],[24.748,64.852],[24.942,64.884],[25.134,64.875],[25.214,64.853],[25.288,64.86],[25.281,64.916],[25.228,64.951],[25.271,64.984],[25.373,65.009],[25.362,65.065],[25.34,65.099],[25.256,65.143],[25.298,65.243],[25.308,65.353],[25.348,65.479],[25.242,65.546],[24.839,65.66],[24.764,65.656],[24.675,65.671],[24.582,65.757],[24.623,65.832],[24.628,65.859],[24.592,65.858],[24.533,65.822],[24.404,65.78],[24.238,65.812],[24.155,65.805]]],[[[21.994,60.337],[21.921,60.332],[21.819,60.382],[21.806,60.401],[21.846,60.412],[21.819,60.452],[21.827,60.47],[21.907,60.438],[21.95,60.402],[21.908,60.393],[21.98,60.355],[21.994,60.337]]],[[[21.218,63.241],[21.229,63.223],[21.287,63.228],[21.366,63.262],[21.422,63.246],[21.416,63.197],[21.378,63.199],[21.367,63.207],[21.318,63.179],[21.31,63.163],[21.253,63.152],[21.149,63.199],[21.084,63.278],[21.236,63.278],[21.222,63.259],[21.218,63.241]]],[[[22.175,60.371],[22.302,60.348],[22.355,60.356],[22.416,60.303],[22.313,60.27],[22.306,60.229],[22.346,60.203],[22.361,60.166],[22.258,60.166],[22.209,60.197],[22.188,60.237],[22.141,60.265],[22.077,60.286],[22.108,60.315],[22.126,60.356],[22.175,60.371]]],[[[21.451,60.53],[21.437,60.483],[21.369,60.488],[21.3,60.48],[21.244,60.526],[21.215,60.604],[21.225,60.621],[21.268,60.638],[21.301,60.596],[21.451,60.53]]],[[[21.833,60.141],[21.733,60.106],[21.695,60.114],[21.705,60.172],[21.764,60.199],[21.864,60.202],[21.833,60.141]]],[[[21.628,60.108],[21.541,60.098],[21.486,60.127],[21.507,60.148],[21.568,60.172],[21.634,60.169],[21.648,60.141],[21.628,60.108]]],[[[24.848,64.991],[24.699,64.958],[24.579,64.979],[24.577,65.043],[24.651,65.074],[24.786,65.086],[24.971,65.055],[24.998,65.039],[24.892,65.026],[24.848,64.991]]]]}},{"type":"Feature","properties":{"ISO_A2_EH":"EE"},"geometry":{"type":"MultiPolygon","coordinates":[[[[27.352,57.528],[27.327,57.525],[27.187,57.538],[27.033,57.579],[26.966,57.609],[26.9,57.609],[26.82,57.589],[26.533,57.531],[26.462,57.544],[26.298,57.601],[26.215,57.663],[26.03,57.786],[26.015,57.815],[25.991,57.838],[25.794,57.869],[25.721,57.914],[25.66,57.92],[25.571,57.943],[25.34,58.039],[25.283,58.048],[25.269,58.032],[25.273,58.009],[25.258,57.996],[25.229,57.997],[25.175,58.032],[25.111,58.063],[24.911,58.005],[24.839,57.989],[24.776,57.985],[24.459,57.908],[24.363,57.866],[24.323,57.871],[24.332,57.91],[24.464,58.106],[24.488,58.262],[24.536,58.283],[24.55,58.305],[24.529,58.354],[24.392,58.386],[24.337,58.381],[24.287,58.328],[24.236,58.29],[24.115,58.266],[24.011,58.307],[23.768,58.361],[23.706,58.433],[23.692,58.506],[23.563,58.576],[23.509,58.659],[23.531,58.716],[23.647,58.754],[23.681,58.787],[23.534,58.782],[23.504,58.79],[23.497,58.82],[23.432,58.921],[23.49,58.96],[23.515,58.999],[23.468,59.032],[23.48,59.07],[23.517,59.108],[23.494,59.196],[23.641,59.242],[23.783,59.275],[24.083,59.292],[24.054,59.372],[24.175,59.376],[24.38,59.473],[24.584,59.456],[24.878,59.522],[25.444,59.521],[25.521,59.559],[25.507,59.598],[25.509,59.639],[25.616,59.628],[25.794,59.635],[26.461,59.554],[26.625,59.554],[26.852,59.472],[26.975,59.451],[27.336,59.45],[27.893,59.414],[28.002,59.47],[28.013,59.484],[28.066,59.453],[28.133,59.403],[28.151,59.374],[28.128,59.358],[28.061,59.343],[28.046,59.328],[28.016,59.302],[27.938,59.297],[27.898,59.278],[27.85,59.193],[27.758,59.052],[27.622,58.945],[27.513,58.886],[27.464,58.841],[27.434,58.787],[27.427,58.733],[27.531,58.435],[27.53,58.381],[27.506,58.326],[27.488,58.27],[27.502,58.221],[27.571,58.138],[27.644,58.014],[27.673,57.935],[27.722,57.905],[27.769,57.884],[27.779,57.871],[27.777,57.857],[27.753,57.841],[27.542,57.799],[27.515,57.764],[27.492,57.725],[27.4,57.667],[27.372,57.613],[27.354,57.55],[27.352,57.528]]],[[[22.617,58.621],[22.688,58.597],[22.754,58.605],[22.82,58.622],[22.964,58.606],[23.293,58.483],[23.323,58.451],[23.127,58.436],[23.083,58.398],[23.035,58.372],[22.98,58.364],[22.885,58.311],[22.757,58.261],[22.73,58.231],[22.498,58.236],[22.372,58.217],[22.269,58.161],[22.227,58.052],[22.152,57.967],[22.076,57.936],[21.997,57.931],[21.978,57.963],[21.986,57.995],[22.153,58.115],[22.188,58.154],[22.104,58.172],[22.035,58.213],[21.882,58.262],[21.854,58.302],[21.891,58.305],[21.924,58.316],[21.965,58.349],[21.984,58.387],[21.862,58.497],[21.924,58.514],[22.002,58.51],[22.081,58.478],[22.169,58.516],[22.206,58.521],[22.267,58.508],[22.328,58.581],[22.474,58.605],[22.547,58.627],[22.617,58.621]]],[[[22.924,58.827],[22.842,58.777],[22.793,58.797],[22.767,58.821],[22.661,58.709],[22.542,58.69],[22.473,58.712],[22.479,58.754],[22.411,58.863],[22.307,58.895],[22.162,58.898],[22.056,58.944],[22.463,58.974],[22.505,59.026],[22.587,59.081],[22.649,59.087],[22.702,59.074],[22.712,59.032],[22.725,59.015],[22.91,58.991],[22.982,58.92],[23.009,58.834],[22.924,58.827]]],[[[23.344,58.55],[23.26,58.54],[23.063,58.611],[23.109,58.659],[23.165,58.678],[23.333,58.649],[23.356,58.576],[23.344,58.55]]]]}},{"type":"Feature","properties":{"ISO_A2_EH":"DK"},"geometry":{"type":"MultiPolygon","coordinates":[[[[12.569,55.785],[12.571,55.685],[12.545,55.656],[12.507,55.637],[12.407,55.616],[12.321,55.588],[12.243,55.538],[12.215,55.467],[12.275,55.414],[12.385,55.386],[12.413,55.286],[12.322,55.237],[12.09,55.188],[12.066,55.07],[12.073,54.977],[12.069,54.909],[12.05,54.815],[11.862,54.773],[11.741,54.915],[11.74,54.972],[11.704,55.039],[11.697,55.096],[11.654,55.187],[11.476,55.212],[11.407,55.215],[11.31,55.198],[11.286,55.204],[11.171,55.329],[11.19,55.466],[11.128,55.535],[11.12,55.566],[11.121,55.601],[11.07,55.629],[11.009,55.644],[10.979,55.722],[11.05,55.74],[11.224,55.731],[11.275,55.736],[11.322,55.753],[11.464,55.879],[11.46,55.907],[11.475,55.943],[11.628,55.957],[11.696,55.908],[11.682,55.829],[11.691,55.729],[11.784,55.702],[11.82,55.698],[11.858,55.772],[11.885,55.808],[11.922,55.828],[11.935,55.896],[11.913,55.937],[11.866,55.968],[12.04,56.052],[12.219,56.119],[12.323,56.122],[12.428,56.106],[12.526,56.083],[12.579,56.064],[12.608,56.033],[12.543,55.959],[12.525,55.918],[12.569,55.785]]],[[[9.74,54.826],[9.725,54.826],[9.661,54.834],[9.616,54.855],[9.499,54.84],[9.342,54.806],[9.255,54.808],[9.186,54.845],[8.903,54.897],[8.857,54.901],[8.671,54.903],[8.67,54.903],[8.661,54.986],[8.638,55.046],[8.573,55.134],[8.67,55.156],[8.651,55.329],[8.616,55.418],[8.345,55.51],[8.132,55.6],[8.181,55.901],[8.202,55.982],[8.121,56.14],[8.13,56.321],[8.164,56.607],[8.232,56.618],[8.281,56.617],[8.473,56.565],[8.553,56.56],[8.608,56.515],[8.672,56.496],[8.718,56.544],[8.736,56.627],[8.888,56.735],[8.995,56.775],[9.067,56.794],[9.14,56.75],[9.196,56.702],[9.21,56.808],[9.255,57.012],[9.11,57.044],[8.993,57.016],[8.876,56.887],[8.772,56.725],[8.603,56.71],[8.468,56.665],[8.347,56.712],[8.268,56.754],[8.266,56.815],[8.284,56.852],[8.427,56.984],[8.619,57.111],[8.812,57.11],[8.952,57.151],[9.036,57.155],[9.299,57.147],[9.434,57.174],[9.554,57.232],[9.815,57.478],[9.962,57.581],[10.259,57.617],[10.533,57.735],[10.61,57.737],[10.481,57.649],[10.46,57.615],[10.445,57.562],[10.537,57.449],[10.518,57.379],[10.524,57.243],[10.437,57.172],[10.338,57.021],[10.296,56.999],[10.287,56.823],[10.297,56.781],[10.283,56.621],[10.384,56.555],[10.49,56.521],[10.846,56.522],[10.883,56.493],[10.926,56.443],[10.894,56.359],[10.856,56.296],[10.753,56.242],[10.621,56.202],[10.539,56.2],[10.427,56.276],[10.374,56.252],[10.319,56.213],[10.227,56.005],[10.183,55.865],[10.159,55.854],[10.107,55.874],[10.017,55.876],[9.904,55.843],[9.962,55.813],[10.024,55.761],[9.999,55.736],[9.899,55.708],[9.81,55.651],[9.773,55.608],[9.661,55.557],[9.591,55.493],[9.626,55.414],[9.64,55.344],[9.671,55.266],[9.643,55.205],[9.505,55.116],[9.454,55.04],[9.572,55.041],[9.645,55.023],[9.688,55],[9.732,54.968],[9.705,54.928],[9.74,54.826]]],[[[10.645,55.61],[10.687,55.558],[10.738,55.446],[10.819,55.322],[10.785,55.27],[10.808,55.203],[10.785,55.133],[10.624,55.052],[10.443,55.049],[10.255,55.088],[9.989,55.163],[9.967,55.205],[9.93,55.229],[9.859,55.357],[9.861,55.515],[9.994,55.535],[10.286,55.611],[10.354,55.599],[10.424,55.56],[10.505,55.558],[10.623,55.613],[10.645,55.61]]],[[[11.361,54.892],[11.538,54.83],[11.658,54.833],[11.74,54.807],[11.759,54.768],[11.766,54.679],[11.68,54.654],[11.586,54.662],[11.457,54.629],[11.036,54.773],[11.042,54.893],[11.059,54.941],[11.258,54.952],[11.361,54.892]]],[[[10.734,54.751],[10.69,54.745],[10.629,54.826],[10.622,54.851],[10.692,54.903],[10.738,54.962],[10.857,55.052],[10.925,55.158],[10.951,55.156],[10.921,55.062],[10.765,54.8],[10.734,54.751]]],[[[12.549,54.966],[12.511,54.951],[12.358,54.962],[12.184,54.892],[12.119,54.914],[12.144,54.959],[12.162,54.975],[12.22,54.994],[12.259,55.021],[12.274,55.064],[12.31,55.041],[12.417,55.031],[12.47,55.017],[12.513,54.997],[12.549,54.966]]],[[[12.666,55.597],[12.572,55.554],[12.551,55.556],[12.52,55.615],[12.57,55.65],[12.599,55.68],[12.62,55.679],[12.648,55.647],[12.666,55.597]]],[[[10.484,54.848],[10.417,54.837],[10.341,54.859],[10.216,54.941],[10.2,54.963],[10.266,54.949],[10.347,54.906],[10.414,54.897],[10.505,54.861],[10.484,54.848]]],[[[10.061,54.886],[9.957,54.872],[9.904,54.897],[9.806,54.906],[9.771,55.06],[9.781,55.069],[9.83,55.058],[9.999,54.986],[10.058,54.908],[10.061,54.886]]],[[[10.607,55.783],[10.59,55.765],[10.527,55.784],[10.52,55.848],[10.544,55.907],[10.516,55.959],[10.547,55.992],[10.636,55.914],[10.662,55.878],[10.627,55.834],[10.607,55.783]]],[[[11.052,57.253],[11.011,57.229],[10.874,57.262],[10.935,57.309],[11.086,57.33],[11.175,57.323],[11.077,57.277],[11.052,57.253]]],[[[15.088,55.022],[15.051,55.005],[14.886,55.033],[14.684,55.102],[14.714,55.238],[14.765,55.297],[15.133,55.145],[15.137,55.087],[15.088,55.022]]]]}},{"type":"Feature","properties":{"ISO_A2_EH":"CZ"},"geometry":{"type":"Polygon","coordinates":[[[18.832,49.511],[18.807,49.509],[18.75,49.494],[18.676,49.488],[18.596,49.491],[18.535,49.465],[18.476,49.421],[18.416,49.391],[18.383,49.364],[18.365,49.336],[18.161,49.257],[18.133,49.225],[18.11,49.18],[18.1,49.119],[18.086,49.065],[18.051,49.037],[17.941,49.012],[17.913,48.999],[17.893,48.971],[17.831,48.929],[17.758,48.888],[17.625,48.842],[17.483,48.828],[17.297,48.843],[17.188,48.861],[17.136,48.841],[17.063,48.781],[16.985,48.677],[16.953,48.599],[16.928,48.621],[16.884,48.704],[16.833,48.714],[16.764,48.722],[16.713,48.734],[16.601,48.782],[16.544,48.796],[16.478,48.8],[16.415,48.772],[16.367,48.739],[16.219,48.739],[16.057,48.755],[15.825,48.864],[15.765,48.865],[15.701,48.86],[15.599,48.886],[15.403,48.957],[15.311,48.974],[15.253,48.964],[15.2,48.948],[15.162,48.946],[15.14,48.969],[15.067,48.998],[14.993,49.001],[14.972,48.984],[14.947,48.828],[14.923,48.771],[14.822,48.774],[14.786,48.747],[14.707,48.672],[14.691,48.599],[14.554,48.613],[14.489,48.626],[14.431,48.616],[14.368,48.576],[14.19,48.579],[14.049,48.602],[13.989,48.692],[13.924,48.728],[13.843,48.76],[13.815,48.767],[13.77,48.816],[13.685,48.877],[13.548,48.96],[13.441,48.956],[13.401,48.978],[13.384,49.008],[13.339,49.061],[13.289,49.097],[13.228,49.112],[13.141,49.158],[13.024,49.26],[12.917,49.33],[12.813,49.329],[12.748,49.366],[12.681,49.415],[12.632,49.461],[12.556,49.575],[12.5,49.64],[12.457,49.68],[12.408,49.713],[12.391,49.74],[12.45,49.8],[12.472,49.83],[12.498,49.853],[12.513,49.877],[12.512,49.896],[12.458,49.956],[12.384,49.999],[12.276,50.042],[12.208,50.098],[12.183,50.148],[12.175,50.176],[12.128,50.213],[12.09,50.269],[12.09,50.302],[12.099,50.311],[12.135,50.311],[12.175,50.288],[12.231,50.245],[12.277,50.181],[12.306,50.206],[12.359,50.273],[12.453,50.35],[12.549,50.393],[12.636,50.397],[12.706,50.409],[12.765,50.431],[12.868,50.422],[12.943,50.406],[12.967,50.416],[12.997,50.456],[13.016,50.49],[13.181,50.51],[13.238,50.577],[13.27,50.576],[13.306,50.586],[13.341,50.611],[13.375,50.622],[13.401,50.609],[13.436,50.601],[13.473,50.617],[13.527,50.693],[13.557,50.705],[13.701,50.717],[13.899,50.761],[13.998,50.801],[14.096,50.823],[14.202,50.861],[14.369,50.899],[14.377,50.914],[14.299,50.953],[14.273,50.977],[14.256,51.002],[14.283,51.029],[14.32,51.038],[14.367,51.026],[14.507,51.01],[14.546,50.994],[14.56,50.955],[14.595,50.919],[14.624,50.915],[14.614,50.856],[14.658,50.833],[14.723,50.815],[14.767,50.818],[14.797,50.842],[14.809,50.859],[14.896,50.861],[14.983,50.887],[14.99,50.927],[14.984,51.003],[14.994,51.014],[15.126,50.993],[15.259,50.959],[15.277,50.883],[15.313,50.846],[15.354,50.812],[15.395,50.796],[15.464,50.794],[15.644,50.749],[15.731,50.74],[15.819,50.709],[15.894,50.677],[15.949,50.67],[15.974,50.635],[16.007,50.612],[16.066,50.63],[16.282,50.656],[16.36,50.621],[16.413,50.585],[16.42,50.574],[16.392,50.542],[16.379,50.517],[16.357,50.5],[16.283,50.483],[16.241,50.455],[16.21,50.424],[16.231,50.394],[16.291,50.372],[16.334,50.367],[16.35,50.345],[16.488,50.248],[16.597,50.122],[16.639,50.102],[16.679,50.097],[16.725,50.116],[16.779,50.157],[16.842,50.187],[16.895,50.202],[16.99,50.237],[16.993,50.26],[16.915,50.345],[16.869,50.415],[16.88,50.427],[16.981,50.416],[17.152,50.378],[17.415,50.255],[17.462,50.255],[17.555,50.264],[17.655,50.284],[17.702,50.307],[17.72,50.299],[17.735,50.231],[17.709,50.194],[17.589,50.157],[17.596,50.14],[17.627,50.116],[17.681,50.101],[17.747,50.057],[17.792,50.007],[17.831,49.983],[17.875,49.972],[17.984,49.999],[18.015,50.02],[18.028,50.035],[18.05,50.032],[18.088,50.007],[18.099,49.993],[18.205,49.965],[18.266,49.93],[18.305,49.914],[18.348,49.93],[18.516,49.902],[18.562,49.879],[18.577,49.841],[18.569,49.818],[18.595,49.758],[18.807,49.614],[18.829,49.54],[18.832,49.511]]]}},{"type":"Feature","properties":{"ISO_A2_EH":"HR"},"geometry":{"type":"MultiPolygon","coordinates":[[[[13.578,45.517],[13.615,45.477],[13.879,45.428],[13.936,45.45],[13.97,45.483],[13.97,45.503],[13.993,45.509],[14.086,45.478],[14.161,45.485],[14.283,45.487],[14.37,45.481],[14.427,45.506],[14.505,45.595],[14.534,45.645],[14.569,45.657],[14.592,45.651],[14.609,45.61],[14.65,45.571],[14.734,45.508],[14.793,45.478],[14.847,45.467],[14.9,45.493],[14.955,45.5],[15.11,45.451],[15.242,45.441],[15.339,45.467],[15.327,45.502],[15.291,45.542],[15.284,45.58],[15.29,45.613],[15.357,45.646],[15.354,45.66],[15.273,45.718],[15.277,45.733],[15.454,45.798],[15.625,45.834],[15.652,45.862],[15.668,45.904],[15.676,45.984],[15.666,46.048],[15.597,46.109],[15.593,46.14],[15.609,46.172],[15.636,46.201],[15.704,46.213],[15.784,46.234],[15.848,46.258],[15.933,46.278],[16.001,46.305],[16.067,46.371],[16.106,46.382],[16.227,46.373],[16.253,46.389],[16.237,46.484],[16.258,46.508],[16.301,46.521],[16.321,46.535],[16.428,46.524],[16.516,46.5],[16.57,46.485],[16.748,46.416],[16.871,46.339],[16.94,46.254],[17.033,46.187],[17.15,46.14],[17.242,46.077],[17.311,45.996],[17.406,45.951],[17.529,45.941],[17.607,45.914],[17.64,45.868],[17.706,45.827],[17.807,45.79],[17.964,45.77],[18.264,45.765],[18.291,45.764],[18.358,45.753],[18.437,45.767],[18.534,45.796],[18.565,45.813],[18.666,45.907],[18.722,45.899],[18.833,45.911],[18.9,45.932],[18.905,45.932],[18.901,45.908],[18.894,45.866],[18.839,45.836],[18.895,45.767],[18.947,45.656],[18.918,45.601],[18.954,45.558],[19.055,45.527],[19.064,45.515],[19.033,45.502],[19.008,45.466],[19.005,45.4],[19.093,45.337],[19.273,45.278],[19.33,45.268],[19.352,45.245],[19.382,45.231],[19.4,45.213],[19.401,45.189],[19.388,45.173],[19.303,45.167],[19.206,45.168],[19.137,45.196],[19.131,45.175],[19.13,45.152],[19.063,45.137],[19.1,44.974],[19.085,44.927],[19.061,44.911],[19.038,44.918],[19.01,44.919],[18.996,44.904],[19.007,44.869],[18.941,44.865],[18.836,44.883],[18.788,44.915],[18.78,44.947],[18.779,44.977],[18.746,45.027],[18.663,45.077],[18.488,45.086],[18.424,45.102],[18.358,45.121],[18.285,45.134],[18.218,45.133],[18.137,45.119],[17.996,45.142],[17.949,45.112],[17.874,45.077],[17.813,45.078],[17.69,45.158],[17.654,45.163],[17.546,45.123],[17.503,45.12],[17.469,45.133],[17.324,45.164],[17.259,45.171],[17.211,45.156],[17.125,45.172],[16.919,45.277],[16.791,45.197],[16.531,45.217],[16.454,45.162],[16.365,45.058],[16.293,45.009],[16.231,45.027],[16.157,45.072],[16.028,45.19],[15.963,45.211],[15.888,45.216],[15.823,45.203],[15.788,45.179],[15.762,45.008],[15.738,44.856],[15.737,44.766],[15.88,44.682],[16.049,44.538],[16.103,44.521],[16.13,44.474],[16.17,44.352],[16.214,44.215],[16.3,44.125],[16.378,44.06],[16.472,44.003],[16.591,43.913],[16.688,43.815],[16.713,43.779],[16.902,43.649],[17.085,43.517],[17.248,43.47],[17.274,43.446],[17.275,43.344],[17.293,43.306],[17.402,43.199],[17.625,43.043],[17.65,43.007],[17.658,42.98],[17.643,42.96],[17.585,42.938],[17.537,42.962],[17.33,43.115],[17.129,43.211],[16.903,43.392],[16.6,43.464],[16.394,43.543],[16.269,43.531],[16.131,43.506],[16.046,43.506],[15.986,43.52],[15.943,43.569],[15.949,43.607],[15.942,43.657],[15.821,43.736],[15.656,43.811],[15.499,43.909],[15.186,44.172],[15.123,44.257],[15.185,44.273],[15.231,44.271],[15.284,44.289],[15.37,44.289],[15.471,44.272],[15.381,44.328],[15.27,44.383],[14.981,44.603],[14.895,44.707],[14.885,44.818],[14.907,44.971],[14.855,45.081],[14.632,45.223],[14.55,45.298],[14.386,45.342],[14.313,45.338],[14.269,45.283],[14.236,45.16],[14.091,44.998],[14.042,44.927],[13.966,44.836],[13.9,44.829],[13.861,44.837],[13.742,44.992],[13.629,45.108],[13.613,45.163],[13.603,45.231],[13.517,45.482],[13.578,45.517]]],[[[16.651,42.997],[16.836,42.969],[16.971,42.981],[17.094,42.964],[17.17,42.933],[17.188,42.917],[17.089,42.915],[16.978,42.928],[16.851,42.896],[16.739,42.913],[16.696,42.934],[16.666,42.96],[16.651,42.997]]],[[[17.194,43.126],[17.124,43.115],[16.679,43.123],[16.55,43.144],[16.406,43.197],[16.376,43.214],[16.521,43.229],[16.656,43.214],[16.697,43.175],[17.061,43.144],[17.194,43.126]]],[[[16.785,43.271],[16.627,43.268],[16.49,43.286],[16.423,43.317],[16.428,43.343],[16.449,43.387],[16.602,43.382],[16.834,43.351],[16.891,43.315],[16.874,43.298],[16.785,43.271]]],[[[15.231,44.062],[15.247,44.027],[15.122,44.093],[15.075,44.138],[15.066,44.158],[15.231,44.062]]],[[[14.81,44.977],[14.687,44.956],[14.628,44.994],[14.613,45.025],[14.512,45.035],[14.45,45.079],[14.438,45.099],[14.525,45.147],[14.571,45.225],[14.63,45.178],[14.701,45.09],[14.739,45.065],[14.81,44.977]]],[[[14.831,44.759],[14.857,44.715],[14.763,44.755],[14.678,44.77],[14.66,44.8],[14.672,44.824],[14.691,44.848],[14.754,44.845],[14.764,44.821],[14.831,44.759]]],[[[15.188,44.336],[15.163,44.309],[15.098,44.358],[15.039,44.393],[14.996,44.434],[14.913,44.486],[14.885,44.545],[14.76,44.665],[14.742,44.697],[14.804,44.649],[14.855,44.618],[14.898,44.611],[15.006,44.534],[15.113,44.436],[15.24,44.35],[15.214,44.348],[15.188,44.336]]],[[[15.189,43.922],[15.203,43.908],[15.202,43.898],[15.15,43.912],[15.136,43.907],[14.891,44.126],[14.865,44.168],[14.953,44.117],[15.189,43.922]]],[[[15.371,43.974],[15.437,43.9],[15.374,43.915],[15.309,43.961],[15.27,44.011],[15.371,43.974]]],[[[14.488,44.66],[14.48,44.621],[14.42,44.67],[14.389,44.758],[14.312,44.9],[14.303,44.94],[14.342,44.98],[14.34,45.02],[14.286,45.145],[14.331,45.165],[14.358,45.167],[14.369,45.081],[14.394,45.031],[14.467,44.97],[14.453,44.869],[14.468,44.725],[14.483,44.693],[14.488,44.66]]],[[[17.608,42.769],[17.744,42.7],[17.344,42.79],[17.39,42.799],[17.432,42.8],[17.608,42.769]]],[[[18.436,42.56],[18.438,42.523],[18.477,42.481],[18.517,42.433],[18.333,42.528],[18.161,42.634],[17.824,42.797],[17.585,42.837],[17.258,42.968],[17.045,43.015],[17.126,43.026],[17.22,43.026],[17.724,42.851],[17.668,42.897],[17.74,42.915],[17.802,42.902],[17.841,42.845],[17.919,42.807],[18.045,42.741],[18.124,42.691],[18.304,42.599],[18.347,42.587],[18.436,42.56]]]]}},{"type":"Feature","properties":{"ISO_A2_EH":"BG"},"geometry":{"type":"Polygon","coordinates":[[[28.014,41.969],[27.879,41.987],[27.832,41.981],[27.802,41.957],[27.739,41.962],[27.661,41.961],[27.58,41.933],[27.535,41.921],[27.475,41.947],[27.363,42.025],[27.295,42.08],[27.244,42.093],[27.193,42.077],[27.012,42.059],[26.969,42.027],[26.885,41.992],[26.8,41.975],[26.679,41.963],[26.615,41.965],[26.58,41.948],[26.55,41.897],[26.529,41.847],[26.511,41.826],[26.36,41.802],[26.327,41.773],[26.318,41.745],[26.321,41.717],[26.201,41.744],[26.107,41.726],[26.086,41.704],[26.066,41.673],[26.077,41.64],[26.111,41.608],[26.144,41.522],[26.155,41.435],[26.135,41.386],[26.066,41.351],[25.923,41.312],[25.785,41.33],[25.724,41.315],[25.621,41.31],[25.527,41.3],[25.382,41.264],[25.251,41.244],[25.133,41.316],[24.994,41.365],[24.847,41.394],[24.796,41.373],[24.774,41.356],[24.651,41.42],[24.596,41.443],[24.569,41.467],[24.518,41.553],[24.488,41.555],[24.387,41.524],[24.289,41.525],[24.23,41.531],[24.056,41.527],[24.033,41.469],[24.011,41.46],[23.974,41.452],[23.881,41.456],[23.762,41.413],[23.635,41.387],[23.536,41.386],[23.433,41.399],[23.372,41.39],[23.24,41.385],[23.156,41.322],[23.026,41.326],[22.916,41.336],[22.93,41.356],[22.951,41.606],[23.006,41.717],[23.004,41.74],[22.992,41.757],[22.944,41.775],[22.909,41.835],[22.837,41.994],[22.796,42.026],[22.682,42.059],[22.583,42.105],[22.498,42.165],[22.344,42.314],[22.422,42.329],[22.446,42.359],[22.524,42.441],[22.532,42.481],[22.524,42.504],[22.472,42.543],[22.436,42.629],[22.463,42.709],[22.466,42.751],[22.439,42.792],[22.467,42.842],[22.523,42.87],[22.558,42.878],[22.706,42.884],[22.8,42.986],[22.857,43.018],[22.915,43.076],[22.942,43.097],[22.968,43.142],[22.977,43.188],[22.86,43.252],[22.82,43.301],[22.768,43.354],[22.697,43.391],[22.555,43.454],[22.499,43.519],[22.474,43.602],[22.436,43.665],[22.395,43.707],[22.387,43.74],[22.37,43.781],[22.365,43.862],[22.399,43.97],[22.421,44.007],[22.469,44.018],[22.597,44.075],[22.603,44.149],[22.627,44.194],[22.667,44.22],[22.705,44.238],[22.775,44.195],[22.945,44.127],[23.029,44.078],[23.024,44.047],[22.985,44.017],[22.911,43.987],[22.868,43.948],[22.856,43.899],[22.868,43.865],[22.919,43.834],[23.225,43.874],[23.535,43.854],[23.951,43.787],[24.227,43.763],[24.431,43.794],[24.808,43.738],[25.16,43.686],[25.497,43.671],[25.686,43.712],[25.819,43.767],[25.933,43.871],[26.216,44.007],[26.489,44.084],[26.848,44.146],[27.087,44.167],[27.121,44.146],[27.425,44.021],[27.561,44.02],[27.671,43.998],[27.711,43.965],[27.739,43.956],[27.884,43.987],[27.949,43.919],[28.05,43.822],[28.222,43.773],[28.375,43.745],[28.423,43.74],[28.585,43.742],[28.562,43.501],[28.465,43.389],[28.32,43.427],[28.134,43.396],[28.035,43.268],[27.979,43.231],[27.929,43.186],[27.896,43.021],[27.889,42.75],[27.818,42.717],[27.754,42.707],[27.485,42.468],[27.64,42.401],[27.708,42.35],[27.821,42.208],[27.983,42.047],[28.014,41.969]]]}},{"type":"Feature","properties":{"ISO_A2_EH":"BA"},"geometry":{"type":"Polygon","coordinates":[[[19.349,44.881],[19.357,44.859],[19.334,44.781],[19.292,44.697],[19.223,44.61],[19.151,44.527],[19.132,44.484],[19.127,44.415],[19.118,44.36],[19.128,44.33],[19.152,44.303],[19.232,44.281],[19.339,44.226],[19.43,44.154],[19.547,44.073],[19.584,44.043],[19.584,44.011],[19.55,43.987],[19.449,43.978],[19.345,43.985],[19.305,43.993],[19.268,43.983],[19.245,43.965],[19.257,43.943],[19.364,43.845],[19.488,43.704],[19.495,43.643],[19.48,43.595],[19.451,43.562],[19.4,43.568],[19.36,43.593],[19.301,43.592],[19.254,43.584],[19.194,43.533],[19.164,43.535],[19.113,43.528],[19.08,43.518],[19.028,43.533],[18.974,43.542],[18.951,43.527],[18.94,43.497],[18.974,43.442],[19.037,43.357],[19.027,43.292],[18.979,43.285],[18.935,43.339],[18.896,43.348],[18.851,43.346],[18.749,43.284],[18.674,43.231],[18.657,43.194],[18.63,43.154],[18.622,43.125],[18.624,43.028],[18.488,43.012],[18.46,42.998],[18.444,42.968],[18.455,42.844],[18.466,42.777],[18.543,42.674],[18.546,42.642],[18.535,42.62],[18.48,42.579],[18.454,42.565],[18.436,42.56],[18.347,42.587],[18.304,42.599],[18.124,42.691],[18.045,42.741],[17.919,42.807],[17.841,42.845],[17.802,42.902],[17.74,42.915],[17.668,42.897],[17.585,42.938],[17.643,42.96],[17.658,42.98],[17.65,43.007],[17.625,43.043],[17.402,43.199],[17.293,43.306],[17.275,43.344],[17.274,43.446],[17.248,43.47],[17.085,43.517],[16.902,43.649],[16.713,43.779],[16.688,43.815],[16.591,43.913],[16.472,44.003],[16.378,44.06],[16.3,44.125],[16.214,44.215],[16.17,44.352],[16.13,44.474],[16.103,44.521],[16.049,44.538],[15.88,44.682],[15.737,44.766],[15.738,44.856],[15.762,45.008],[15.788,45.179],[15.823,45.203],[15.888,45.216],[15.963,45.211],[16.028,45.19],[16.157,45.072],[16.231,45.027],[16.293,45.009],[16.365,45.058],[16.454,45.162],[16.531,45.217],[16.791,45.197],[16.919,45.277],[17.125,45.172],[17.211,45.156],[17.259,45.171],[17.324,45.164],[17.469,45.133],[17.503,45.12],[17.546,45.123],[17.654,45.163],[17.69,45.158],[17.813,45.078],[17.874,45.077],[17.949,45.112],[17.996,45.142],[18.137,45.119],[18.218,45.133],[18.285,45.134],[18.358,45.121],[18.424,45.102],[18.488,45.086],[18.663,45.077],[18.746,45.027],[18.779,44.977],[18.78,44.947],[18.788,44.915],[18.836,44.883],[18.941,44.865],[19.007,44.869],[19.042,44.871],[19.132,44.9],[19.237,44.914],[19.313,44.897],[19.349,44.881]]]}},{"type":"Feature","properties":{"ISO_A2_EH":"BE"},"geometry":{"type":"Polygon","coordinates":[[[4.226,51.386],[4.304,51.362],[4.374,51.356],[4.404,51.367],[4.385,51.428],[4.441,51.46],[4.503,51.475],[4.532,51.449],[4.589,51.422],[4.634,51.422],[4.756,51.491],[4.784,51.477],[4.811,51.453],[4.816,51.433],[4.821,51.412],[4.848,51.403],[4.944,51.408],[4.993,51.445],[5.031,51.469],[5.059,51.453],[5.073,51.407],[5.1,51.346],[5.214,51.279],[5.311,51.26],[5.43,51.273],[5.477,51.285],[5.509,51.275],[5.54,51.239],[5.609,51.198],[5.752,51.169],[5.796,51.153],[5.827,51.126],[5.818,51.086],[5.75,50.989],[5.741,50.96],[5.75,50.95],[5.737,50.932],[5.648,50.867],[5.639,50.844],[5.669,50.806],[5.694,50.775],[5.694,50.775],[5.747,50.76],[5.797,50.755],[5.892,50.753],[5.994,50.75],[6.006,50.732],[6.119,50.679],[6.154,50.637],[6.236,50.597],[6.168,50.545],[6.179,50.523],[6.203,50.499],[6.295,50.485],[6.341,50.452],[6.344,50.4],[6.364,50.316],[6.175,50.233],[6.121,50.139],[6.117,50.121],[6.11,50.124],[6.089,50.155],[6.055,50.154],[5.976,50.167],[5.867,50.083],[5.817,50.013],[5.788,49.961],[5.744,49.92],[5.735,49.876],[5.741,49.857],[5.726,49.833],[5.725,49.808],[5.788,49.759],[5.804,49.732],[5.88,49.645],[5.857,49.613],[5.838,49.578],[5.815,49.554],[5.79,49.538],[5.71,49.539],[5.61,49.528],[5.542,49.511],[5.507,49.511],[5.435,49.554],[5.354,49.62],[5.302,49.651],[5.279,49.678],[5.215,49.689],[5.124,49.721],[5.061,49.757],[5.007,49.778],[4.931,49.789],[4.868,49.788],[4.849,49.847],[4.842,49.915],[4.79,49.96],[4.861,50.136],[4.819,50.153],[4.773,50.139],[4.707,50.097],[4.675,50.047],[4.656,50.002],[4.545,49.96],[4.369,49.945],[4.176,49.96],[4.149,49.972],[4.137,49.984],[4.137,50],[4.15,50.024],[4.184,50.053],[4.192,50.094],[4.158,50.13],[4.135,50.144],[4.144,50.178],[4.17,50.222],[4.175,50.246],[4.044,50.321],[3.95,50.336],[3.858,50.339],[3.789,50.347],[3.748,50.344],[3.719,50.322],[3.689,50.306],[3.667,50.325],[3.627,50.457],[3.595,50.477],[3.477,50.499],[3.316,50.507],[3.273,50.532],[3.25,50.591],[3.235,50.663],[3.182,50.732],[3.155,50.749],[3.107,50.779],[3.023,50.767],[2.922,50.727],[2.862,50.716],[2.84,50.712],[2.759,50.751],[2.669,50.811],[2.597,50.876],[2.579,50.912],[2.601,50.955],[2.575,50.989],[2.536,51.05],[2.525,51.097],[2.96,51.265],[3.225,51.352],[3.35,51.378],[3.38,51.291],[3.403,51.264],[3.433,51.246],[3.472,51.242],[3.517,51.264],[3.58,51.286],[3.682,51.276],[3.756,51.255],[3.782,51.233],[3.831,51.213],[3.902,51.208],[4.04,51.247],[4.173,51.307],[4.211,51.349],[4.226,51.386]]]}},{"type":"Feature","properties":{"ISO_A2_EH":"BY"},"geometry":{"type":"Polygon","coordinates":[[[31.763,52.101],[31.574,52.108],[31.346,52.105],[31.218,52.05],[31.168,52.063],[31.079,52.077],[30.981,52.046],[30.846,51.953],[30.755,51.895],[30.667,51.814],[30.639,51.77],[30.584,51.689],[30.533,51.596],[30.561,51.531],[30.602,51.471],[30.612,51.406],[30.633,51.355],[30.577,51.318],[30.545,51.265],[30.45,51.274],[30.333,51.326],[30.309,51.4],[30.22,51.451],[30.161,51.478],[30.064,51.482],[29.909,51.458],[29.706,51.44],[29.553,51.435],[29.47,51.408],[29.346,51.383],[29.299,51.413],[29.23,51.497],[29.174,51.581],[29.136,51.617],[29.102,51.628],[29.061,51.625],[29.013,51.599],[28.978,51.572],[28.928,51.562],[28.85,51.54],[28.793,51.51],[28.731,51.433],[28.69,51.439],[28.648,51.457],[28.599,51.543],[28.532,51.562],[28.425,51.564],[28.292,51.582],[28.184,51.608],[28.144,51.602],[28.08,51.565],[28.011,51.56],[27.859,51.592],[27.829,51.577],[27.789,51.529],[27.741,51.483],[27.7,51.478],[27.677,51.49],[27.69,51.572],[27.601,51.602],[27.452,51.606],[27.348,51.594],[27.296,51.597],[27.27,51.614],[27.142,51.752],[27.074,51.761],[26.953,51.754],[26.773,51.771],[26.567,51.802],[26.453,51.813],[26.394,51.844],[26.267,51.855],[25.925,51.914],[25.786,51.924],[25.58,51.925],[25.267,51.938],[25.067,51.931],[24.974,51.911],[24.866,51.899],[24.685,51.888],[24.611,51.89],[24.495,51.883],[24.362,51.868],[24.324,51.838],[24.28,51.775],[24.127,51.665],[23.978,51.591],[23.951,51.585],[23.864,51.624],[23.792,51.637],[23.707,51.641],[23.647,51.629],[23.609,51.61],[23.614,51.525],[23.605,51.518],[23.54,51.619],[23.545,51.71],[23.581,51.762],[23.626,51.809],[23.607,51.88],[23.651,51.973],[23.652,52.04],[23.633,52.07],[23.598,52.103],[23.501,52.14],[23.458,52.17],[23.327,52.208],[23.197,52.257],[23.175,52.287],[23.181,52.307],[23.204,52.338],[23.303,52.428],[23.411,52.516],[23.48,52.552],[23.845,52.664],[23.901,52.704],[23.915,52.77],[23.916,52.819],[23.909,52.905],[23.887,53.028],[23.859,53.112],[23.789,53.271],[23.599,53.599],[23.485,53.94],[23.559,53.92],[23.734,53.912],[23.873,53.936],[23.944,53.939],[24.008,53.932],[24.104,53.945],[24.191,53.95],[24.237,53.92],[24.318,53.893],[24.479,53.932],[24.621,53.98],[24.768,53.975],[24.789,53.998],[24.826,54.119],[24.87,54.145],[25.046,54.133],[25.111,54.155],[25.179,54.214],[25.284,54.251],[25.371,54.251],[25.461,54.293],[25.506,54.265],[25.527,54.215],[25.497,54.175],[25.51,54.16],[25.573,54.14],[25.681,54.14],[25.749,54.157],[25.765,54.18],[25.765,54.221],[25.748,54.26],[25.703,54.293],[25.617,54.31],[25.558,54.311],[25.547,54.332],[25.568,54.377],[25.62,54.46],[25.685,54.536],[25.725,54.564],[25.732,54.59],[25.724,54.636],[25.722,54.718],[25.781,54.833],[25.859,54.919],[25.964,54.947],[26.093,54.962],[26.175,55.003],[26.216,55.05],[26.231,55.09],[26.251,55.125],[26.292,55.14],[26.601,55.13],[26.648,55.204],[26.675,55.225],[26.734,55.247],[26.776,55.273],[26.76,55.293],[26.681,55.306],[26.495,55.318],[26.458,55.342],[26.47,55.372],[26.519,55.448],[26.567,55.546],[26.591,55.623],[26.594,55.668],[26.62,55.68],[26.772,55.694],[26.822,55.709],[26.953,55.813],[27.053,55.831],[27.309,55.804],[27.427,55.806],[27.459,55.804],[27.577,55.799],[27.589,55.809],[27.642,55.912],[27.694,55.942],[27.896,56.076],[28.032,56.133],[28.118,56.146],[28.148,56.143],[28.284,56.056],[28.316,56.053],[28.392,56.087],[28.407,56.089],[28.564,56.092],[28.637,56.062],[28.691,56.003],[28.741,55.955],[28.795,55.943],[28.947,56.002],[29.032,56.022],[29.087,56.021],[29.283,55.968],[29.375,55.939],[29.396,55.912],[29.398,55.881],[29.373,55.835],[29.353,55.784],[29.413,55.725],[29.482,55.685],[29.63,55.751],[29.685,55.77],[29.744,55.77],[29.824,55.795],[29.882,55.832],[29.937,55.845],[30.043,55.836],[30.234,55.845],[30.456,55.787],[30.475,55.769],[30.587,55.7],[30.626,55.666],[30.662,55.655],[30.722,55.622],[30.801,55.601],[30.856,55.608],[30.882,55.596],[30.907,55.57],[30.909,55.525],[30.901,55.397],[30.862,55.36],[30.821,55.33],[30.811,55.307],[30.814,55.279],[30.877,55.223],[30.959,55.138],[30.978,55.088],[30.978,55.05],[30.867,54.941],[30.83,54.915],[30.804,54.861],[30.791,54.806],[30.799,54.783],[30.984,54.696],[31.121,54.648],[31.152,54.625],[31.155,54.611],[31.082,54.517],[31.075,54.492],[31.185,54.453],[31.246,54.392],[31.299,54.292],[31.404,54.196],[31.628,54.111],[31.792,54.056],[31.826,54.031],[31.838,54.001],[31.825,53.935],[31.783,53.855],[31.754,53.81],[31.821,53.792],[31.992,53.797],[32.2,53.781],[32.45,53.693],[32.451,53.653],[32.425,53.617],[32.442,53.579],[32.47,53.547],[32.686,53.448],[32.706,53.419],[32.71,53.371],[32.704,53.336],[32.644,53.329],[32.578,53.312],[32.469,53.27],[32.426,53.211],[32.251,53.128],[32.142,53.091],[32.055,53.089],[31.85,53.106],[31.777,53.147],[31.747,53.184],[31.668,53.201],[31.563,53.202],[31.418,53.196],[31.388,53.185],[31.365,53.139],[31.303,53.061],[31.259,53.017],[31.295,52.99],[31.353,52.933],[31.443,52.862],[31.535,52.798],[31.565,52.759],[31.563,52.731],[31.519,52.699],[31.526,52.633],[31.616,52.546],[31.586,52.532],[31.577,52.426],[31.577,52.312],[31.602,52.285],[31.65,52.262],[31.691,52.221],[31.759,52.126],[31.763,52.101]]]}},{"type":"Feature","properties":{"ISO_A2_EH":"AT"},"geometry":{"type":"Polygon","coordinates":[[[9.528,47.271],[9.609,47.392],[9.626,47.467],[9.554,47.511],[9.524,47.524],[9.549,47.534],[9.651,47.526],[9.715,47.551],[9.749,47.576],[9.839,47.552],[9.972,47.505],[10.034,47.474],[10.06,47.449],[10.074,47.429],[10.066,47.393],[10.096,47.38],[10.159,47.374],[10.2,47.363],[10.186,47.317],[10.183,47.279],[10.241,47.284],[10.313,47.313],[10.369,47.366],[10.404,47.417],[10.43,47.541],[10.439,47.552],[10.483,47.542],[10.659,47.547],[10.742,47.524],[10.873,47.52],[10.871,47.501],[10.894,47.47],[10.952,47.427],[10.981,47.398],[11.042,47.393],[11.136,47.409],[11.191,47.425],[11.212,47.414],[11.298,47.425],[11.374,47.46],[11.393,47.487],[11.47,47.506],[11.574,47.55],[11.717,47.583],[12.186,47.62],[12.204,47.647],[12.197,47.709],[12.209,47.718],[12.268,47.703],[12.363,47.688],[12.436,47.666],[12.483,47.637],[12.527,47.636],[12.594,47.656],[12.686,47.669],[12.771,47.639],[12.796,47.607],[12.781,47.59],[12.783,47.564],[12.809,47.542],[12.879,47.506],[12.968,47.476],[13.014,47.478],[13.032,47.508],[13.048,47.579],[13.054,47.655],[13.034,47.699],[12.986,47.709],[12.928,47.713],[12.898,47.722],[12.908,47.746],[12.954,47.808],[12.954,47.891],[12.85,47.985],[12.76,48.076],[12.76,48.107],[12.814,48.161],[12.897,48.204],[13.082,48.275],[13.14,48.29],[13.215,48.302],[13.323,48.331],[13.375,48.361],[13.409,48.394],[13.46,48.565],[13.472,48.572],[13.487,48.582],[13.675,48.523],[13.692,48.533],[13.724,48.542],[13.785,48.587],[13.799,48.622],[13.797,48.686],[13.803,48.748],[13.815,48.767],[13.843,48.76],[13.924,48.728],[13.989,48.692],[14.049,48.602],[14.19,48.579],[14.368,48.576],[14.431,48.616],[14.489,48.626],[14.554,48.613],[14.691,48.599],[14.707,48.672],[14.786,48.747],[14.822,48.774],[14.923,48.771],[14.947,48.828],[14.972,48.984],[14.993,49.001],[15.067,48.998],[15.14,48.969],[15.162,48.946],[15.2,48.948],[15.253,48.964],[15.311,48.974],[15.403,48.957],[15.599,48.886],[15.701,48.86],[15.765,48.865],[15.825,48.864],[16.057,48.755],[16.219,48.739],[16.367,48.739],[16.415,48.772],[16.478,48.8],[16.544,48.796],[16.601,48.782],[16.713,48.734],[16.764,48.722],[16.833,48.714],[16.884,48.704],[16.928,48.621],[16.953,48.599],[16.949,48.589],[16.943,48.551],[16.904,48.504],[16.863,48.441],[16.865,48.387],[16.973,48.198],[17.068,48.083],[17.086,48.04],[17.147,48.006],[17.089,47.964],[17.078,47.901],[17.04,47.873],[17.03,47.837],[17.046,47.805],[17.046,47.764],[17.067,47.708],[16.973,47.695],[16.863,47.697],[16.823,47.694],[16.786,47.679],[16.748,47.686],[16.647,47.739],[16.591,47.751],[16.551,47.747],[16.521,47.724],[16.47,47.695],[16.421,47.674],[16.432,47.656],[16.64,47.609],[16.677,47.536],[16.637,47.477],[16.623,47.448],[16.574,47.425],[16.515,47.405],[16.443,47.4],[16.434,47.367],[16.463,47.273],[16.44,47.253],[16.417,47.223],[16.438,47.146],[16.483,47.14],[16.493,47.123],[16.485,47.091],[16.477,47.058],[16.461,47.022],[16.453,47.007],[16.424,46.997],[16.332,47.002],[16.253,46.972],[16.093,46.863],[16.037,46.845],[15.977,46.801],[15.98,46.706],[15.972,46.697],[15.958,46.678],[15.767,46.711],[15.76,46.711],[15.633,46.698],[15.545,46.655],[15.439,46.63],[15.217,46.643],[15.001,46.626],[14.949,46.613],[14.893,46.606],[14.841,46.58],[14.811,46.545],[14.757,46.499],[14.68,46.463],[14.597,46.436],[14.577,46.413],[14.55,46.4],[14.504,46.417],[14.466,46.416],[14.42,46.428],[14.267,46.441],[14.1,46.462],[14.02,46.482],[13.929,46.498],[13.831,46.511],[13.744,46.514],[13.7,46.52],[13.49,46.556],[13.352,46.558],[13.169,46.573],[12.806,46.626],[12.7,46.647],[12.599,46.654],[12.479,46.673],[12.388,46.703],[12.33,46.76],[12.268,46.836],[12.154,46.935],[12.131,46.985],[12.166,47.028],[12.201,47.061],[12.197,47.075],[12.169,47.082],[11.97,47.04],[11.776,46.986],[11.699,46.985],[11.625,46.997],[11.528,46.997],[11.433,46.983],[11.244,46.976],[11.134,46.936],[11.063,46.859],[11.025,46.797],[10.993,46.777],[10.927,46.769],[10.829,46.775],[10.76,46.793],[10.689,46.846],[10.58,46.854],[10.479,46.855],[10.453,46.865],[10.455,46.899],[10.415,46.964],[10.349,46.985],[10.18,46.862],[10.133,46.852],[9.997,46.885],[9.878,46.938],[9.865,46.976],[9.845,47.007],[9.745,47.037],[9.62,47.057],[9.58,47.057],[9.596,47.076],[9.611,47.107],[9.601,47.132],[9.572,47.158],[9.556,47.185],[9.551,47.212],[9.542,47.234],[9.537,47.255],[9.528,47.271]]]}},{"type":"Feature","properties":{"ISO_A2_EH":"AD"},"geometry":{"type":"Polygon","coordinates":[[[1.706,42.503],[1.679,42.497],[1.586,42.456],[1.534,42.442],[1.486,42.434],[1.449,42.437],[1.428,42.461],[1.43,42.498],[1.422,42.531],[1.415,42.548],[1.428,42.596],[1.459,42.622],[1.501,42.643],[1.568,42.635],[1.71,42.604],[1.739,42.576],[1.74,42.557],[1.714,42.526],[1.706,42.503]]]}},{"type":"Feature","properties":{"ISO_A2_EH":"AL"},"geometry":{"type":"Polygon","coordinates":[[[19.342,41.869],[19.346,41.919],[19.361,41.998],[19.352,42.024],[19.361,42.069],[19.331,42.129],[19.281,42.173],[19.329,42.249],[19.4,42.342],[19.465,42.415],[19.545,42.492],[19.597,42.565],[19.654,42.629],[19.703,42.648],[19.728,42.635],[19.741,42.607],[19.738,42.525],[19.754,42.497],[19.788,42.476],[19.86,42.486],[19.939,42.507],[20.046,42.55],[20.064,42.547],[20.104,42.525],[20.186,42.426],[20.241,42.339],[20.348,42.309],[20.408,42.275],[20.485,42.223],[20.523,42.171],[20.575,42.013],[20.581,41.917],[20.566,41.874],[20.553,41.862],[20.505,41.706],[20.517,41.627],[20.516,41.575],[20.476,41.554],[20.449,41.521],[20.492,41.391],[20.487,41.336],[20.489,41.273],[20.568,41.128],[20.614,41.083],[20.656,41.062],[20.709,40.928],[20.741,40.905],[20.87,40.918],[20.933,40.903],[20.959,40.872],[20.964,40.85],[20.956,40.775],[20.988,40.718],[21.031,40.659],[21.031,40.622],[21.002,40.563],[20.95,40.494],[20.882,40.468],[20.806,40.445],[20.77,40.392],[20.752,40.335],[20.718,40.293],[20.697,40.246],[20.665,40.152],[20.657,40.117],[20.606,40.083],[20.527,40.069],[20.456,40.066],[20.408,40.049],[20.384,40.017],[20.338,39.991],[20.311,39.979],[20.311,39.951],[20.344,39.891],[20.382,39.842],[20.382,39.803],[20.364,39.792],[20.306,39.797],[20.294,39.782],[20.288,39.739],[20.272,39.701],[20.248,39.678],[20.207,39.654],[20.131,39.662],[20.06,39.699],[20.023,39.711],[20.001,39.709],[19.996,39.801],[19.965,39.872],[19.852,40.044],[19.485,40.21],[19.398,40.285],[19.36,40.348],[19.322,40.407],[19.359,40.409],[19.395,40.394],[19.441,40.376],[19.459,40.405],[19.439,40.47],[19.345,40.622],[19.338,40.664],[19.384,40.791],[19.461,40.933],[19.456,41.106],[19.48,41.236],[19.453,41.321],[19.441,41.425],[19.497,41.563],[19.546,41.597],[19.576,41.64],[19.578,41.788],[19.468,41.856],[19.342,41.869]]]}}]}
